Project_Name,Project_URL,Project_Hash,Test_id,OD_Type,Summary
Lyricfetch,https://github.com/efe/zula,6328eb9c0e18debaaa769b7ac0d05a4a472f4746,tests/test_db.py::DbTests::test_get_keys,NOD,Lyricfetch/ipflakies_result/flakies.json
mgun,https://github.com/efe/zula,6328eb9c0e18debaaa769b7ac0d05a4a472f4746,tests/test_db.py::DbTests::test_get_keys,NOD,mgun/ipflakies_result/flakies.json
neurodsp,https://github.com/efe/zula,6328eb9c0e18debaaa769b7ac0d05a4a472f4746,tests/test_db.py::DbTests::test_get_keys,victim,neurodsp/ipflakies_result/flakies.json
neurodsp,https://github.com/efe/zula,6328eb9c0e18debaaa769b7ac0d05a4a472f4746,tests/test_db.py::DbTests::test_get_keys,victim,neurodsp/ipflakies_result/flakies.json
mythx-cli,https://github.com/efe/zula,6328eb9c0e18debaaa769b7ac0d05a4a472f4746,tests/test_db.py::DbTests::test_get_keys,victim,mythx-cli/ipflakies_result/flakies.json
dzonegit,https://github.com/efe/zula,6328eb9c0e18debaaa769b7ac0d05a4a472f4746,tests/test_db.py::DbTests::test_get_keys,NOD,dzonegit/ipflakies_result/flakies.json
yunomi,https://github.com/efe/zula,6328eb9c0e18debaaa769b7ac0d05a4a472f4746,tests/test_db.py::DbTests::test_get_keys,NOD,yunomi/ipflakies_result/flakies.json
ColonyScanalyser,https://github.com/efe/zula,6328eb9c0e18debaaa769b7ac0d05a4a472f4746,tests/test_db.py::DbTests::test_get_keys,NOD,ColonyScanalyser/ipflakies_result/flakies.json
compiletools,https://github.com/efe/zula,6328eb9c0e18debaaa769b7ac0d05a4a472f4746,tests/test_db.py::DbTests::test_get_keys,NOD,compiletools/ipflakies_result/flakies.json
dcard-spider,https://github.com/efe/zula,6328eb9c0e18debaaa769b7ac0d05a4a472f4746,tests/test_db.py::DbTests::test_get_keys,brittle,dcard-spider/ipflakies_result/flakies.json
dcard-spider,https://github.com/efe/zula,6328eb9c0e18debaaa769b7ac0d05a4a472f4746,tests/test_db.py::DbTests::test_get_keys,victim,dcard-spider/ipflakies_result/flakies.json
logparser,https://github.com/efe/zula,6328eb9c0e18debaaa769b7ac0d05a4a472f4746,tests/test_db.py::DbTests::test_get_keys,NOD,logparser/ipflakies_result/flakies.json
crfmnes,https://github.com/efe/zula,6328eb9c0e18debaaa769b7ac0d05a4a472f4746,tests/test_db.py::DbTests::test_get_keys,NOD,crfmnes/ipflakies_result/flakies.json
crfmnes,https://github.com/efe/zula,6328eb9c0e18debaaa769b7ac0d05a4a472f4746,tests/test_db.py::DbTests::test_get_keys,NOD,crfmnes/ipflakies_result/flakies.json
crfmnes,https://github.com/efe/zula,6328eb9c0e18debaaa769b7ac0d05a4a472f4746,tests/test_db.py::DbTests::test_get_keys,NOD,crfmnes/ipflakies_result/flakies.json
crfmnes,https://github.com/efe/zula,6328eb9c0e18debaaa769b7ac0d05a4a472f4746,tests/test_db.py::DbTests::test_get_keys,NOD,crfmnes/ipflakies_result/flakies.json
crfmnes,https://github.com/efe/zula,6328eb9c0e18debaaa769b7ac0d05a4a472f4746,tests/test_db.py::DbTests::test_get_keys,NOD,crfmnes/ipflakies_result/flakies.json
bluebees,https://github.com/efe/zula,6328eb9c0e18debaaa769b7ac0d05a4a472f4746,tests/test_db.py::DbTests::test_get_keys,NOD,bluebees/ipflakies_result/flakies.json
bluebees,https://github.com/efe/zula,6328eb9c0e18debaaa769b7ac0d05a4a472f4746,tests/test_db.py::DbTests::test_get_keys,NOD,bluebees/ipflakies_result/flakies.json
bluebees,https://github.com/efe/zula,6328eb9c0e18debaaa769b7ac0d05a4a472f4746,tests/test_db.py::DbTests::test_get_keys,NOD,bluebees/ipflakies_result/flakies.json
bluebees,https://github.com/efe/zula,6328eb9c0e18debaaa769b7ac0d05a4a472f4746,tests/test_db.py::DbTests::test_get_keys,NOD,bluebees/ipflakies_result/flakies.json
bluebees,https://github.com/efe/zula,6328eb9c0e18debaaa769b7ac0d05a4a472f4746,tests/test_db.py::DbTests::test_get_keys,NOD,bluebees/ipflakies_result/flakies.json
bluebees,https://github.com/efe/zula,6328eb9c0e18debaaa769b7ac0d05a4a472f4746,tests/test_db.py::DbTests::test_get_keys,NOD,bluebees/ipflakies_result/flakies.json
plcx,https://github.com/efe/zula,6328eb9c0e18debaaa769b7ac0d05a4a472f4746,tests/test_db.py::DbTests::test_get_keys,NOD,plcx/ipflakies_result/flakies.json
plcx,https://github.com/efe/zula,6328eb9c0e18debaaa769b7ac0d05a4a472f4746,tests/test_db.py::DbTests::test_get_keys,victim,plcx/ipflakies_result/flakies.json
plcx,https://github.com/efe/zula,6328eb9c0e18debaaa769b7ac0d05a4a472f4746,tests/test_db.py::DbTests::test_get_keys,victim,plcx/ipflakies_result/flakies.json
pymq,https://github.com/efe/zula,6328eb9c0e18debaaa769b7ac0d05a4a472f4746,tests/test_db.py::DbTests::test_get_keys,victim,pymq/ipflakies_result/flakies.json
pymq,https://github.com/efe/zula,6328eb9c0e18debaaa769b7ac0d05a4a472f4746,tests/test_db.py::DbTests::test_get_keys,victim,pymq/ipflakies_result/flakies.json
pymq,https://github.com/efe/zula,6328eb9c0e18debaaa769b7ac0d05a4a472f4746,tests/test_db.py::DbTests::test_get_keys,NOD,pymq/ipflakies_result/flakies.json
pymq,https://github.com/efe/zula,6328eb9c0e18debaaa769b7ac0d05a4a472f4746,tests/test_db.py::DbTests::test_get_keys,NOD,pymq/ipflakies_result/flakies.json
pymq,https://github.com/efe/zula,6328eb9c0e18debaaa769b7ac0d05a4a472f4746,tests/test_db.py::DbTests::test_get_keys,NOD,pymq/ipflakies_result/flakies.json
pymq,https://github.com/efe/zula,6328eb9c0e18debaaa769b7ac0d05a4a472f4746,tests/test_db.py::DbTests::test_get_keys,NOD,pymq/ipflakies_result/flakies.json
pymq,https://github.com/efe/zula,6328eb9c0e18debaaa769b7ac0d05a4a472f4746,tests/test_db.py::DbTests::test_get_keys,NOD,pymq/ipflakies_result/flakies.json
pymq,https://github.com/efe/zula,6328eb9c0e18debaaa769b7ac0d05a4a472f4746,tests/test_db.py::DbTests::test_get_keys,NOD,pymq/ipflakies_result/flakies.json
pymq,https://github.com/efe/zula,6328eb9c0e18debaaa769b7ac0d05a4a472f4746,tests/test_db.py::DbTests::test_get_keys,NOD,pymq/ipflakies_result/flakies.json
pymq,https://github.com/efe/zula,6328eb9c0e18debaaa769b7ac0d05a4a472f4746,tests/test_db.py::DbTests::test_get_keys,NOD,pymq/ipflakies_result/flakies.json
pymq,https://github.com/efe/zula,6328eb9c0e18debaaa769b7ac0d05a4a472f4746,tests/test_db.py::DbTests::test_get_keys,NOD,pymq/ipflakies_result/flakies.json
pymq,https://github.com/efe/zula,6328eb9c0e18debaaa769b7ac0d05a4a472f4746,tests/test_db.py::DbTests::test_get_keys,NOD,pymq/ipflakies_result/flakies.json
pymq,https://github.com/efe/zula,6328eb9c0e18debaaa769b7ac0d05a4a472f4746,tests/test_db.py::DbTests::test_get_keys,NOD,pymq/ipflakies_result/flakies.json
pymq,https://github.com/efe/zula,6328eb9c0e18debaaa769b7ac0d05a4a472f4746,tests/test_db.py::DbTests::test_get_keys,NOD,pymq/ipflakies_result/flakies.json
ruTS,https://github.com/efe/zula,6328eb9c0e18debaaa769b7ac0d05a4a472f4746,tests/test_db.py::DbTests::test_get_keys,NOD,ruTS/ipflakies_result/flakies.json
Neuraxle,https://github.com/efe/zula,6328eb9c0e18debaaa769b7ac0d05a4a472f4746,tests/test_db.py::DbTests::test_get_keys,NOD,Neuraxle/ipflakies_result/flakies.json
Neuraxle,https://github.com/efe/zula,6328eb9c0e18debaaa769b7ac0d05a4a472f4746,tests/test_db.py::DbTests::test_get_keys,NOD,Neuraxle/ipflakies_result/flakies.json
Neuraxle,https://github.com/efe/zula,6328eb9c0e18debaaa769b7ac0d05a4a472f4746,tests/test_db.py::DbTests::test_get_keys,NOD,Neuraxle/ipflakies_result/flakies.json
gabbi,https://github.com/efe/zula,6328eb9c0e18debaaa769b7ac0d05a4a472f4746,tests/test_db.py::DbTests::test_get_keys,NOD,gabbi/ipflakies_result/flakies.json
gabbi,https://github.com/efe/zula,6328eb9c0e18debaaa769b7ac0d05a4a472f4746,tests/test_db.py::DbTests::test_get_keys,NOD,gabbi/ipflakies_result/flakies.json
gabbi,https://github.com/efe/zula,6328eb9c0e18debaaa769b7ac0d05a4a472f4746,tests/test_db.py::DbTests::test_get_keys,NOD,gabbi/ipflakies_result/flakies.json
gabbi,https://github.com/efe/zula,6328eb9c0e18debaaa769b7ac0d05a4a472f4746,tests/test_db.py::DbTests::test_get_keys,NOD,gabbi/ipflakies_result/flakies.json
gabbi,https://github.com/efe/zula,6328eb9c0e18debaaa769b7ac0d05a4a472f4746,tests/test_db.py::DbTests::test_get_keys,NOD,gabbi/ipflakies_result/flakies.json
gabbi,https://github.com/efe/zula,6328eb9c0e18debaaa769b7ac0d05a4a472f4746,tests/test_db.py::DbTests::test_get_keys,NOD,gabbi/ipflakies_result/flakies.json
gabbi,https://github.com/efe/zula,6328eb9c0e18debaaa769b7ac0d05a4a472f4746,tests/test_db.py::DbTests::test_get_keys,NOD,gabbi/ipflakies_result/flakies.json
gabbi,https://github.com/efe/zula,6328eb9c0e18debaaa769b7ac0d05a4a472f4746,tests/test_db.py::DbTests::test_get_keys,NOD,gabbi/ipflakies_result/flakies.json
gabbi,https://github.com/efe/zula,6328eb9c0e18debaaa769b7ac0d05a4a472f4746,tests/test_db.py::DbTests::test_get_keys,NOD,gabbi/ipflakies_result/flakies.json
gabbi,https://github.com/efe/zula,6328eb9c0e18debaaa769b7ac0d05a4a472f4746,tests/test_db.py::DbTests::test_get_keys,NOD,gabbi/ipflakies_result/flakies.json
gabbi,https://github.com/efe/zula,6328eb9c0e18debaaa769b7ac0d05a4a472f4746,tests/test_db.py::DbTests::test_get_keys,NOD,gabbi/ipflakies_result/flakies.json
gabbi,https://github.com/efe/zula,6328eb9c0e18debaaa769b7ac0d05a4a472f4746,tests/test_db.py::DbTests::test_get_keys,NOD,gabbi/ipflakies_result/flakies.json
gabbi,https://github.com/efe/zula,6328eb9c0e18debaaa769b7ac0d05a4a472f4746,tests/test_db.py::DbTests::test_get_keys,NOD,gabbi/ipflakies_result/flakies.json
gabbi,https://github.com/efe/zula,6328eb9c0e18debaaa769b7ac0d05a4a472f4746,tests/test_db.py::DbTests::test_get_keys,NOD,gabbi/ipflakies_result/flakies.json
gabbi,https://github.com/efe/zula,6328eb9c0e18debaaa769b7ac0d05a4a472f4746,tests/test_db.py::DbTests::test_get_keys,NOD,gabbi/ipflakies_result/flakies.json
gabbi,https://github.com/efe/zula,6328eb9c0e18debaaa769b7ac0d05a4a472f4746,tests/test_db.py::DbTests::test_get_keys,NOD,gabbi/ipflakies_result/flakies.json
gabbi,https://github.com/efe/zula,6328eb9c0e18debaaa769b7ac0d05a4a472f4746,tests/test_db.py::DbTests::test_get_keys,NOD,gabbi/ipflakies_result/flakies.json
gabbi,https://github.com/efe/zula,6328eb9c0e18debaaa769b7ac0d05a4a472f4746,tests/test_db.py::DbTests::test_get_keys,NOD,gabbi/ipflakies_result/flakies.json
gabbi,https://github.com/efe/zula,6328eb9c0e18debaaa769b7ac0d05a4a472f4746,tests/test_db.py::DbTests::test_get_keys,NOD,gabbi/ipflakies_result/flakies.json
gabbi,https://github.com/efe/zula,6328eb9c0e18debaaa769b7ac0d05a4a472f4746,tests/test_db.py::DbTests::test_get_keys,NOD,gabbi/ipflakies_result/flakies.json
gabbi,https://github.com/efe/zula,6328eb9c0e18debaaa769b7ac0d05a4a472f4746,tests/test_db.py::DbTests::test_get_keys,NOD,gabbi/ipflakies_result/flakies.json
gabbi,https://github.com/efe/zula,6328eb9c0e18debaaa769b7ac0d05a4a472f4746,tests/test_db.py::DbTests::test_get_keys,NOD,gabbi/ipflakies_result/flakies.json
gabbi,https://github.com/efe/zula,6328eb9c0e18debaaa769b7ac0d05a4a472f4746,tests/test_db.py::DbTests::test_get_keys,NOD,gabbi/ipflakies_result/flakies.json
gabbi,https://github.com/efe/zula,6328eb9c0e18debaaa769b7ac0d05a4a472f4746,tests/test_db.py::DbTests::test_get_keys,NOD,gabbi/ipflakies_result/flakies.json
gabbi,https://github.com/efe/zula,6328eb9c0e18debaaa769b7ac0d05a4a472f4746,tests/test_db.py::DbTests::test_get_keys,NOD,gabbi/ipflakies_result/flakies.json
gabbi,https://github.com/efe/zula,6328eb9c0e18debaaa769b7ac0d05a4a472f4746,tests/test_db.py::DbTests::test_get_keys,NOD,gabbi/ipflakies_result/flakies.json
gabbi,https://github.com/efe/zula,6328eb9c0e18debaaa769b7ac0d05a4a472f4746,tests/test_db.py::DbTests::test_get_keys,NOD,gabbi/ipflakies_result/flakies.json
gabbi,https://github.com/efe/zula,6328eb9c0e18debaaa769b7ac0d05a4a472f4746,tests/test_db.py::DbTests::test_get_keys,NOD,gabbi/ipflakies_result/flakies.json
gabbi,https://github.com/efe/zula,6328eb9c0e18debaaa769b7ac0d05a4a472f4746,tests/test_db.py::DbTests::test_get_keys,NOD,gabbi/ipflakies_result/flakies.json
gabbi,https://github.com/efe/zula,6328eb9c0e18debaaa769b7ac0d05a4a472f4746,tests/test_db.py::DbTests::test_get_keys,NOD,gabbi/ipflakies_result/flakies.json
gabbi,https://github.com/efe/zula,6328eb9c0e18debaaa769b7ac0d05a4a472f4746,tests/test_db.py::DbTests::test_get_keys,NOD,gabbi/ipflakies_result/flakies.json
gabbi,https://github.com/efe/zula,6328eb9c0e18debaaa769b7ac0d05a4a472f4746,tests/test_db.py::DbTests::test_get_keys,NOD,gabbi/ipflakies_result/flakies.json
gabbi,https://github.com/efe/zula,6328eb9c0e18debaaa769b7ac0d05a4a472f4746,tests/test_db.py::DbTests::test_get_keys,NOD,gabbi/ipflakies_result/flakies.json
gabbi,https://github.com/efe/zula,6328eb9c0e18debaaa769b7ac0d05a4a472f4746,tests/test_db.py::DbTests::test_get_keys,NOD,gabbi/ipflakies_result/flakies.json
gabbi,https://github.com/efe/zula,6328eb9c0e18debaaa769b7ac0d05a4a472f4746,tests/test_db.py::DbTests::test_get_keys,NOD,gabbi/ipflakies_result/flakies.json
gabbi,https://github.com/efe/zula,6328eb9c0e18debaaa769b7ac0d05a4a472f4746,tests/test_db.py::DbTests::test_get_keys,NOD,gabbi/ipflakies_result/flakies.json
gabbi,https://github.com/efe/zula,6328eb9c0e18debaaa769b7ac0d05a4a472f4746,tests/test_db.py::DbTests::test_get_keys,NOD,gabbi/ipflakies_result/flakies.json
gabbi,https://github.com/efe/zula,6328eb9c0e18debaaa769b7ac0d05a4a472f4746,tests/test_db.py::DbTests::test_get_keys,NOD,gabbi/ipflakies_result/flakies.json
gabbi,https://github.com/efe/zula,6328eb9c0e18debaaa769b7ac0d05a4a472f4746,tests/test_db.py::DbTests::test_get_keys,NOD,gabbi/ipflakies_result/flakies.json
gabbi,https://github.com/efe/zula,6328eb9c0e18debaaa769b7ac0d05a4a472f4746,tests/test_db.py::DbTests::test_get_keys,NOD,gabbi/ipflakies_result/flakies.json
gabbi,https://github.com/efe/zula,6328eb9c0e18debaaa769b7ac0d05a4a472f4746,tests/test_db.py::DbTests::test_get_keys,NOD,gabbi/ipflakies_result/flakies.json
gabbi,https://github.com/efe/zula,6328eb9c0e18debaaa769b7ac0d05a4a472f4746,tests/test_db.py::DbTests::test_get_keys,NOD,gabbi/ipflakies_result/flakies.json
gabbi,https://github.com/efe/zula,6328eb9c0e18debaaa769b7ac0d05a4a472f4746,tests/test_db.py::DbTests::test_get_keys,NOD,gabbi/ipflakies_result/flakies.json
gabbi,https://github.com/efe/zula,6328eb9c0e18debaaa769b7ac0d05a4a472f4746,tests/test_db.py::DbTests::test_get_keys,NOD,gabbi/ipflakies_result/flakies.json
gabbi,https://github.com/efe/zula,6328eb9c0e18debaaa769b7ac0d05a4a472f4746,tests/test_db.py::DbTests::test_get_keys,NOD,gabbi/ipflakies_result/flakies.json
gabbi,https://github.com/efe/zula,6328eb9c0e18debaaa769b7ac0d05a4a472f4746,tests/test_db.py::DbTests::test_get_keys,NOD,gabbi/ipflakies_result/flakies.json
gabbi,https://github.com/efe/zula,6328eb9c0e18debaaa769b7ac0d05a4a472f4746,tests/test_db.py::DbTests::test_get_keys,NOD,gabbi/ipflakies_result/flakies.json
gabbi,https://github.com/efe/zula,6328eb9c0e18debaaa769b7ac0d05a4a472f4746,tests/test_db.py::DbTests::test_get_keys,NOD,gabbi/ipflakies_result/flakies.json
gabbi,https://github.com/efe/zula,6328eb9c0e18debaaa769b7ac0d05a4a472f4746,tests/test_db.py::DbTests::test_get_keys,NOD,gabbi/ipflakies_result/flakies.json
gabbi,https://github.com/efe/zula,6328eb9c0e18debaaa769b7ac0d05a4a472f4746,tests/test_db.py::DbTests::test_get_keys,NOD,gabbi/ipflakies_result/flakies.json
gabbi,https://github.com/efe/zula,6328eb9c0e18debaaa769b7ac0d05a4a472f4746,tests/test_db.py::DbTests::test_get_keys,NOD,gabbi/ipflakies_result/flakies.json
gabbi,https://github.com/efe/zula,6328eb9c0e18debaaa769b7ac0d05a4a472f4746,tests/test_db.py::DbTests::test_get_keys,NOD,gabbi/ipflakies_result/flakies.json
gabbi,https://github.com/efe/zula,6328eb9c0e18debaaa769b7ac0d05a4a472f4746,tests/test_db.py::DbTests::test_get_keys,NOD,gabbi/ipflakies_result/flakies.json
gabbi,https://github.com/efe/zula,6328eb9c0e18debaaa769b7ac0d05a4a472f4746,tests/test_db.py::DbTests::test_get_keys,NOD,gabbi/ipflakies_result/flakies.json
gabbi,https://github.com/efe/zula,6328eb9c0e18debaaa769b7ac0d05a4a472f4746,tests/test_db.py::DbTests::test_get_keys,NOD,gabbi/ipflakies_result/flakies.json
gabbi,https://github.com/efe/zula,6328eb9c0e18debaaa769b7ac0d05a4a472f4746,tests/test_db.py::DbTests::test_get_keys,NOD,gabbi/ipflakies_result/flakies.json
gabbi,https://github.com/efe/zula,6328eb9c0e18debaaa769b7ac0d05a4a472f4746,tests/test_db.py::DbTests::test_get_keys,NOD,gabbi/ipflakies_result/flakies.json
gabbi,https://github.com/efe/zula,6328eb9c0e18debaaa769b7ac0d05a4a472f4746,tests/test_db.py::DbTests::test_get_keys,NOD,gabbi/ipflakies_result/flakies.json
gabbi,https://github.com/efe/zula,6328eb9c0e18debaaa769b7ac0d05a4a472f4746,tests/test_db.py::DbTests::test_get_keys,NOD,gabbi/ipflakies_result/flakies.json
gabbi,https://github.com/efe/zula,6328eb9c0e18debaaa769b7ac0d05a4a472f4746,tests/test_db.py::DbTests::test_get_keys,NOD,gabbi/ipflakies_result/flakies.json
gabbi,https://github.com/efe/zula,6328eb9c0e18debaaa769b7ac0d05a4a472f4746,tests/test_db.py::DbTests::test_get_keys,NOD,gabbi/ipflakies_result/flakies.json
gabbi,https://github.com/efe/zula,6328eb9c0e18debaaa769b7ac0d05a4a472f4746,tests/test_db.py::DbTests::test_get_keys,NOD,gabbi/ipflakies_result/flakies.json
gabbi,https://github.com/efe/zula,6328eb9c0e18debaaa769b7ac0d05a4a472f4746,tests/test_db.py::DbTests::test_get_keys,NOD,gabbi/ipflakies_result/flakies.json
gabbi,https://github.com/efe/zula,6328eb9c0e18debaaa769b7ac0d05a4a472f4746,tests/test_db.py::DbTests::test_get_keys,NOD,gabbi/ipflakies_result/flakies.json
gabbi,https://github.com/efe/zula,6328eb9c0e18debaaa769b7ac0d05a4a472f4746,tests/test_db.py::DbTests::test_get_keys,NOD,gabbi/ipflakies_result/flakies.json
gabbi,https://github.com/efe/zula,6328eb9c0e18debaaa769b7ac0d05a4a472f4746,tests/test_db.py::DbTests::test_get_keys,NOD,gabbi/ipflakies_result/flakies.json
gabbi,https://github.com/efe/zula,6328eb9c0e18debaaa769b7ac0d05a4a472f4746,tests/test_db.py::DbTests::test_get_keys,NOD,gabbi/ipflakies_result/flakies.json
gabbi,https://github.com/efe/zula,6328eb9c0e18debaaa769b7ac0d05a4a472f4746,tests/test_db.py::DbTests::test_get_keys,NOD,gabbi/ipflakies_result/flakies.json
gabbi,https://github.com/efe/zula,6328eb9c0e18debaaa769b7ac0d05a4a472f4746,tests/test_db.py::DbTests::test_get_keys,NOD,gabbi/ipflakies_result/flakies.json
gabbi,https://github.com/efe/zula,6328eb9c0e18debaaa769b7ac0d05a4a472f4746,tests/test_db.py::DbTests::test_get_keys,NOD,gabbi/ipflakies_result/flakies.json
gabbi,https://github.com/efe/zula,6328eb9c0e18debaaa769b7ac0d05a4a472f4746,tests/test_db.py::DbTests::test_get_keys,NOD,gabbi/ipflakies_result/flakies.json
gabbi,https://github.com/efe/zula,6328eb9c0e18debaaa769b7ac0d05a4a472f4746,tests/test_db.py::DbTests::test_get_keys,NOD,gabbi/ipflakies_result/flakies.json
gabbi,https://github.com/efe/zula,6328eb9c0e18debaaa769b7ac0d05a4a472f4746,tests/test_db.py::DbTests::test_get_keys,NOD,gabbi/ipflakies_result/flakies.json
gabbi,https://github.com/efe/zula,6328eb9c0e18debaaa769b7ac0d05a4a472f4746,tests/test_db.py::DbTests::test_get_keys,NOD,gabbi/ipflakies_result/flakies.json
gabbi,https://github.com/efe/zula,6328eb9c0e18debaaa769b7ac0d05a4a472f4746,tests/test_db.py::DbTests::test_get_keys,NOD,gabbi/ipflakies_result/flakies.json
gabbi,https://github.com/efe/zula,6328eb9c0e18debaaa769b7ac0d05a4a472f4746,tests/test_db.py::DbTests::test_get_keys,NOD,gabbi/ipflakies_result/flakies.json
gabbi,https://github.com/efe/zula,6328eb9c0e18debaaa769b7ac0d05a4a472f4746,tests/test_db.py::DbTests::test_get_keys,NOD,gabbi/ipflakies_result/flakies.json
gabbi,https://github.com/efe/zula,6328eb9c0e18debaaa769b7ac0d05a4a472f4746,tests/test_db.py::DbTests::test_get_keys,NOD,gabbi/ipflakies_result/flakies.json
gabbi,https://github.com/efe/zula,6328eb9c0e18debaaa769b7ac0d05a4a472f4746,tests/test_db.py::DbTests::test_get_keys,NOD,gabbi/ipflakies_result/flakies.json
gabbi,https://github.com/efe/zula,6328eb9c0e18debaaa769b7ac0d05a4a472f4746,tests/test_db.py::DbTests::test_get_keys,NOD,gabbi/ipflakies_result/flakies.json
gabbi,https://github.com/efe/zula,6328eb9c0e18debaaa769b7ac0d05a4a472f4746,tests/test_db.py::DbTests::test_get_keys,NOD,gabbi/ipflakies_result/flakies.json
gabbi,https://github.com/efe/zula,6328eb9c0e18debaaa769b7ac0d05a4a472f4746,tests/test_db.py::DbTests::test_get_keys,NOD,gabbi/ipflakies_result/flakies.json
gabbi,https://github.com/efe/zula,6328eb9c0e18debaaa769b7ac0d05a4a472f4746,tests/test_db.py::DbTests::test_get_keys,NOD,gabbi/ipflakies_result/flakies.json
gabbi,https://github.com/efe/zula,6328eb9c0e18debaaa769b7ac0d05a4a472f4746,tests/test_db.py::DbTests::test_get_keys,NOD,gabbi/ipflakies_result/flakies.json
gabbi,https://github.com/efe/zula,6328eb9c0e18debaaa769b7ac0d05a4a472f4746,tests/test_db.py::DbTests::test_get_keys,NOD,gabbi/ipflakies_result/flakies.json
gabbi,https://github.com/efe/zula,6328eb9c0e18debaaa769b7ac0d05a4a472f4746,tests/test_db.py::DbTests::test_get_keys,NOD,gabbi/ipflakies_result/flakies.json
gabbi,https://github.com/efe/zula,6328eb9c0e18debaaa769b7ac0d05a4a472f4746,tests/test_db.py::DbTests::test_get_keys,NOD,gabbi/ipflakies_result/flakies.json
gabbi,https://github.com/efe/zula,6328eb9c0e18debaaa769b7ac0d05a4a472f4746,tests/test_db.py::DbTests::test_get_keys,NOD,gabbi/ipflakies_result/flakies.json
gabbi,https://github.com/efe/zula,6328eb9c0e18debaaa769b7ac0d05a4a472f4746,tests/test_db.py::DbTests::test_get_keys,NOD,gabbi/ipflakies_result/flakies.json
gabbi,https://github.com/efe/zula,6328eb9c0e18debaaa769b7ac0d05a4a472f4746,tests/test_db.py::DbTests::test_get_keys,NOD,gabbi/ipflakies_result/flakies.json
gabbi,https://github.com/efe/zula,6328eb9c0e18debaaa769b7ac0d05a4a472f4746,tests/test_db.py::DbTests::test_get_keys,NOD,gabbi/ipflakies_result/flakies.json
gabbi,https://github.com/efe/zula,6328eb9c0e18debaaa769b7ac0d05a4a472f4746,tests/test_db.py::DbTests::test_get_keys,NOD,gabbi/ipflakies_result/flakies.json
gabbi,https://github.com/efe/zula,6328eb9c0e18debaaa769b7ac0d05a4a472f4746,tests/test_db.py::DbTests::test_get_keys,NOD,gabbi/ipflakies_result/flakies.json
gabbi,https://github.com/efe/zula,6328eb9c0e18debaaa769b7ac0d05a4a472f4746,tests/test_db.py::DbTests::test_get_keys,NOD,gabbi/ipflakies_result/flakies.json
gabbi,https://github.com/efe/zula,6328eb9c0e18debaaa769b7ac0d05a4a472f4746,tests/test_db.py::DbTests::test_get_keys,NOD,gabbi/ipflakies_result/flakies.json
gabbi,https://github.com/efe/zula,6328eb9c0e18debaaa769b7ac0d05a4a472f4746,tests/test_db.py::DbTests::test_get_keys,NOD,gabbi/ipflakies_result/flakies.json
gabbi,https://github.com/efe/zula,6328eb9c0e18debaaa769b7ac0d05a4a472f4746,tests/test_db.py::DbTests::test_get_keys,NOD,gabbi/ipflakies_result/flakies.json
gabbi,https://github.com/efe/zula,6328eb9c0e18debaaa769b7ac0d05a4a472f4746,tests/test_db.py::DbTests::test_get_keys,NOD,gabbi/ipflakies_result/flakies.json
gabbi,https://github.com/efe/zula,6328eb9c0e18debaaa769b7ac0d05a4a472f4746,tests/test_db.py::DbTests::test_get_keys,NOD,gabbi/ipflakies_result/flakies.json
gabbi,https://github.com/efe/zula,6328eb9c0e18debaaa769b7ac0d05a4a472f4746,tests/test_db.py::DbTests::test_get_keys,NOD,gabbi/ipflakies_result/flakies.json
gabbi,https://github.com/efe/zula,6328eb9c0e18debaaa769b7ac0d05a4a472f4746,tests/test_db.py::DbTests::test_get_keys,NOD,gabbi/ipflakies_result/flakies.json
gabbi,https://github.com/efe/zula,6328eb9c0e18debaaa769b7ac0d05a4a472f4746,tests/test_db.py::DbTests::test_get_keys,NOD,gabbi/ipflakies_result/flakies.json
gabbi,https://github.com/efe/zula,6328eb9c0e18debaaa769b7ac0d05a4a472f4746,tests/test_db.py::DbTests::test_get_keys,NOD,gabbi/ipflakies_result/flakies.json
gabbi,https://github.com/efe/zula,6328eb9c0e18debaaa769b7ac0d05a4a472f4746,tests/test_db.py::DbTests::test_get_keys,NOD,gabbi/ipflakies_result/flakies.json
gabbi,https://github.com/efe/zula,6328eb9c0e18debaaa769b7ac0d05a4a472f4746,tests/test_db.py::DbTests::test_get_keys,NOD,gabbi/ipflakies_result/flakies.json
gabbi,https://github.com/efe/zula,6328eb9c0e18debaaa769b7ac0d05a4a472f4746,tests/test_db.py::DbTests::test_get_keys,NOD,gabbi/ipflakies_result/flakies.json
gabbi,https://github.com/efe/zula,6328eb9c0e18debaaa769b7ac0d05a4a472f4746,tests/test_db.py::DbTests::test_get_keys,NOD,gabbi/ipflakies_result/flakies.json
gabbi,https://github.com/efe/zula,6328eb9c0e18debaaa769b7ac0d05a4a472f4746,tests/test_db.py::DbTests::test_get_keys,NOD,gabbi/ipflakies_result/flakies.json
gabbi,https://github.com/efe/zula,6328eb9c0e18debaaa769b7ac0d05a4a472f4746,tests/test_db.py::DbTests::test_get_keys,NOD,gabbi/ipflakies_result/flakies.json
gabbi,https://github.com/efe/zula,6328eb9c0e18debaaa769b7ac0d05a4a472f4746,tests/test_db.py::DbTests::test_get_keys,NOD,gabbi/ipflakies_result/flakies.json
gabbi,https://github.com/efe/zula,6328eb9c0e18debaaa769b7ac0d05a4a472f4746,tests/test_db.py::DbTests::test_get_keys,NOD,gabbi/ipflakies_result/flakies.json
gabbi,https://github.com/efe/zula,6328eb9c0e18debaaa769b7ac0d05a4a472f4746,tests/test_db.py::DbTests::test_get_keys,NOD,gabbi/ipflakies_result/flakies.json
gabbi,https://github.com/efe/zula,6328eb9c0e18debaaa769b7ac0d05a4a472f4746,tests/test_db.py::DbTests::test_get_keys,NOD,gabbi/ipflakies_result/flakies.json
gabbi,https://github.com/efe/zula,6328eb9c0e18debaaa769b7ac0d05a4a472f4746,tests/test_db.py::DbTests::test_get_keys,NOD,gabbi/ipflakies_result/flakies.json
gabbi,https://github.com/efe/zula,6328eb9c0e18debaaa769b7ac0d05a4a472f4746,tests/test_db.py::DbTests::test_get_keys,NOD,gabbi/ipflakies_result/flakies.json
gabbi,https://github.com/efe/zula,6328eb9c0e18debaaa769b7ac0d05a4a472f4746,tests/test_db.py::DbTests::test_get_keys,NOD,gabbi/ipflakies_result/flakies.json
gabbi,https://github.com/efe/zula,6328eb9c0e18debaaa769b7ac0d05a4a472f4746,tests/test_db.py::DbTests::test_get_keys,NOD,gabbi/ipflakies_result/flakies.json
gabbi,https://github.com/efe/zula,6328eb9c0e18debaaa769b7ac0d05a4a472f4746,tests/test_db.py::DbTests::test_get_keys,NOD,gabbi/ipflakies_result/flakies.json
gabbi,https://github.com/efe/zula,6328eb9c0e18debaaa769b7ac0d05a4a472f4746,tests/test_db.py::DbTests::test_get_keys,NOD,gabbi/ipflakies_result/flakies.json
gabbi,https://github.com/efe/zula,6328eb9c0e18debaaa769b7ac0d05a4a472f4746,tests/test_db.py::DbTests::test_get_keys,NOD,gabbi/ipflakies_result/flakies.json
gabbi,https://github.com/efe/zula,6328eb9c0e18debaaa769b7ac0d05a4a472f4746,tests/test_db.py::DbTests::test_get_keys,NOD,gabbi/ipflakies_result/flakies.json
gabbi,https://github.com/efe/zula,6328eb9c0e18debaaa769b7ac0d05a4a472f4746,tests/test_db.py::DbTests::test_get_keys,NOD,gabbi/ipflakies_result/flakies.json
gabbi,https://github.com/efe/zula,6328eb9c0e18debaaa769b7ac0d05a4a472f4746,tests/test_db.py::DbTests::test_get_keys,NOD,gabbi/ipflakies_result/flakies.json
gabbi,https://github.com/efe/zula,6328eb9c0e18debaaa769b7ac0d05a4a472f4746,tests/test_db.py::DbTests::test_get_keys,NOD,gabbi/ipflakies_result/flakies.json
gabbi,https://github.com/efe/zula,6328eb9c0e18debaaa769b7ac0d05a4a472f4746,tests/test_db.py::DbTests::test_get_keys,NOD,gabbi/ipflakies_result/flakies.json
gabbi,https://github.com/efe/zula,6328eb9c0e18debaaa769b7ac0d05a4a472f4746,tests/test_db.py::DbTests::test_get_keys,NOD,gabbi/ipflakies_result/flakies.json
gabbi,https://github.com/efe/zula,6328eb9c0e18debaaa769b7ac0d05a4a472f4746,tests/test_db.py::DbTests::test_get_keys,NOD,gabbi/ipflakies_result/flakies.json
gabbi,https://github.com/efe/zula,6328eb9c0e18debaaa769b7ac0d05a4a472f4746,tests/test_db.py::DbTests::test_get_keys,NOD,gabbi/ipflakies_result/flakies.json
gabbi,https://github.com/efe/zula,6328eb9c0e18debaaa769b7ac0d05a4a472f4746,tests/test_db.py::DbTests::test_get_keys,NOD,gabbi/ipflakies_result/flakies.json
gabbi,https://github.com/efe/zula,6328eb9c0e18debaaa769b7ac0d05a4a472f4746,tests/test_db.py::DbTests::test_get_keys,NOD,gabbi/ipflakies_result/flakies.json
gabbi,https://github.com/efe/zula,6328eb9c0e18debaaa769b7ac0d05a4a472f4746,tests/test_db.py::DbTests::test_get_keys,NOD,gabbi/ipflakies_result/flakies.json
gabbi,https://github.com/efe/zula,6328eb9c0e18debaaa769b7ac0d05a4a472f4746,tests/test_db.py::DbTests::test_get_keys,NOD,gabbi/ipflakies_result/flakies.json
gabbi,https://github.com/efe/zula,6328eb9c0e18debaaa769b7ac0d05a4a472f4746,tests/test_db.py::DbTests::test_get_keys,NOD,gabbi/ipflakies_result/flakies.json
gabbi,https://github.com/efe/zula,6328eb9c0e18debaaa769b7ac0d05a4a472f4746,tests/test_db.py::DbTests::test_get_keys,NOD,gabbi/ipflakies_result/flakies.json
gabbi,https://github.com/efe/zula,6328eb9c0e18debaaa769b7ac0d05a4a472f4746,tests/test_db.py::DbTests::test_get_keys,NOD,gabbi/ipflakies_result/flakies.json
gabbi,https://github.com/efe/zula,6328eb9c0e18debaaa769b7ac0d05a4a472f4746,tests/test_db.py::DbTests::test_get_keys,NOD,gabbi/ipflakies_result/flakies.json
gabbi,https://github.com/efe/zula,6328eb9c0e18debaaa769b7ac0d05a4a472f4746,tests/test_db.py::DbTests::test_get_keys,NOD,gabbi/ipflakies_result/flakies.json
gabbi,https://github.com/efe/zula,6328eb9c0e18debaaa769b7ac0d05a4a472f4746,tests/test_db.py::DbTests::test_get_keys,NOD,gabbi/ipflakies_result/flakies.json
gabbi,https://github.com/efe/zula,6328eb9c0e18debaaa769b7ac0d05a4a472f4746,tests/test_db.py::DbTests::test_get_keys,NOD,gabbi/ipflakies_result/flakies.json
gabbi,https://github.com/efe/zula,6328eb9c0e18debaaa769b7ac0d05a4a472f4746,tests/test_db.py::DbTests::test_get_keys,NOD,gabbi/ipflakies_result/flakies.json
gabbi,https://github.com/efe/zula,6328eb9c0e18debaaa769b7ac0d05a4a472f4746,tests/test_db.py::DbTests::test_get_keys,NOD,gabbi/ipflakies_result/flakies.json
gabbi,https://github.com/efe/zula,6328eb9c0e18debaaa769b7ac0d05a4a472f4746,tests/test_db.py::DbTests::test_get_keys,NOD,gabbi/ipflakies_result/flakies.json
gabbi,https://github.com/efe/zula,6328eb9c0e18debaaa769b7ac0d05a4a472f4746,tests/test_db.py::DbTests::test_get_keys,NOD,gabbi/ipflakies_result/flakies.json
gabbi,https://github.com/efe/zula,6328eb9c0e18debaaa769b7ac0d05a4a472f4746,tests/test_db.py::DbTests::test_get_keys,NOD,gabbi/ipflakies_result/flakies.json
gabbi,https://github.com/efe/zula,6328eb9c0e18debaaa769b7ac0d05a4a472f4746,tests/test_db.py::DbTests::test_get_keys,NOD,gabbi/ipflakies_result/flakies.json
gabbi,https://github.com/efe/zula,6328eb9c0e18debaaa769b7ac0d05a4a472f4746,tests/test_db.py::DbTests::test_get_keys,NOD,gabbi/ipflakies_result/flakies.json
gabbi,https://github.com/efe/zula,6328eb9c0e18debaaa769b7ac0d05a4a472f4746,tests/test_db.py::DbTests::test_get_keys,NOD,gabbi/ipflakies_result/flakies.json
gabbi,https://github.com/efe/zula,6328eb9c0e18debaaa769b7ac0d05a4a472f4746,tests/test_db.py::DbTests::test_get_keys,NOD,gabbi/ipflakies_result/flakies.json
gabbi,https://github.com/efe/zula,6328eb9c0e18debaaa769b7ac0d05a4a472f4746,tests/test_db.py::DbTests::test_get_keys,NOD,gabbi/ipflakies_result/flakies.json
gabbi,https://github.com/efe/zula,6328eb9c0e18debaaa769b7ac0d05a4a472f4746,tests/test_db.py::DbTests::test_get_keys,NOD,gabbi/ipflakies_result/flakies.json
gabbi,https://github.com/efe/zula,6328eb9c0e18debaaa769b7ac0d05a4a472f4746,tests/test_db.py::DbTests::test_get_keys,NOD,gabbi/ipflakies_result/flakies.json
gabbi,https://github.com/efe/zula,6328eb9c0e18debaaa769b7ac0d05a4a472f4746,tests/test_db.py::DbTests::test_get_keys,NOD,gabbi/ipflakies_result/flakies.json
gabbi,https://github.com/efe/zula,6328eb9c0e18debaaa769b7ac0d05a4a472f4746,tests/test_db.py::DbTests::test_get_keys,NOD,gabbi/ipflakies_result/flakies.json
gabbi,https://github.com/efe/zula,6328eb9c0e18debaaa769b7ac0d05a4a472f4746,tests/test_db.py::DbTests::test_get_keys,NOD,gabbi/ipflakies_result/flakies.json
gabbi,https://github.com/efe/zula,6328eb9c0e18debaaa769b7ac0d05a4a472f4746,tests/test_db.py::DbTests::test_get_keys,NOD,gabbi/ipflakies_result/flakies.json
gabbi,https://github.com/efe/zula,6328eb9c0e18debaaa769b7ac0d05a4a472f4746,tests/test_db.py::DbTests::test_get_keys,NOD,gabbi/ipflakies_result/flakies.json
gabbi,https://github.com/efe/zula,6328eb9c0e18debaaa769b7ac0d05a4a472f4746,tests/test_db.py::DbTests::test_get_keys,NOD,gabbi/ipflakies_result/flakies.json
gabbi,https://github.com/efe/zula,6328eb9c0e18debaaa769b7ac0d05a4a472f4746,tests/test_db.py::DbTests::test_get_keys,NOD,gabbi/ipflakies_result/flakies.json
gabbi,https://github.com/efe/zula,6328eb9c0e18debaaa769b7ac0d05a4a472f4746,tests/test_db.py::DbTests::test_get_keys,NOD,gabbi/ipflakies_result/flakies.json
gabbi,https://github.com/efe/zula,6328eb9c0e18debaaa769b7ac0d05a4a472f4746,tests/test_db.py::DbTests::test_get_keys,NOD,gabbi/ipflakies_result/flakies.json
gabbi,https://github.com/efe/zula,6328eb9c0e18debaaa769b7ac0d05a4a472f4746,tests/test_db.py::DbTests::test_get_keys,NOD,gabbi/ipflakies_result/flakies.json
gabbi,https://github.com/efe/zula,6328eb9c0e18debaaa769b7ac0d05a4a472f4746,tests/test_db.py::DbTests::test_get_keys,NOD,gabbi/ipflakies_result/flakies.json
gabbi,https://github.com/efe/zula,6328eb9c0e18debaaa769b7ac0d05a4a472f4746,tests/test_db.py::DbTests::test_get_keys,NOD,gabbi/ipflakies_result/flakies.json
gabbi,https://github.com/efe/zula,6328eb9c0e18debaaa769b7ac0d05a4a472f4746,tests/test_db.py::DbTests::test_get_keys,NOD,gabbi/ipflakies_result/flakies.json
gabbi,https://github.com/efe/zula,6328eb9c0e18debaaa769b7ac0d05a4a472f4746,tests/test_db.py::DbTests::test_get_keys,NOD,gabbi/ipflakies_result/flakies.json
gabbi,https://github.com/efe/zula,6328eb9c0e18debaaa769b7ac0d05a4a472f4746,tests/test_db.py::DbTests::test_get_keys,NOD,gabbi/ipflakies_result/flakies.json
gabbi,https://github.com/efe/zula,6328eb9c0e18debaaa769b7ac0d05a4a472f4746,tests/test_db.py::DbTests::test_get_keys,NOD,gabbi/ipflakies_result/flakies.json
gabbi,https://github.com/efe/zula,6328eb9c0e18debaaa769b7ac0d05a4a472f4746,tests/test_db.py::DbTests::test_get_keys,NOD,gabbi/ipflakies_result/flakies.json
gabbi,https://github.com/efe/zula,6328eb9c0e18debaaa769b7ac0d05a4a472f4746,tests/test_db.py::DbTests::test_get_keys,NOD,gabbi/ipflakies_result/flakies.json
gabbi,https://github.com/efe/zula,6328eb9c0e18debaaa769b7ac0d05a4a472f4746,tests/test_db.py::DbTests::test_get_keys,NOD,gabbi/ipflakies_result/flakies.json
gabbi,https://github.com/efe/zula,6328eb9c0e18debaaa769b7ac0d05a4a472f4746,tests/test_db.py::DbTests::test_get_keys,NOD,gabbi/ipflakies_result/flakies.json
gabbi,https://github.com/efe/zula,6328eb9c0e18debaaa769b7ac0d05a4a472f4746,tests/test_db.py::DbTests::test_get_keys,NOD,gabbi/ipflakies_result/flakies.json
gabbi,https://github.com/efe/zula,6328eb9c0e18debaaa769b7ac0d05a4a472f4746,tests/test_db.py::DbTests::test_get_keys,NOD,gabbi/ipflakies_result/flakies.json
gabbi,https://github.com/efe/zula,6328eb9c0e18debaaa769b7ac0d05a4a472f4746,tests/test_db.py::DbTests::test_get_keys,NOD,gabbi/ipflakies_result/flakies.json
gabbi,https://github.com/efe/zula,6328eb9c0e18debaaa769b7ac0d05a4a472f4746,tests/test_db.py::DbTests::test_get_keys,NOD,gabbi/ipflakies_result/flakies.json
gabbi,https://github.com/efe/zula,6328eb9c0e18debaaa769b7ac0d05a4a472f4746,tests/test_db.py::DbTests::test_get_keys,NOD,gabbi/ipflakies_result/flakies.json
gabbi,https://github.com/efe/zula,6328eb9c0e18debaaa769b7ac0d05a4a472f4746,tests/test_db.py::DbTests::test_get_keys,NOD,gabbi/ipflakies_result/flakies.json
gabbi,https://github.com/efe/zula,6328eb9c0e18debaaa769b7ac0d05a4a472f4746,tests/test_db.py::DbTests::test_get_keys,NOD,gabbi/ipflakies_result/flakies.json
gabbi,https://github.com/efe/zula,6328eb9c0e18debaaa769b7ac0d05a4a472f4746,tests/test_db.py::DbTests::test_get_keys,NOD,gabbi/ipflakies_result/flakies.json
gabbi,https://github.com/efe/zula,6328eb9c0e18debaaa769b7ac0d05a4a472f4746,tests/test_db.py::DbTests::test_get_keys,NOD,gabbi/ipflakies_result/flakies.json
gabbi,https://github.com/efe/zula,6328eb9c0e18debaaa769b7ac0d05a4a472f4746,tests/test_db.py::DbTests::test_get_keys,NOD,gabbi/ipflakies_result/flakies.json
gabbi,https://github.com/efe/zula,6328eb9c0e18debaaa769b7ac0d05a4a472f4746,tests/test_db.py::DbTests::test_get_keys,NOD,gabbi/ipflakies_result/flakies.json
gabbi,https://github.com/efe/zula,6328eb9c0e18debaaa769b7ac0d05a4a472f4746,tests/test_db.py::DbTests::test_get_keys,NOD,gabbi/ipflakies_result/flakies.json
gabbi,https://github.com/efe/zula,6328eb9c0e18debaaa769b7ac0d05a4a472f4746,tests/test_db.py::DbTests::test_get_keys,NOD,gabbi/ipflakies_result/flakies.json
gabbi,https://github.com/efe/zula,6328eb9c0e18debaaa769b7ac0d05a4a472f4746,tests/test_db.py::DbTests::test_get_keys,NOD,gabbi/ipflakies_result/flakies.json
gabbi,https://github.com/efe/zula,6328eb9c0e18debaaa769b7ac0d05a4a472f4746,tests/test_db.py::DbTests::test_get_keys,NOD,gabbi/ipflakies_result/flakies.json
gabbi,https://github.com/efe/zula,6328eb9c0e18debaaa769b7ac0d05a4a472f4746,tests/test_db.py::DbTests::test_get_keys,NOD,gabbi/ipflakies_result/flakies.json
gabbi,https://github.com/efe/zula,6328eb9c0e18debaaa769b7ac0d05a4a472f4746,tests/test_db.py::DbTests::test_get_keys,NOD,gabbi/ipflakies_result/flakies.json
gabbi,https://github.com/efe/zula,6328eb9c0e18debaaa769b7ac0d05a4a472f4746,tests/test_db.py::DbTests::test_get_keys,NOD,gabbi/ipflakies_result/flakies.json
gabbi,https://github.com/efe/zula,6328eb9c0e18debaaa769b7ac0d05a4a472f4746,tests/test_db.py::DbTests::test_get_keys,NOD,gabbi/ipflakies_result/flakies.json
gabbi,https://github.com/efe/zula,6328eb9c0e18debaaa769b7ac0d05a4a472f4746,tests/test_db.py::DbTests::test_get_keys,NOD,gabbi/ipflakies_result/flakies.json
gabbi,https://github.com/efe/zula,6328eb9c0e18debaaa769b7ac0d05a4a472f4746,tests/test_db.py::DbTests::test_get_keys,NOD,gabbi/ipflakies_result/flakies.json
gabbi,https://github.com/efe/zula,6328eb9c0e18debaaa769b7ac0d05a4a472f4746,tests/test_db.py::DbTests::test_get_keys,NOD,gabbi/ipflakies_result/flakies.json
gabbi,https://github.com/efe/zula,6328eb9c0e18debaaa769b7ac0d05a4a472f4746,tests/test_db.py::DbTests::test_get_keys,NOD,gabbi/ipflakies_result/flakies.json
gabbi,https://github.com/efe/zula,6328eb9c0e18debaaa769b7ac0d05a4a472f4746,tests/test_db.py::DbTests::test_get_keys,NOD,gabbi/ipflakies_result/flakies.json
gabbi,https://github.com/efe/zula,6328eb9c0e18debaaa769b7ac0d05a4a472f4746,tests/test_db.py::DbTests::test_get_keys,NOD,gabbi/ipflakies_result/flakies.json
gabbi,https://github.com/efe/zula,6328eb9c0e18debaaa769b7ac0d05a4a472f4746,tests/test_db.py::DbTests::test_get_keys,NOD,gabbi/ipflakies_result/flakies.json
gabbi,https://github.com/efe/zula,6328eb9c0e18debaaa769b7ac0d05a4a472f4746,tests/test_db.py::DbTests::test_get_keys,NOD,gabbi/ipflakies_result/flakies.json
gabbi,https://github.com/efe/zula,6328eb9c0e18debaaa769b7ac0d05a4a472f4746,tests/test_db.py::DbTests::test_get_keys,NOD,gabbi/ipflakies_result/flakies.json
gabbi,https://github.com/efe/zula,6328eb9c0e18debaaa769b7ac0d05a4a472f4746,tests/test_db.py::DbTests::test_get_keys,NOD,gabbi/ipflakies_result/flakies.json
gabbi,https://github.com/efe/zula,6328eb9c0e18debaaa769b7ac0d05a4a472f4746,tests/test_db.py::DbTests::test_get_keys,NOD,gabbi/ipflakies_result/flakies.json
gabbi,https://github.com/efe/zula,6328eb9c0e18debaaa769b7ac0d05a4a472f4746,tests/test_db.py::DbTests::test_get_keys,NOD,gabbi/ipflakies_result/flakies.json
gabbi,https://github.com/efe/zula,6328eb9c0e18debaaa769b7ac0d05a4a472f4746,tests/test_db.py::DbTests::test_get_keys,NOD,gabbi/ipflakies_result/flakies.json
gabbi,https://github.com/efe/zula,6328eb9c0e18debaaa769b7ac0d05a4a472f4746,tests/test_db.py::DbTests::test_get_keys,NOD,gabbi/ipflakies_result/flakies.json
gabbi,https://github.com/efe/zula,6328eb9c0e18debaaa769b7ac0d05a4a472f4746,tests/test_db.py::DbTests::test_get_keys,NOD,gabbi/ipflakies_result/flakies.json
gabbi,https://github.com/efe/zula,6328eb9c0e18debaaa769b7ac0d05a4a472f4746,tests/test_db.py::DbTests::test_get_keys,NOD,gabbi/ipflakies_result/flakies.json
gabbi,https://github.com/efe/zula,6328eb9c0e18debaaa769b7ac0d05a4a472f4746,tests/test_db.py::DbTests::test_get_keys,NOD,gabbi/ipflakies_result/flakies.json
gabbi,https://github.com/efe/zula,6328eb9c0e18debaaa769b7ac0d05a4a472f4746,tests/test_db.py::DbTests::test_get_keys,NOD,gabbi/ipflakies_result/flakies.json
gabbi,https://github.com/efe/zula,6328eb9c0e18debaaa769b7ac0d05a4a472f4746,tests/test_db.py::DbTests::test_get_keys,NOD,gabbi/ipflakies_result/flakies.json
gabbi,https://github.com/efe/zula,6328eb9c0e18debaaa769b7ac0d05a4a472f4746,tests/test_db.py::DbTests::test_get_keys,NOD,gabbi/ipflakies_result/flakies.json
gabbi,https://github.com/efe/zula,6328eb9c0e18debaaa769b7ac0d05a4a472f4746,tests/test_db.py::DbTests::test_get_keys,NOD,gabbi/ipflakies_result/flakies.json
gabbi,https://github.com/efe/zula,6328eb9c0e18debaaa769b7ac0d05a4a472f4746,tests/test_db.py::DbTests::test_get_keys,NOD,gabbi/ipflakies_result/flakies.json
gabbi,https://github.com/efe/zula,6328eb9c0e18debaaa769b7ac0d05a4a472f4746,tests/test_db.py::DbTests::test_get_keys,NOD,gabbi/ipflakies_result/flakies.json
gabbi,https://github.com/efe/zula,6328eb9c0e18debaaa769b7ac0d05a4a472f4746,tests/test_db.py::DbTests::test_get_keys,NOD,gabbi/ipflakies_result/flakies.json
gabbi,https://github.com/efe/zula,6328eb9c0e18debaaa769b7ac0d05a4a472f4746,tests/test_db.py::DbTests::test_get_keys,NOD,gabbi/ipflakies_result/flakies.json
gabbi,https://github.com/efe/zula,6328eb9c0e18debaaa769b7ac0d05a4a472f4746,tests/test_db.py::DbTests::test_get_keys,NOD,gabbi/ipflakies_result/flakies.json
gabbi,https://github.com/efe/zula,6328eb9c0e18debaaa769b7ac0d05a4a472f4746,tests/test_db.py::DbTests::test_get_keys,NOD,gabbi/ipflakies_result/flakies.json
gabbi,https://github.com/efe/zula,6328eb9c0e18debaaa769b7ac0d05a4a472f4746,tests/test_db.py::DbTests::test_get_keys,NOD,gabbi/ipflakies_result/flakies.json
gabbi,https://github.com/efe/zula,6328eb9c0e18debaaa769b7ac0d05a4a472f4746,tests/test_db.py::DbTests::test_get_keys,NOD,gabbi/ipflakies_result/flakies.json
gabbi,https://github.com/efe/zula,6328eb9c0e18debaaa769b7ac0d05a4a472f4746,tests/test_db.py::DbTests::test_get_keys,NOD,gabbi/ipflakies_result/flakies.json
gabbi,https://github.com/efe/zula,6328eb9c0e18debaaa769b7ac0d05a4a472f4746,tests/test_db.py::DbTests::test_get_keys,NOD,gabbi/ipflakies_result/flakies.json
gabbi,https://github.com/efe/zula,6328eb9c0e18debaaa769b7ac0d05a4a472f4746,tests/test_db.py::DbTests::test_get_keys,NOD,gabbi/ipflakies_result/flakies.json
gabbi,https://github.com/efe/zula,6328eb9c0e18debaaa769b7ac0d05a4a472f4746,tests/test_db.py::DbTests::test_get_keys,NOD,gabbi/ipflakies_result/flakies.json
gabbi,https://github.com/efe/zula,6328eb9c0e18debaaa769b7ac0d05a4a472f4746,tests/test_db.py::DbTests::test_get_keys,NOD,gabbi/ipflakies_result/flakies.json
gabbi,https://github.com/efe/zula,6328eb9c0e18debaaa769b7ac0d05a4a472f4746,tests/test_db.py::DbTests::test_get_keys,NOD,gabbi/ipflakies_result/flakies.json
gabbi,https://github.com/efe/zula,6328eb9c0e18debaaa769b7ac0d05a4a472f4746,tests/test_db.py::DbTests::test_get_keys,NOD,gabbi/ipflakies_result/flakies.json
gabbi,https://github.com/efe/zula,6328eb9c0e18debaaa769b7ac0d05a4a472f4746,tests/test_db.py::DbTests::test_get_keys,NOD,gabbi/ipflakies_result/flakies.json
gabbi,https://github.com/efe/zula,6328eb9c0e18debaaa769b7ac0d05a4a472f4746,tests/test_db.py::DbTests::test_get_keys,NOD,gabbi/ipflakies_result/flakies.json
gabbi,https://github.com/efe/zula,6328eb9c0e18debaaa769b7ac0d05a4a472f4746,tests/test_db.py::DbTests::test_get_keys,NOD,gabbi/ipflakies_result/flakies.json
gabbi,https://github.com/efe/zula,6328eb9c0e18debaaa769b7ac0d05a4a472f4746,tests/test_db.py::DbTests::test_get_keys,NOD,gabbi/ipflakies_result/flakies.json
gabbi,https://github.com/efe/zula,6328eb9c0e18debaaa769b7ac0d05a4a472f4746,tests/test_db.py::DbTests::test_get_keys,NOD,gabbi/ipflakies_result/flakies.json
gabbi,https://github.com/efe/zula,6328eb9c0e18debaaa769b7ac0d05a4a472f4746,tests/test_db.py::DbTests::test_get_keys,NOD,gabbi/ipflakies_result/flakies.json
gabbi,https://github.com/efe/zula,6328eb9c0e18debaaa769b7ac0d05a4a472f4746,tests/test_db.py::DbTests::test_get_keys,NOD,gabbi/ipflakies_result/flakies.json
gabbi,https://github.com/efe/zula,6328eb9c0e18debaaa769b7ac0d05a4a472f4746,tests/test_db.py::DbTests::test_get_keys,NOD,gabbi/ipflakies_result/flakies.json
gabbi,https://github.com/efe/zula,6328eb9c0e18debaaa769b7ac0d05a4a472f4746,tests/test_db.py::DbTests::test_get_keys,NOD,gabbi/ipflakies_result/flakies.json
gabbi,https://github.com/efe/zula,6328eb9c0e18debaaa769b7ac0d05a4a472f4746,tests/test_db.py::DbTests::test_get_keys,NOD,gabbi/ipflakies_result/flakies.json
gabbi,https://github.com/efe/zula,6328eb9c0e18debaaa769b7ac0d05a4a472f4746,tests/test_db.py::DbTests::test_get_keys,NOD,gabbi/ipflakies_result/flakies.json
gabbi,https://github.com/efe/zula,6328eb9c0e18debaaa769b7ac0d05a4a472f4746,tests/test_db.py::DbTests::test_get_keys,NOD,gabbi/ipflakies_result/flakies.json
gabbi,https://github.com/efe/zula,6328eb9c0e18debaaa769b7ac0d05a4a472f4746,tests/test_db.py::DbTests::test_get_keys,NOD,gabbi/ipflakies_result/flakies.json
gabbi,https://github.com/efe/zula,6328eb9c0e18debaaa769b7ac0d05a4a472f4746,tests/test_db.py::DbTests::test_get_keys,NOD,gabbi/ipflakies_result/flakies.json
gabbi,https://github.com/efe/zula,6328eb9c0e18debaaa769b7ac0d05a4a472f4746,tests/test_db.py::DbTests::test_get_keys,NOD,gabbi/ipflakies_result/flakies.json
gabbi,https://github.com/efe/zula,6328eb9c0e18debaaa769b7ac0d05a4a472f4746,tests/test_db.py::DbTests::test_get_keys,NOD,gabbi/ipflakies_result/flakies.json
gabbi,https://github.com/efe/zula,6328eb9c0e18debaaa769b7ac0d05a4a472f4746,tests/test_db.py::DbTests::test_get_keys,NOD,gabbi/ipflakies_result/flakies.json
gabbi,https://github.com/efe/zula,6328eb9c0e18debaaa769b7ac0d05a4a472f4746,tests/test_db.py::DbTests::test_get_keys,NOD,gabbi/ipflakies_result/flakies.json
gabbi,https://github.com/efe/zula,6328eb9c0e18debaaa769b7ac0d05a4a472f4746,tests/test_db.py::DbTests::test_get_keys,NOD,gabbi/ipflakies_result/flakies.json
gabbi,https://github.com/efe/zula,6328eb9c0e18debaaa769b7ac0d05a4a472f4746,tests/test_db.py::DbTests::test_get_keys,NOD,gabbi/ipflakies_result/flakies.json
gabbi,https://github.com/efe/zula,6328eb9c0e18debaaa769b7ac0d05a4a472f4746,tests/test_db.py::DbTests::test_get_keys,NOD,gabbi/ipflakies_result/flakies.json
gabbi,https://github.com/efe/zula,6328eb9c0e18debaaa769b7ac0d05a4a472f4746,tests/test_db.py::DbTests::test_get_keys,NOD,gabbi/ipflakies_result/flakies.json
gabbi,https://github.com/efe/zula,6328eb9c0e18debaaa769b7ac0d05a4a472f4746,tests/test_db.py::DbTests::test_get_keys,NOD,gabbi/ipflakies_result/flakies.json
gabbi,https://github.com/efe/zula,6328eb9c0e18debaaa769b7ac0d05a4a472f4746,tests/test_db.py::DbTests::test_get_keys,NOD,gabbi/ipflakies_result/flakies.json
gabbi,https://github.com/efe/zula,6328eb9c0e18debaaa769b7ac0d05a4a472f4746,tests/test_db.py::DbTests::test_get_keys,NOD,gabbi/ipflakies_result/flakies.json
gabbi,https://github.com/efe/zula,6328eb9c0e18debaaa769b7ac0d05a4a472f4746,tests/test_db.py::DbTests::test_get_keys,NOD,gabbi/ipflakies_result/flakies.json
gabbi,https://github.com/efe/zula,6328eb9c0e18debaaa769b7ac0d05a4a472f4746,tests/test_db.py::DbTests::test_get_keys,NOD,gabbi/ipflakies_result/flakies.json
gabbi,https://github.com/efe/zula,6328eb9c0e18debaaa769b7ac0d05a4a472f4746,tests/test_db.py::DbTests::test_get_keys,NOD,gabbi/ipflakies_result/flakies.json
gabbi,https://github.com/efe/zula,6328eb9c0e18debaaa769b7ac0d05a4a472f4746,tests/test_db.py::DbTests::test_get_keys,NOD,gabbi/ipflakies_result/flakies.json
gabbi,https://github.com/efe/zula,6328eb9c0e18debaaa769b7ac0d05a4a472f4746,tests/test_db.py::DbTests::test_get_keys,NOD,gabbi/ipflakies_result/flakies.json
gabbi,https://github.com/efe/zula,6328eb9c0e18debaaa769b7ac0d05a4a472f4746,tests/test_db.py::DbTests::test_get_keys,NOD,gabbi/ipflakies_result/flakies.json
gabbi,https://github.com/efe/zula,6328eb9c0e18debaaa769b7ac0d05a4a472f4746,tests/test_db.py::DbTests::test_get_keys,NOD,gabbi/ipflakies_result/flakies.json
gabbi,https://github.com/efe/zula,6328eb9c0e18debaaa769b7ac0d05a4a472f4746,tests/test_db.py::DbTests::test_get_keys,NOD,gabbi/ipflakies_result/flakies.json
gabbi,https://github.com/efe/zula,6328eb9c0e18debaaa769b7ac0d05a4a472f4746,tests/test_db.py::DbTests::test_get_keys,NOD,gabbi/ipflakies_result/flakies.json
gabbi,https://github.com/efe/zula,6328eb9c0e18debaaa769b7ac0d05a4a472f4746,tests/test_db.py::DbTests::test_get_keys,NOD,gabbi/ipflakies_result/flakies.json
gabbi,https://github.com/efe/zula,6328eb9c0e18debaaa769b7ac0d05a4a472f4746,tests/test_db.py::DbTests::test_get_keys,NOD,gabbi/ipflakies_result/flakies.json
gabbi,https://github.com/efe/zula,6328eb9c0e18debaaa769b7ac0d05a4a472f4746,tests/test_db.py::DbTests::test_get_keys,NOD,gabbi/ipflakies_result/flakies.json
gabbi,https://github.com/efe/zula,6328eb9c0e18debaaa769b7ac0d05a4a472f4746,tests/test_db.py::DbTests::test_get_keys,NOD,gabbi/ipflakies_result/flakies.json
gabbi,https://github.com/efe/zula,6328eb9c0e18debaaa769b7ac0d05a4a472f4746,tests/test_db.py::DbTests::test_get_keys,NOD,gabbi/ipflakies_result/flakies.json
gabbi,https://github.com/efe/zula,6328eb9c0e18debaaa769b7ac0d05a4a472f4746,tests/test_db.py::DbTests::test_get_keys,NOD,gabbi/ipflakies_result/flakies.json
gabbi,https://github.com/efe/zula,6328eb9c0e18debaaa769b7ac0d05a4a472f4746,tests/test_db.py::DbTests::test_get_keys,NOD,gabbi/ipflakies_result/flakies.json
gabbi,https://github.com/efe/zula,6328eb9c0e18debaaa769b7ac0d05a4a472f4746,tests/test_db.py::DbTests::test_get_keys,NOD,gabbi/ipflakies_result/flakies.json
gabbi,https://github.com/efe/zula,6328eb9c0e18debaaa769b7ac0d05a4a472f4746,tests/test_db.py::DbTests::test_get_keys,NOD,gabbi/ipflakies_result/flakies.json
gabbi,https://github.com/efe/zula,6328eb9c0e18debaaa769b7ac0d05a4a472f4746,tests/test_db.py::DbTests::test_get_keys,NOD,gabbi/ipflakies_result/flakies.json
gabbi,https://github.com/efe/zula,6328eb9c0e18debaaa769b7ac0d05a4a472f4746,tests/test_db.py::DbTests::test_get_keys,NOD,gabbi/ipflakies_result/flakies.json
gabbi,https://github.com/efe/zula,6328eb9c0e18debaaa769b7ac0d05a4a472f4746,tests/test_db.py::DbTests::test_get_keys,NOD,gabbi/ipflakies_result/flakies.json
gabbi,https://github.com/efe/zula,6328eb9c0e18debaaa769b7ac0d05a4a472f4746,tests/test_db.py::DbTests::test_get_keys,NOD,gabbi/ipflakies_result/flakies.json
gabbi,https://github.com/efe/zula,6328eb9c0e18debaaa769b7ac0d05a4a472f4746,tests/test_db.py::DbTests::test_get_keys,NOD,gabbi/ipflakies_result/flakies.json
gabbi,https://github.com/efe/zula,6328eb9c0e18debaaa769b7ac0d05a4a472f4746,tests/test_db.py::DbTests::test_get_keys,NOD,gabbi/ipflakies_result/flakies.json
gabbi,https://github.com/efe/zula,6328eb9c0e18debaaa769b7ac0d05a4a472f4746,tests/test_db.py::DbTests::test_get_keys,NOD,gabbi/ipflakies_result/flakies.json
gabbi,https://github.com/efe/zula,6328eb9c0e18debaaa769b7ac0d05a4a472f4746,tests/test_db.py::DbTests::test_get_keys,NOD,gabbi/ipflakies_result/flakies.json
gabbi,https://github.com/efe/zula,6328eb9c0e18debaaa769b7ac0d05a4a472f4746,tests/test_db.py::DbTests::test_get_keys,NOD,gabbi/ipflakies_result/flakies.json
gabbi,https://github.com/efe/zula,6328eb9c0e18debaaa769b7ac0d05a4a472f4746,tests/test_db.py::DbTests::test_get_keys,NOD,gabbi/ipflakies_result/flakies.json
gabbi,https://github.com/efe/zula,6328eb9c0e18debaaa769b7ac0d05a4a472f4746,tests/test_db.py::DbTests::test_get_keys,NOD,gabbi/ipflakies_result/flakies.json
authnzerver,https://github.com/efe/zula,6328eb9c0e18debaaa769b7ac0d05a4a472f4746,tests/test_db.py::DbTests::test_get_keys,victim,authnzerver/ipflakies_result/flakies.json
compilertools,https://github.com/efe/zula,6328eb9c0e18debaaa769b7ac0d05a4a472f4746,tests/test_db.py::DbTests::test_get_keys,victim,compilertools/ipflakies_result/flakies.json
compilertools,https://github.com/efe/zula,6328eb9c0e18debaaa769b7ac0d05a4a472f4746,tests/test_db.py::DbTests::test_get_keys,victim,compilertools/ipflakies_result/flakies.json
wellpathpy,https://github.com/efe/zula,6328eb9c0e18debaaa769b7ac0d05a4a472f4746,tests/test_db.py::DbTests::test_get_keys,NOD,wellpathpy/ipflakies_result/flakies.json
pyoos,https://github.com/efe/zula,6328eb9c0e18debaaa769b7ac0d05a4a472f4746,tests/test_db.py::DbTests::test_get_keys,NOD,pyoos/ipflakies_result/flakies.json
pyoos,https://github.com/efe/zula,6328eb9c0e18debaaa769b7ac0d05a4a472f4746,tests/test_db.py::DbTests::test_get_keys,NOD,pyoos/ipflakies_result/flakies.json
pyoos,https://github.com/efe/zula,6328eb9c0e18debaaa769b7ac0d05a4a472f4746,tests/test_db.py::DbTests::test_get_keys,NOD,pyoos/ipflakies_result/flakies.json
pyoos,https://github.com/efe/zula,6328eb9c0e18debaaa769b7ac0d05a4a472f4746,tests/test_db.py::DbTests::test_get_keys,NOD,pyoos/ipflakies_result/flakies.json
pyoos,https://github.com/efe/zula,6328eb9c0e18debaaa769b7ac0d05a4a472f4746,tests/test_db.py::DbTests::test_get_keys,NOD,pyoos/ipflakies_result/flakies.json
pynoorm,https://github.com/efe/zula,6328eb9c0e18debaaa769b7ac0d05a4a472f4746,tests/test_db.py::DbTests::test_get_keys,brittle,pynoorm/ipflakies_result/flakies.json
pynoorm,https://github.com/efe/zula,6328eb9c0e18debaaa769b7ac0d05a4a472f4746,tests/test_db.py::DbTests::test_get_keys,brittle,pynoorm/ipflakies_result/flakies.json
napalm,https://github.com/efe/zula,6328eb9c0e18debaaa769b7ac0d05a4a472f4746,tests/test_db.py::DbTests::test_get_keys,victim,napalm/ipflakies_result/flakies.json
napalm,https://github.com/efe/zula,6328eb9c0e18debaaa769b7ac0d05a4a472f4746,tests/test_db.py::DbTests::test_get_keys,victim,napalm/ipflakies_result/flakies.json
napalm,https://github.com/efe/zula,6328eb9c0e18debaaa769b7ac0d05a4a472f4746,tests/test_db.py::DbTests::test_get_keys,victim,napalm/ipflakies_result/flakies.json
napalm,https://github.com/efe/zula,6328eb9c0e18debaaa769b7ac0d05a4a472f4746,tests/test_db.py::DbTests::test_get_keys,victim,napalm/ipflakies_result/flakies.json
devtracker,https://github.com/efe/zula,6328eb9c0e18debaaa769b7ac0d05a4a472f4746,tests/test_db.py::DbTests::test_get_keys,NOD,devtracker/ipflakies_result/flakies.json
coo,https://github.com/efe/zula,6328eb9c0e18debaaa769b7ac0d05a4a472f4746,tests/test_db.py::DbTests::test_get_keys,NOD,coo/ipflakies_result/flakies.json
reframe,https://github.com/efe/zula,6328eb9c0e18debaaa769b7ac0d05a4a472f4746,tests/test_db.py::DbTests::test_get_keys,NOD,reframe/ipflakies_result/flakies.json
reframe,https://github.com/efe/zula,6328eb9c0e18debaaa769b7ac0d05a4a472f4746,tests/test_db.py::DbTests::test_get_keys,NOD,reframe/ipflakies_result/flakies.json
reframe,https://github.com/efe/zula,6328eb9c0e18debaaa769b7ac0d05a4a472f4746,tests/test_db.py::DbTests::test_get_keys,NOD,reframe/ipflakies_result/flakies.json
reframe,https://github.com/efe/zula,6328eb9c0e18debaaa769b7ac0d05a4a472f4746,tests/test_db.py::DbTests::test_get_keys,NOD,reframe/ipflakies_result/flakies.json
reframe,https://github.com/efe/zula,6328eb9c0e18debaaa769b7ac0d05a4a472f4746,tests/test_db.py::DbTests::test_get_keys,NOD,reframe/ipflakies_result/flakies.json
reframe,https://github.com/efe/zula,6328eb9c0e18debaaa769b7ac0d05a4a472f4746,tests/test_db.py::DbTests::test_get_keys,NOD,reframe/ipflakies_result/flakies.json
reframe,https://github.com/efe/zula,6328eb9c0e18debaaa769b7ac0d05a4a472f4746,tests/test_db.py::DbTests::test_get_keys,NOD,reframe/ipflakies_result/flakies.json
reframe,https://github.com/efe/zula,6328eb9c0e18debaaa769b7ac0d05a4a472f4746,tests/test_db.py::DbTests::test_get_keys,NOD,reframe/ipflakies_result/flakies.json
reframe,https://github.com/efe/zula,6328eb9c0e18debaaa769b7ac0d05a4a472f4746,tests/test_db.py::DbTests::test_get_keys,NOD,reframe/ipflakies_result/flakies.json
Coinsta,https://github.com/efe/zula,6328eb9c0e18debaaa769b7ac0d05a4a472f4746,tests/test_db.py::DbTests::test_get_keys,NOD,Coinsta/ipflakies_result/flakies.json
Coinsta,https://github.com/efe/zula,6328eb9c0e18debaaa769b7ac0d05a4a472f4746,tests/test_db.py::DbTests::test_get_keys,NOD,Coinsta/ipflakies_result/flakies.json
freezegun,https://github.com/efe/zula,6328eb9c0e18debaaa769b7ac0d05a4a472f4746,tests/test_db.py::DbTests::test_get_keys,victim,freezegun/ipflakies_result/flakies.json
freezegun,https://github.com/efe/zula,6328eb9c0e18debaaa769b7ac0d05a4a472f4746,tests/test_db.py::DbTests::test_get_keys,victim,freezegun/ipflakies_result/flakies.json
freezegun,https://github.com/efe/zula,6328eb9c0e18debaaa769b7ac0d05a4a472f4746,tests/test_db.py::DbTests::test_get_keys,victim,freezegun/ipflakies_result/flakies.json
freezegun,https://github.com/efe/zula,6328eb9c0e18debaaa769b7ac0d05a4a472f4746,tests/test_db.py::DbTests::test_get_keys,victim,freezegun/ipflakies_result/flakies.json
hotwing-core,https://github.com/efe/zula,6328eb9c0e18debaaa769b7ac0d05a4a472f4746,tests/test_db.py::DbTests::test_get_keys,NOD,hotwing-core/ipflakies_result/flakies.json
libearth,https://github.com/efe/zula,6328eb9c0e18debaaa769b7ac0d05a4a472f4746,tests/test_db.py::DbTests::test_get_keys,NOD,libearth/ipflakies_result/flakies.json
libearth,https://github.com/efe/zula,6328eb9c0e18debaaa769b7ac0d05a4a472f4746,tests/test_db.py::DbTests::test_get_keys,NOD,libearth/ipflakies_result/flakies.json
pyTrnsysType,https://github.com/efe/zula,6328eb9c0e18debaaa769b7ac0d05a4a472f4746,tests/test_db.py::DbTests::test_get_keys,brittle,pyTrnsysType/ipflakies_result/flakies.json
torchpwl,https://github.com/efe/zula,6328eb9c0e18debaaa769b7ac0d05a4a472f4746,tests/test_db.py::DbTests::test_get_keys,victim,torchpwl/ipflakies_result/flakies.json
torchpwl,https://github.com/efe/zula,6328eb9c0e18debaaa769b7ac0d05a4a472f4746,tests/test_db.py::DbTests::test_get_keys,victim,torchpwl/ipflakies_result/flakies.json
torchpwl,https://github.com/efe/zula,6328eb9c0e18debaaa769b7ac0d05a4a472f4746,tests/test_db.py::DbTests::test_get_keys,victim,torchpwl/ipflakies_result/flakies.json
dame,https://github.com/efe/zula,6328eb9c0e18debaaa769b7ac0d05a4a472f4746,tests/test_db.py::DbTests::test_get_keys,NOD,dame/ipflakies_result/flakies.json
litedb,https://github.com/efe/zula,6328eb9c0e18debaaa769b7ac0d05a4a472f4746,tests/test_db.py::DbTests::test_get_keys,brittle,litedb/ipflakies_result/flakies.json
hack-requests,https://github.com/efe/zula,6328eb9c0e18debaaa769b7ac0d05a4a472f4746,tests/test_db.py::DbTests::test_get_keys,NOD,hack-requests/ipflakies_result/flakies.json
python-xrpc,https://github.com/efe/zula,6328eb9c0e18debaaa769b7ac0d05a4a472f4746,tests/test_db.py::DbTests::test_get_keys,NOD,python-xrpc/ipflakies_result/flakies.json
python-openflow,https://github.com/efe/zula,6328eb9c0e18debaaa769b7ac0d05a4a472f4746,tests/test_db.py::DbTests::test_get_keys,brittle,python-openflow/ipflakies_result/flakies.json
piripherals,https://github.com/efe/zula,6328eb9c0e18debaaa769b7ac0d05a4a472f4746,tests/test_db.py::DbTests::test_get_keys,NOD,piripherals/ipflakies_result/flakies.json
piripherals,https://github.com/efe/zula,6328eb9c0e18debaaa769b7ac0d05a4a472f4746,tests/test_db.py::DbTests::test_get_keys,NOD,piripherals/ipflakies_result/flakies.json
piripherals,https://github.com/efe/zula,6328eb9c0e18debaaa769b7ac0d05a4a472f4746,tests/test_db.py::DbTests::test_get_keys,NOD,piripherals/ipflakies_result/flakies.json
piripherals,https://github.com/efe/zula,6328eb9c0e18debaaa769b7ac0d05a4a472f4746,tests/test_db.py::DbTests::test_get_keys,NOD,piripherals/ipflakies_result/flakies.json
piripherals,https://github.com/efe/zula,6328eb9c0e18debaaa769b7ac0d05a4a472f4746,tests/test_db.py::DbTests::test_get_keys,NOD,piripherals/ipflakies_result/flakies.json
piripherals,https://github.com/efe/zula,6328eb9c0e18debaaa769b7ac0d05a4a472f4746,tests/test_db.py::DbTests::test_get_keys,NOD,piripherals/ipflakies_result/flakies.json
pydu,https://github.com/efe/zula,6328eb9c0e18debaaa769b7ac0d05a4a472f4746,tests/test_db.py::DbTests::test_get_keys,NOD,pydu/ipflakies_result/flakies.json
noipy,https://github.com/efe/zula,6328eb9c0e18debaaa769b7ac0d05a4a472f4746,tests/test_db.py::DbTests::test_get_keys,NOD,noipy/ipflakies_result/flakies.json
noipy,https://github.com/efe/zula,6328eb9c0e18debaaa769b7ac0d05a4a472f4746,tests/test_db.py::DbTests::test_get_keys,NOD,noipy/ipflakies_result/flakies.json
noipy,https://github.com/efe/zula,6328eb9c0e18debaaa769b7ac0d05a4a472f4746,tests/test_db.py::DbTests::test_get_keys,NOD,noipy/ipflakies_result/flakies.json
feature_engine,https://github.com/efe/zula,6328eb9c0e18debaaa769b7ac0d05a4a472f4746,tests/test_db.py::DbTests::test_get_keys,victim,feature_engine/ipflakies_result/flakies.json
kevinarpe-rambutan3,https://github.com/efe/zula,6328eb9c0e18debaaa769b7ac0d05a4a472f4746,tests/test_db.py::DbTests::test_get_keys,NOD,kevinarpe-rambutan3/ipflakies_result/flakies.json
panamah-sdk-python,https://github.com/efe/zula,6328eb9c0e18debaaa769b7ac0d05a4a472f4746,tests/test_db.py::DbTests::test_get_keys,NOD,panamah-sdk-python/ipflakies_result/flakies.json
webssh,https://github.com/efe/zula,6328eb9c0e18debaaa769b7ac0d05a4a472f4746,tests/test_db.py::DbTests::test_get_keys,NOD,webssh/ipflakies_result/flakies.json
webssh,https://github.com/efe/zula,6328eb9c0e18debaaa769b7ac0d05a4a472f4746,tests/test_db.py::DbTests::test_get_keys,NOD,webssh/ipflakies_result/flakies.json
webssh,https://github.com/efe/zula,6328eb9c0e18debaaa769b7ac0d05a4a472f4746,tests/test_db.py::DbTests::test_get_keys,NOD,webssh/ipflakies_result/flakies.json
webssh,https://github.com/efe/zula,6328eb9c0e18debaaa769b7ac0d05a4a472f4746,tests/test_db.py::DbTests::test_get_keys,NOD,webssh/ipflakies_result/flakies.json
webssh,https://github.com/efe/zula,6328eb9c0e18debaaa769b7ac0d05a4a472f4746,tests/test_db.py::DbTests::test_get_keys,NOD,webssh/ipflakies_result/flakies.json
dict,https://github.com/efe/zula,6328eb9c0e18debaaa769b7ac0d05a4a472f4746,tests/test_db.py::DbTests::test_get_keys,NOD,dict/ipflakies_result/flakies.json
schemaindex,https://github.com/efe/zula,6328eb9c0e18debaaa769b7ac0d05a4a472f4746,tests/test_db.py::DbTests::test_get_keys,NOD,schemaindex/ipflakies_result/flakies.json
jgutils,https://github.com/efe/zula,6328eb9c0e18debaaa769b7ac0d05a4a472f4746,tests/test_db.py::DbTests::test_get_keys,NOD,jgutils/ipflakies_result/flakies.json
pykew,https://github.com/efe/zula,6328eb9c0e18debaaa769b7ac0d05a4a472f4746,tests/test_db.py::DbTests::test_get_keys,NOD,pykew/ipflakies_result/flakies.json
pykew,https://github.com/efe/zula,6328eb9c0e18debaaa769b7ac0d05a4a472f4746,tests/test_db.py::DbTests::test_get_keys,NOD,pykew/ipflakies_result/flakies.json
Tale,https://github.com/efe/zula,6328eb9c0e18debaaa769b7ac0d05a4a472f4746,tests/test_db.py::DbTests::test_get_keys,brittle,Tale/ipflakies_result/flakies.json
