BT-Tracker,https://github.com/nordwind80/BT-Tracker,558c15b399871c1ca11d0c4ae1eb598e3060931e,Tracker/tests/test_event.py,TestEvent,test_object,,True,Failed,Failed
Breathe,https://github.com/mrob95/Breathe,4600818e24f4156cd7bb8cc0f43886b27323968e,tests/test_command_context.py,,test_manual_context_noccr,,True,Failed,Passed
Breathe,https://github.com/mrob95/Breathe,4600818e24f4156cd7bb8cc0f43886b27323968e,tests/test_loading.py,,test_loading,,True,Failed,Passed
Breathe,https://github.com/mrob95/Breathe,4600818e24f4156cd7bb8cc0f43886b27323968e,tests/test_loading.py,,test_loading_failure,,True,Passed,Passed
Breathe,https://github.com/mrob95/Breathe,4600818e24f4156cd7bb8cc0f43886b27323968e,tests/test_loading.py,,test_reloading,,True,Failed,Passed
Breathe,https://github.com/mrob95/Breathe,4600818e24f4156cd7bb8cc0f43886b27323968e,tests/test_merger.py,,test_context_commands,,True,Failed,Passed
Breathe,https://github.com/mrob95/Breathe,4600818e24f4156cd7bb8cc0f43886b27323968e,tests/test_merger.py,,test_core_commands,,True,Passed,Passed
Breathe,https://github.com/mrob95/Breathe,4600818e24f4156cd7bb8cc0f43886b27323968e,tests/test_merger.py,,test_grammar_numbers,,True,Failed,Passed
Breathe,https://github.com/mrob95/Breathe,4600818e24f4156cd7bb8cc0f43886b27323968e,tests/test_merger.py,,test_invalid,,True,Failed,Passed
Breathe,https://github.com/mrob95/Breathe,4600818e24f4156cd7bb8cc0f43886b27323968e,tests/test_merger.py,,test_noccr_commands,,True,Failed,Passed
Breathe,https://github.com/mrob95/Breathe,4600818e24f4156cd7bb8cc0f43886b27323968e,tests/test_top_level.py,,test_recognition,,True,Failed,Passed
Breathe,https://github.com/mrob95/Breathe,4600818e24f4156cd7bb8cc0f43886b27323968e,tests/test_top_level.py,,test_top_level_command_failure,,True,Failed,Passed
Butter.MAS.PythonAPI,https://github.com/bennymeg/Butter.MAS.PythonAPI,f86ebe75df3826f62a268645cdbe4400b43fab07,butter/mas/tests/api_test.py,TestUdpClientApiMethods,testMoveMotorInDirection,,True,Passed,Passed
Butter.MAS.PythonAPI,https://github.com/bennymeg/Butter.MAS.PythonAPI,f86ebe75df3826f62a268645cdbe4400b43fab07,butter/mas/tests/clients/client_http_test.py,TestHttpClientApiMethods,testGetAvailableAnimations,,True,Passed,Passed
Butter.MAS.PythonAPI,https://github.com/bennymeg/Butter.MAS.PythonAPI,f86ebe75df3826f62a268645cdbe4400b43fab07,butter/mas/tests/clients/client_http_test.py,TestHttpClientApiMethods,testGetAvailableHandlers,,True,Passed,Passed
abagen,https://github.com/rmarkello/abagen,4af521f6d7e71d4bbebb4960ff2447256e2447eb,abagen/tests/mouse/test_mouse.py,,test_get_unionization_from_experiment,[69782969-attributes4],True,Passed,Passed
abagen,https://github.com/rmarkello/abagen,4af521f6d7e71d4bbebb4960ff2447256e2447eb,abagen/tests/mouse/test_mouse.py,,test_get_unionization_from_experiment,[986-attributes1],True,Passed,Passed
