CMasher,https://github.com/1313e/CMasher,fccda3b76ac93e089f34be572b984b7718076756,cmasher/tests/test_utils.py,Test_import_cmaps,test_CMasher_cmaps,[rainforest],True,Passed,Passed
ChainConsumer,https://github.com/samreay/ChainConsumer,3206a98f5e121ff3e17c30c840710bd7fda59fca,tests/test_analysis.py,TestChain,test_correlations_2d,,True,Passed,Passed
ChainConsumer,https://github.com/samreay/ChainConsumer,3206a98f5e121ff3e17c30c840710bd7fda59fca,tests/test_analysis.py,TestChain,test_correlations_2d_non_unitary,,True,Passed,Passed
ChainConsumer,https://github.com/samreay/ChainConsumer,3206a98f5e121ff3e17c30c840710bd7fda59fca,tests/test_analysis.py,TestChain,test_covariant_covariance_calc,,True,Passed,Passed
ChainConsumer,https://github.com/samreay/ChainConsumer,3206a98f5e121ff3e17c30c840710bd7fda59fca,tests/test_analysis.py,TestChain,test_summary_power,,True,Passed,Passed
ChainConsumer,https://github.com/samreay/ChainConsumer,3206a98f5e121ff3e17c30c840710bd7fda59fca,tests/test_chain.py,TestChain,test_cache_invalidation,,True,Passed,Passed
ChainConsumer,https://github.com/samreay/ChainConsumer,3206a98f5e121ff3e17c30c840710bd7fda59fca,tests/test_chain.py,TestChain,test_pass_in_dataframe3,,True,Passed,Passed
ChainConsumer,https://github.com/samreay/ChainConsumer,3206a98f5e121ff3e17c30c840710bd7fda59fca,tests/test_diagnostic.py,,test_geweke_default_failed,,True,Passed,Passed
ChainConsumer,https://github.com/samreay/ChainConsumer,3206a98f5e121ff3e17c30c840710bd7fda59fca,tests/test_diagnostic.py,,test_geweke_index,,True,Passed,Passed
Coinsta,https://github.com/PyDataBlog/Coinsta,7cdce24669e5ab40852f0b88329c68e5bb568f5b,tests/test_coinsta.py,TestCoinsta,test_get_current,,True,Passed,Passed
ColonyScanalyser,https://github.com/Erik-White/ColonyScanalyser,38034b7d62a7c4f72a9f6981d0218c23f22cc7c8,tests/unit/test_base.py,TestUnique,test_init,,True,Passed,Passed
ColonyScanalyser,https://github.com/Erik-White/ColonyScanalyser,38034b7d62a7c4f72a9f6981d0218c23f22cc7c8,tests/unit/test_base.py,TestUnique,test_unique,,True,Passed,Passed
DotDot,https://github.com/Gsllchb/DotDot,89a6f7a86866de9c348f7e91da57c359c94568db,tests/test_dot.py,,test_dot,,True,Passed,Passed
DotDot,https://github.com/Gsllchb/DotDot,89a6f7a86866de9c348f7e91da57c359c94568db,tests/test_dotdot.py,,test_dotdot,,True,Passed,Failed
DotDot,https://github.com/Gsllchb/DotDot,89a6f7a86866de9c348f7e91da57c359c94568db,tests/test_dotdotdot.py,,test_dotdotdot,,True,Passed,Failed
DotDot,https://github.com/Gsllchb/DotDot,89a6f7a86866de9c348f7e91da57c359c94568db,tests/test_dotdotdotdot.py,,test_dotdotdotdot,,True,Passed,Failed
EZconfig,https://github.com/shalev67/EZconfig,2cedba67fbfe0ca448ccf7134b51e4e9329a6d16,tests/unit/test_basic_config.py,TestBasicConfig,test_list_config,,True,Passed,Passed
EZconfig,https://github.com/shalev67/EZconfig,2cedba67fbfe0ca448ccf7134b51e4e9329a6d16,tests/unit/test_load_config_from_env.py,TestLoadConfigFromEnv,test_load_config_from_env,,True,Passed,Passed
firebase-live-data,https://github.com/heston/firebase-live-data,dd73615ccfae11e95830f49df8d3a90546d671f5,tests/test_watcher.py,,test_watch__not_stale,,True,Passed,Passed
firebase-live-data,https://github.com/heston/firebase-live-data,dd73615ccfae11e95830f49df8d3a90546d671f5,tests/test_watcher.py,,test_watch__stale,,True,Passed,Passed
flask_googletrans,https://github.com/mrf345/flask_googletrans/,e7ec3057bdbe57bb30928edc41fdeb0d19a0984d,test_fg.py,,test__GtranRoute,,True,Passed,Passed
flask_googletrans,https://github.com/mrf345/flask_googletrans/,e7ec3057bdbe57bb30928edc41fdeb0d19a0984d,test_fg.py,,test_cache_translation,,True,Passed,Passed
flask_googletrans,https://github.com/mrf345/flask_googletrans/,e7ec3057bdbe57bb30928edc41fdeb0d19a0984d,test_fg.py,,test_translate_failsafe,,True,Failed,Passed
flask_googletrans,https://github.com/mrf345/flask_googletrans/,e7ec3057bdbe57bb30928edc41fdeb0d19a0984d,test_fg.py,,test_translate_multi_new_mod,,True,Passed,Passed
flask_googletrans,https://github.com/mrf345/flask_googletrans/,e7ec3057bdbe57bb30928edc41fdeb0d19a0984d,test_fg.py,,test_translate_single_new_dest,,True,Passed,Passed
flask_googletrans,https://github.com/mrf345/flask_googletrans/,e7ec3057bdbe57bb30928edc41fdeb0d19a0984d,test_fg.py,,test_translate_template_initApp,,True,Passed,Passed
flask_googletrans,https://github.com/mrf345/flask_googletrans/,e7ec3057bdbe57bb30928edc41fdeb0d19a0984d,test_fg.py,,test_translator_false_input,,True,Passed,Passed
Flask-JWT-Router,https://github.com/joegasewicz/Flask-JWT-Router,0fb1e256c81409be6f08d8be12f07e5f58b4f914,tests/test_routing.py,TestRouting,test_api_named_routes,,True,Passed,Passed
Flask-JWT-Router,https://github.com/joegasewicz/Flask-JWT-Router,0fb1e256c81409be6f08d8be12f07e5f58b4f914,tests/test_routing.py,TestRouting,test_before_middleware,,True,Passed,Passed
Flask-JWT-Router,https://github.com/joegasewicz/Flask-JWT-Router,0fb1e256c81409be6f08d8be12f07e5f58b4f914,tests/test_routing.py,TestRouting,test_dynamic_params,,True,Passed,Passed
Flask-JWT-Router,https://github.com/joegasewicz/Flask-JWT-Router,0fb1e256c81409be6f08d8be12f07e5f58b4f914,tests/test_routing.py,TestRouting,test_handle_pre_flight_request,,True,Passed,Passed
Flask-JWT-Router,https://github.com/joegasewicz/Flask-JWT-Router,0fb1e256c81409be6f08d8be12f07e5f58b4f914,tests/test_routing.py,TestRouting,test_ignored_route_path,,True,Passed,Passed
Flask-JWT-Router,https://github.com/joegasewicz/Flask-JWT-Router,0fb1e256c81409be6f08d8be12f07e5f58b4f914,tests/test_routing.py,TestRouting,test_ignored_routes,,True,Passed,Passed
Flask-JWT-Router,https://github.com/joegasewicz/Flask-JWT-Router,0fb1e256c81409be6f08d8be12f07e5f58b4f914,tests/test_routing.py,TestRouting,test_jwt_route,[jwt_router_client0-None-200],True,Passed,Passed
Flask-JWT-Router,https://github.com/joegasewicz/Flask-JWT-Router,0fb1e256c81409be6f08d8be12f07e5f58b4f914,tests/test_routing.py,TestRouting,test_jwt_route,[jwt_router_client1-None-401],True,Passed,Passed
Flask-JWT-Router,https://github.com/joegasewicz/Flask-JWT-Router,0fb1e256c81409be6f08d8be12f07e5f58b4f914,tests/test_routing.py,TestRouting,test_jwt_route,[jwt_router_client2-None-401],True,Passed,Passed
Flask-JWT-Router,https://github.com/joegasewicz/Flask-JWT-Router,0fb1e256c81409be6f08d8be12f07e5f58b4f914,tests/test_routing.py,TestRouting,test_jwt_route,[jwt_router_client3-None-401],True,Passed,Passed
Flask-JWT-Router,https://github.com/joegasewicz/Flask-JWT-Router,0fb1e256c81409be6f08d8be12f07e5f58b4f914,tests/test_routing.py,TestRouting,test_static_client,,True,Passed,Passed
Flask-JWT-Router,https://github.com/joegasewicz/Flask-JWT-Router,0fb1e256c81409be6f08d8be12f07e5f58b4f914,tests/test_routing.py,TestRouting,test_static_routes,,True,Passed,Passed
Flask-JWT-Router,https://github.com/joegasewicz/Flask-JWT-Router,0fb1e256c81409be6f08d8be12f07e5f58b4f914,tests/test_routing.py,TestRouting,test_sub_paths,,True,Passed,Passed
flask-multi-redis,https://github.com/max-k/flask-multi-redis,fa781d3598448a6429309a686de9a8adb53f9f34,test/integration/test_flask_multi_redis.py,,test_aggregated_delitem_method,,True,Passed,Passed
flask-multi-redis,https://github.com/max-k/flask-multi-redis,fa781d3598448a6429309a686de9a8adb53f9f34,test/integration/test_flask_multi_redis.py,,test_aggregated_getitem_method,,True,Passed,Passed
flask-multi-redis,https://github.com/max-k/flask-multi-redis,fa781d3598448a6429309a686de9a8adb53f9f34,test/integration/test_flask_multi_redis.py,,test_aggregated_setitem_method,,True,Passed,Passed
flask-multi-redis,https://github.com/max-k/flask-multi-redis,fa781d3598448a6429309a686de9a8adb53f9f34,test/integration/test_flask_multi_redis.py,,test_aggregator_delete_method,,True,Passed,Passed
flask-multi-redis,https://github.com/max-k/flask-multi-redis,fa781d3598448a6429309a686de9a8adb53f9f34,test/integration/test_flask_multi_redis.py,,test_aggregator_get_method,,True,Passed,Passed
flask-multi-redis,https://github.com/max-k/flask-multi-redis,fa781d3598448a6429309a686de9a8adb53f9f34,test/integration/test_flask_multi_redis.py,,test_aggregator_keys_method,,True,Passed,Passed
flask-multi-redis,https://github.com/max-k/flask-multi-redis,fa781d3598448a6429309a686de9a8adb53f9f34,test/integration/test_flask_multi_redis.py,,test_aggregator_keys_method_with_empty_nodes,,True,Passed,Passed
flask-multi-redis,https://github.com/max-k/flask-multi-redis,fa781d3598448a6429309a686de9a8adb53f9f34,test/integration/test_flask_multi_redis.py,,test_aggregator_scan_iter_method,,True,Passed,Passed
flask-multi-redis,https://github.com/max-k/flask-multi-redis,fa781d3598448a6429309a686de9a8adb53f9f34,test/integration/test_flask_multi_redis.py,,test_aggregator_set_method,,True,Passed,Passed
flask-multi-redis,https://github.com/max-k/flask-multi-redis,fa781d3598448a6429309a686de9a8adb53f9f34,test/integration/test_flask_multi_redis.py,,test_aggregator_strategy,,True,Passed,Passed
flask-multi-redis,https://github.com/max-k/flask-multi-redis,fa781d3598448a6429309a686de9a8adb53f9f34,test/integration/test_flask_multi_redis.py,,test_attributes_transmission_from_aggregated_node,,True,Passed,Passed
flask-multi-redis,https://github.com/max-k/flask-multi-redis,fa781d3598448a6429309a686de9a8adb53f9f34,test/integration/test_flask_multi_redis.py,,test_attributes_transmission_from_loadbalanced_node,,True,Passed,Passed
flask-multi-redis,https://github.com/max-k/flask-multi-redis,fa781d3598448a6429309a686de9a8adb53f9f34,test/integration/test_flask_multi_redis.py,,test_attributes_transmission_if_aggregated_has_no_host,,True,Passed,Passed
flask-multi-redis,https://github.com/max-k/flask-multi-redis,fa781d3598448a6429309a686de9a8adb53f9f34,test/integration/test_flask_multi_redis.py,,test_constructor,,True,Passed,Passed
flask-multi-redis,https://github.com/max-k/flask-multi-redis,fa781d3598448a6429309a686de9a8adb53f9f34,test/integration/test_flask_multi_redis.py,,test_custom_default_config,,True,Passed,Passed
flask-multi-redis,https://github.com/max-k/flask-multi-redis,fa781d3598448a6429309a686de9a8adb53f9f34,test/integration/test_flask_multi_redis.py,,test_custom_default_ssl,,True,Passed,Passed
flask-multi-redis,https://github.com/max-k/flask-multi-redis,fa781d3598448a6429309a686de9a8adb53f9f34,test/integration/test_flask_multi_redis.py,,test_custom_node,,True,Passed,Passed
flask-multi-redis,https://github.com/max-k/flask-multi-redis,fa781d3598448a6429309a686de9a8adb53f9f34,test/integration/test_flask_multi_redis.py,,test_custom_prefix,,True,Passed,Passed
flask-multi-redis,https://github.com/max-k/flask-multi-redis,fa781d3598448a6429309a686de9a8adb53f9f34,test/integration/test_flask_multi_redis.py,,test_extension_registration_if_app_has_no_extensions,,True,Passed,Passed
flask-multi-redis,https://github.com/max-k/flask-multi-redis,fa781d3598448a6429309a686de9a8adb53f9f34,test/integration/test_flask_multi_redis.py,,test_init_app,,True,Passed,Passed
flask-multi-redis,https://github.com/max-k/flask-multi-redis,fa781d3598448a6429309a686de9a8adb53f9f34,test/integration/test_flask_multi_redis.py,,test_loadbalanced_delitem_method,,True,Passed,Passed
flask-multi-redis,https://github.com/max-k/flask-multi-redis,fa781d3598448a6429309a686de9a8adb53f9f34,test/integration/test_flask_multi_redis.py,,test_loadbalanced_getitem_method,,True,Passed,Passed
flask-multi-redis,https://github.com/max-k/flask-multi-redis,fa781d3598448a6429309a686de9a8adb53f9f34,test/integration/test_flask_multi_redis.py,,test_loadbalanced_setitem_method,,True,Passed,Passed
flask-multi-redis,https://github.com/max-k/flask-multi-redis,fa781d3598448a6429309a686de9a8adb53f9f34,test/integration/test_flask_multi_redis.py,,test_methods_transmission_from_aggregator,,True,Passed,Passed
flask-multi-redis,https://github.com/max-k/flask-multi-redis,fa781d3598448a6429309a686de9a8adb53f9f34,test/integration/test_flask_multi_redis.py,,test_methods_transmission_from_redis,,True,Passed,Passed
flask-multi-redis,https://github.com/max-k/flask-multi-redis,fa781d3598448a6429309a686de9a8adb53f9f34,test/integration/test_flask_multi_redis.py,,test_task_runner,,True,Passed,Passed
Flaskerizer,https://github.com/brettvanderwerff/Flaskerizer,5a9724804f4e479fc3289e8644dc788adfeff06d,flaskerizer/flaskerizer_src/tests/test_structure_directory.py,TestStructureDirectory,test_migrate_files,,True,Failed,Passed
GOApy,https://github.com/leopepe/GOApy,a8e0dfe5f0f593107884ad54f89a27f67ee28129,tests/Sensor_test.py,SensorsTest,test_remove_sensor_success,,True,Failed,Passed
HikLoad,https://github.com/Tedyst/HikLoad,b3eb7be65bd34040992e1b7b15f23ff4ce2e8dc4,tests/test_config.py,,test_envvar,,True,Failed,Passed
IOCynergy,https://github.com/omersaraf/IOCynergy,1821423680f741d8ca06bcc6a02c8b21156f9ba0,cynergy/tests/test_register_multiple.py,,test_register_multiple,,True,Passed,Passed
JavPy,https://github.com/TheodoreKrypton/JavPy,61df53aafbfbd05ed1efa8c51a08d6e9252cb533,JavPy/tests/test_clients/test_telegram.py,,test_interactive,,True,Passed,Passed
JavPy,https://github.com/TheodoreKrypton/JavPy,61df53aafbfbd05ed1efa8c51a08d6e9252cb533,JavPy/tests/test_clients/test_telegram.py,,test_new,[params0],True,Passed,Passed
JavPy,https://github.com/TheodoreKrypton/JavPy,61df53aafbfbd05ed1efa8c51a08d6e9252cb533,JavPy/tests/test_clients/test_webserver.py,,test_newly_released,[data0],True,Passed,Passed
JavPy,https://github.com/TheodoreKrypton/JavPy,61df53aafbfbd05ed1efa8c51a08d6e9252cb533,JavPy/tests/test_clients/test_webserver.py,,test_newly_released,[data1],True,Passed,Passed
JavPy,https://github.com/TheodoreKrypton/JavPy,61df53aafbfbd05ed1efa8c51a08d6e9252cb533,JavPy/tests/test_clients/test_webserver.py,,test_search_magnet_by_code,[ABP-123],True,Passed,Passed
JavPy,https://github.com/TheodoreKrypton/JavPy,61df53aafbfbd05ed1efa8c51a08d6e9252cb533,JavPy/tests/test_clients/test_webserver.py,,test_search_magnet_by_code,[ABP-231],True,Passed,Passed
JavPy,https://github.com/TheodoreKrypton/JavPy,61df53aafbfbd05ed1efa8c51a08d6e9252cb533,JavPy/tests/test_sources.py,,test_avsox_net,,True,Failed,Flaky
LabIFSC,https://github.com/gjvnq/LabIFSC,cb56b75f51eb54680d0b81f4c87aa0234538a2a8,tests/medida_test.py,,test_medida_si_2,,True,Failed,Passed
LabIFSC,https://github.com/gjvnq/LabIFSC,cb56b75f51eb54680d0b81f4c87aa0234538a2a8,tests/medida_test.py,,test_medida_si_3,,True,Failed,Passed
Lyricfetch,https://github.com/ocaballeror/Lyricfetch,0cf9e3c541712933b1050e942671a92028e11f9c,lyricfetch/tests/test_scraping.py,,test_get_url_tlsv1,,True,Passed,Passed
MusicAPI,https://github.com/kushao1267/MusicAPI,c6340d5dd6df869a90a44a311d3cd7a383bd4cf4,tests/music_test.py,,test_xiami_music_id,,True,Failed,Failed
MusicAPI,https://github.com/kushao1267/MusicAPI,c6340d5dd6df869a90a44a311d3cd7a383bd4cf4,tests/music_test.py,,test_xiami_music_link,,True,Failed,Failed
NestedDictionary,https://github.com/cahoy/NestedDictionary,881f0ea8af36a60fcd1b9d7a84b1aec4cd7072b2,easy_dict/tests/test_01_default.py,,test_del,,True,Failed,Passed
Neuraxle,https://github.com/Neuraxio/Neuraxle,20c6e5713198345b43bf6899355f1b5cf65eb02c,testing/hyperparams/test_distributions.py,,test_gaussian_distribution_mixture_log,,True,Passed,Passed
Neuraxle,https://github.com/Neuraxio/Neuraxle,20c6e5713198345b43bf6899355f1b5cf65eb02c,testing/test_streaming.py,,test_parallel_queued_parallelize_correctly,,True,Failed,Failed
NeuroKit.py,https://github.com/neuropsychology/NeuroKit.py,fc77dc94e421d5b166a5516b7186bae483d753bd,tests/test_ecg.py,TestEcg,test_ecg_process,,True,Passed,Passed
OccamTools,https://github.com/mortele/OccamTools,26c47709f6b870c89403f03ade0950de9f301639,test/test_occam_data.py,,test_occam_data_not_save_to_npy,,True,Passed,Passed
OccamTools,https://github.com/mortele/OccamTools,26c47709f6b870c89403f03ade0950de9f301639,test/test_occam_data.py,,test_occam_data_progress_bars,,True,Passed,Passed
penman,https://github.com/goodmami/penman,e83cf6d006724d72a3e19a955aad94412da912b7,tests/test_layout.py,,test_rearrange,,True,Passed,Passed
Py-MI-PS,https://github.com/AshtonUPS/Py-MI-PS,2d22327c75bac1b58a4804a61e7a703ecc5ba978,src/PyMIPS/tests/register_test.py,,test_setting_to_num,,True,Passed,Passed
PyGraph,https://github.com/Rickecr/PyGraph,e81c3a0f543f5bfcda1a603c6dcecde13d582c57,__tests__/test_simple_graph.py,TestSimpleGraph,test_delete_vertex,,True,Failed,Passed
PyGraph,https://github.com/Rickecr/PyGraph,e81c3a0f543f5bfcda1a603c6dcecde13d582c57,__tests__/test_simple_graph.py,TestSimpleGraph,test_duplicated_edge,,True,Failed,Passed
PyGraph,https://github.com/Rickecr/PyGraph,e81c3a0f543f5bfcda1a603c6dcecde13d582c57,__tests__/test_simple_graph.py,TestSimpleGraph,test_edge_exists,,True,Failed,Passed
PyGraph,https://github.com/Rickecr/PyGraph,e81c3a0f543f5bfcda1a603c6dcecde13d582c57,__tests__/test_simple_graph.py,TestSimpleGraph,test_false_cycle_graph,,True,Failed,Passed
PyGraph,https://github.com/Rickecr/PyGraph,e81c3a0f543f5bfcda1a603c6dcecde13d582c57,__tests__/test_simple_graph.py,TestSimpleGraph,test_false_regular_graph,,True,Failed,Passed
PyGraph,https://github.com/Rickecr/PyGraph,e81c3a0f543f5bfcda1a603c6dcecde13d582c57,__tests__/test_simple_graph.py,TestSimpleGraph,test_is_terminal,,True,Failed,Passed
PyGraph,https://github.com/Rickecr/PyGraph,e81c3a0f543f5bfcda1a603c6dcecde13d582c57,__tests__/test_simple_graph.py,TestSimpleGraph,test_list_graph_edges,,True,Failed,Passed
PyGraph,https://github.com/Rickecr/PyGraph,e81c3a0f543f5bfcda1a603c6dcecde13d582c57,__tests__/test_simple_graph.py,TestSimpleGraph,test_list_graph_vertices,,True,Failed,Passed
PyGraph,https://github.com/Rickecr/PyGraph,e81c3a0f543f5bfcda1a603c6dcecde13d582c57,__tests__/test_simple_graph.py,TestSimpleGraph,test_num_edges,,True,Failed,Passed
PyGraph,https://github.com/Rickecr/PyGraph,e81c3a0f543f5bfcda1a603c6dcecde13d582c57,__tests__/test_simple_graph.py,TestSimpleGraph,test_num_vertex,,True,Passed,Passed
PyGraph,https://github.com/Rickecr/PyGraph,e81c3a0f543f5bfcda1a603c6dcecde13d582c57,__tests__/test_simple_graph.py,TestSimpleGraph,test_show_edge,,True,Failed,Passed
PyGraph,https://github.com/Rickecr/PyGraph,e81c3a0f543f5bfcda1a603c6dcecde13d582c57,__tests__/test_simple_graph.py,TestSimpleGraph,test_true_cycle_graph,,True,Failed,Passed
PyGraph,https://github.com/Rickecr/PyGraph,e81c3a0f543f5bfcda1a603c6dcecde13d582c57,__tests__/test_simple_graph.py,TestSimpleGraph,test_vertex_degree,,True,Failed,Passed
PyGraph,https://github.com/Rickecr/PyGraph,e81c3a0f543f5bfcda1a603c6dcecde13d582c57,__tests__/test_simple_graph.py,TestSimpleGraph,test_vertex_exists,,True,Failed,Passed
PyGraph,https://github.com/Rickecr/PyGraph,e81c3a0f543f5bfcda1a603c6dcecde13d582c57,__tests__/test_simple_graph.py,TestSimpleGraph,test_vertices_adjacency,,True,Failed,Passed
PyInvestor,https://github.com/SamurAi-sarl/PyInvestor,09259ad387dab597a7a525ae73090dffb886968f,PyInvestor/test_stock.py,StockTest,test_timeseries,,True,Passed,Passed
PyJsonFriendly,https://github.com/maboualidev/PyJsonFriendly,8b1ee498bc7a27024851b5101bf09913031e2477,tests/test_pyJsonFriendly.py,TestPyJsonFriendly,test_01,,True,Passed,Passed
PyRedisEasyIO,https://github.com/washad/PyRedisEasyIO,30d566760aa622ae6e8fcc1fa4abdc79b6bda614,tests/test_operator_overloads.py,TestOperatorOverloads,test_plus_equals,,True,Passed,Failed
PySyncDroid,https://github.com/DusanMadar/PySyncDroid,9a217a54f4286af8e7505c184eb2a6775f52d815,tests/test_sync.py,TestSync,test_do_sync,,True,Passed,Passed
PyXenaValkyrie,https://github.com/xenadevel/PyXenaValkyrie,92b45f1f37a5589cbdb9224a287fa0426d2c8d47,tests/test_errors.py,TestXenaErrors,test_errors,[socket],True,Passed,Passed
QTAF,https://github.com/Tencent/QTAF,c9141e8fbdfd89f5f13dd59dfab17f9e8193dcf8,tests/test_testbase/test_assert.py,AssertionTest,test_assert_failure,,True,Passed,Passed
RandomFileTree,https://github.com/klieret/RandomFileTree,aaaa975ae61afa6f0f5b481ebafcfa0f0216e471,randomfiletree/test/test_core.py,TestTreeCreation,test_create_random_dirs,,True,Passed,Passed
RaspberryPiMovementDetector,https://github.com/KSanthanam/RaspberryPiMovementDetector,a415e5aca22fa41ce0eba0b61cf56d3035f92f64,tests/test_watch.py,TestWatch,test_observe,[3-4-1-func_moved_in-func_moved_out],True,Passed,Passed
RaspberryPiMovementDetector,https://github.com/KSanthanam/RaspberryPiMovementDetector,a415e5aca22fa41ce0eba0b61cf56d3035f92f64,tests/test_watch.py,TestWatch,test_ping,[3-4-1-func_moved_in-func_moved_out],True,Failed,Passed
ReactOBus,https://github.com/ivoire/ReactOBus,841d5c0442ffe92fcaec278e07053afe5b93d925,tests/test_db.py,,test_run,,True,Passed,Passed
Reusables,https://github.com/cdgriffith/Reusables,171ea3dc10a37ed46ff833c48926a995496d2fc6,test/test_reuse.py,TestReuse,test_duplicate_dir,,True,Failed,Passed
Reusables,https://github.com/cdgriffith/Reusables,171ea3dc10a37ed46ff833c48926a995496d2fc6,test/test_reuse.py,TestReuse,test_dups,,True,Passed,Passed
SCout,https://github.com/holzkohlengrill/SCout,8fd1eca0607b27d6e0c537b2ea1211d23356edff,tests/test_header.py,TestHeaderLogger,testSingleArg,,True,Passed,Passed
SNData,https://github.com/djperrefort/SNData,e4854f0dc357484b437b15f9dac15f7c589eff58,tests/test_sdss.py,Sako18Parsing,test_bad_table_id_err,,True,Error,Passed
SNData,https://github.com/djperrefort/SNData,e4854f0dc357484b437b15f9dac15f7c589eff58,tests/test_sdss.py,Sako18Parsing,test_cache_not_mutated,,True,Error,Passed
SNData,https://github.com/djperrefort/SNData,e4854f0dc357484b437b15f9dac15f7c589eff58,tests/test_sdss.py,Sako18Parsing,test_jd_time_format,,True,Error,Passed
SNData,https://github.com/djperrefort/SNData,e4854f0dc357484b437b15f9dac15f7c589eff58,tests/test_sdss.py,Sako18Parsing,test_minimal_metadata_keys,,True,Error,Passed
SNData,https://github.com/djperrefort/SNData,e4854f0dc357484b437b15f9dac15f7c589eff58,tests/test_sdss.py,Sako18Parsing,test_no_duplicate_aliases,,True,Passed,Passed
SNData,https://github.com/djperrefort/SNData,e4854f0dc357484b437b15f9dac15f7c589eff58,tests/test_sdss.py,Sako18Parsing,test_no_empty_data_tables,,True,Error,Passed
SNData,https://github.com/djperrefort/SNData,e4854f0dc357484b437b15f9dac15f7c589eff58,tests/test_sdss.py,Sako18Parsing,test_paper_tables_are_parsed,,True,Error,Passed
SNData,https://github.com/djperrefort/SNData,e4854f0dc357484b437b15f9dac15f7c589eff58,tests/test_sdss.py,Sako18Parsing,test_sncosmo_registered_band_names,,True,Error,Passed
SNData,https://github.com/djperrefort/SNData,e4854f0dc357484b437b15f9dac15f7c589eff58,tests/test_sdss.py,Sako18Parsing,test_standard_column_names,,True,Error,Passed
SNData,https://github.com/djperrefort/SNData,e4854f0dc357484b437b15f9dac15f7c589eff58,tests/test_sdss.py,Sako18Parsing,test_unique_ids,,True,Error,Passed
SNData,https://github.com/djperrefort/SNData,e4854f0dc357484b437b15f9dac15f7c589eff58,tests/test_sweetspot.py,DR1Parsing,test_bad_table_id_err,,True,Passed,Passed
SNData,https://github.com/djperrefort/SNData,e4854f0dc357484b437b15f9dac15f7c589eff58,tests/test_sweetspot.py,DR1Parsing,test_get_zp,,True,Passed,Passed
SNData,https://github.com/djperrefort/SNData,e4854f0dc357484b437b15f9dac15f7c589eff58,tests/test_sweetspot.py,DR1Parsing,test_minimal_metadata_keys,,True,Passed,Passed
SNData,https://github.com/djperrefort/SNData,e4854f0dc357484b437b15f9dac15f7c589eff58,tests/test_sweetspot.py,DR1Parsing,test_no_empty_data_tables,,True,Passed,Passed
SNData,https://github.com/djperrefort/SNData,e4854f0dc357484b437b15f9dac15f7c589eff58,tests/test_sweetspot.py,DR1Parsing,test_no_empty_ids,,True,Passed,Passed
SNData,https://github.com/djperrefort/SNData,e4854f0dc357484b437b15f9dac15f7c589eff58,tests/test_sweetspot.py,DR1Parsing,test_sncosmo_registered_band_names,,True,Passed,Passed
SNData,https://github.com/djperrefort/SNData,e4854f0dc357484b437b15f9dac15f7c589eff58,tests/test_combined_datasets.py,CombinedDataStringIDs,test_duplicate_obj_id_strings,,True,Failed,Passed
Tale,https://github.com/irmen/Tale,a2a26443465ab6978b32d9253e833471500e7b68,tests/test_mudobjects.py,TestLiving,test_move_notify,,True,Failed,Passed
Tale,https://github.com/irmen/Tale,a2a26443465ab6978b32d9253e833471500e7b68,tests/test_pubsub.py,TestPubsub,test_idletime,,True,Passed,Passed
Tale,https://github.com/irmen/Tale,a2a26443465ab6978b32d9253e833471500e7b68,tests/test_pubsub.py,TestPubsub,test_unsubscribe_all,,True,Passed,Passed
Verifone,https://github.com/vilkasgroup/Verifone,5509c08767a9b482cfe5a9572854cf4c73ad6c02,tests/test_verifone.py,TestVerifone,test_001_create_object_with_defaults,,True,Passed,Passed
YAROM,https://github.com/openworm/YAROM,cd4fb6cb8fac72a198858225ce89ad8b9c9175fd,tests/test_mapper.py,MapperTest,test_children_are_added,,True,Failed,Passed
YAROM,https://github.com/openworm/YAROM,cd4fb6cb8fac72a198858225ce89ad8b9c9175fd,tests/test_mapper.py,MapperTest,test_children_are_deregistered,,True,Failed,Passed
YAROM,https://github.com/openworm/YAROM,cd4fb6cb8fac72a198858225ce89ad8b9c9175fd,tests/test_mapper.py,MapperTest,test_object_from_id_class,,True,Failed,Passed
abagen,https://github.com/rmarkello/abagen,4af521f6d7e71d4bbebb4960ff2447256e2447eb,abagen/tests/mouse/test_mouse.py,,test_get_unionization_from_experiment,[69782969-attributes4],True,Passed,Passed
abagen,https://github.com/rmarkello/abagen,4af521f6d7e71d4bbebb4960ff2447256e2447eb,abagen/tests/mouse/test_mouse.py,,test_get_unionization_from_experiment,[986-attributes1],True,Passed,Passed
