Project_Name,Project_URL,Project_Hash,Polluter,Cleaner,Victim
Fireworks,https://github.com/kellylab/Fireworks,ff027cd8d1b8ce5eec6a37d786e7de675d8c0849,fireworks/core/model_test.py::test_Model_inferencing,fireworks/core/model_test.py::test_ModelFromModule,fireworks/core/model_test.py::test_multiple_Models_training_via_junction
Fireworks,https://github.com/kellylab/Fireworks,ff027cd8d1b8ce5eec6a37d786e7de675d8c0849,fireworks/core/model_test.py::test_Model_inferencing,fireworks/core/model_test.py::test_Model_get_set_state,fireworks/core/model_test.py::test_multiple_Models_training_via_junction
Flask-JWT-Router,https://github.com/joegasewicz/Flask-JWT-Router,0fb1e256c81409be6f08d8be12f07e5f58b4f914,tests/test_routing.py::TestRouting::test_jwt_route[jwt_router_client0-None-200],tests/test_routing.py::TestRouting::test_jwt_route[jwt_router_client1-None-401],tests/test_routing.py::TestRouting::test_jwt_route[jwt_router_client3-None-401]
Flask-JWT-Router,https://github.com/joegasewicz/Flask-JWT-Router,0fb1e256c81409be6f08d8be12f07e5f58b4f914,tests/test_routing.py::TestRouting::test_jwt_route[jwt_router_client0-None-200],tests/test_routing.py::TestRouting::test_jwt_route[jwt_router_client2-None-401],tests/test_routing.py::TestRouting::test_jwt_route[jwt_router_client3-None-401]
Hockey-Scraper,https://github.com/HarryShomer/Hockey-Scraper,a829e0a0fe4bf548109863031ea9987abc0219a0,tests/test_json_schedule.py::test_get_schedule,tests/test_json_schedule.py::test_chunk_schedule_calls,tests/test_json_schedule.py::test_get_dates
Hockey-Scraper,https://github.com/HarryShomer/Hockey-Scraper,a829e0a0fe4bf548109863031ea9987abc0219a0,tests/test_json_schedule.py::test_get_schedule,tests/test_json_schedule.py::test_scrape_schedule,tests/test_json_schedule.py::test_get_dates
IOCynergy,https://github.com/omersaraf/IOCynergy,1821423680f741d8ca06bcc6a02c8b21156f9ba0,cynergy/tests/test_register_multiple.py::test_register_multiple_when_onc_instance_is_already_registered,cynergy/tests/test_class_mapping.py::test_class_mapping,cynergy/tests/test_register_multiple.py::test_register_multiple
IOCynergy,https://github.com/omersaraf/IOCynergy,1821423680f741d8ca06bcc6a02c8b21156f9ba0,cynergy/tests/test_register_multiple.py::test_register_multiple_when_onc_instance_is_already_registered,cynergy/tests/test_class_mapping.py::test_class_mapping_from_init,cynergy/tests/test_register_multiple.py::test_register_multiple
IOCynergy,https://github.com/omersaraf/IOCynergy,1821423680f741d8ca06bcc6a02c8b21156f9ba0,cynergy/tests/test_register_multiple.py::test_multiple_list_arguments_with_wrap,cynergy/tests/test_class_mapping.py::test_class_mapping,cynergy/tests/test_register_multiple.py::test_register_multiple
IOCynergy,https://github.com/omersaraf/IOCynergy,1821423680f741d8ca06bcc6a02c8b21156f9ba0,cynergy/tests/test_register_multiple.py::test_multiple_list_arguments_with_wrap,cynergy/tests/test_class_mapping.py::test_class_mapping_from_init,cynergy/tests/test_register_multiple.py::test_register_multiple
IOCynergy,https://github.com/omersaraf/IOCynergy,1821423680f741d8ca06bcc6a02c8b21156f9ba0,cynergy/tests/test_register_multiple.py::test_multiple_list_arguments,cynergy/tests/test_class_mapping.py::test_class_mapping,cynergy/tests/test_register_multiple.py::test_register_multiple
IOCynergy,https://github.com/omersaraf/IOCynergy,1821423680f741d8ca06bcc6a02c8b21156f9ba0,cynergy/tests/test_register_multiple.py::test_multiple_list_arguments,cynergy/tests/test_class_mapping.py::test_class_mapping_from_init,cynergy/tests/test_register_multiple.py::test_register_multiple
OccamTools,https://github.com/mortele/OccamTools,26c47709f6b870c89403f03ade0950de9f301639,test/test_occam_data.py::test_occam_data_single_input,test/test_occam_data.py::test_occam_data_progress_bars,test/test_occam_data.py::test_occam_data_not_save_to_npy
OccamTools,https://github.com/mortele/OccamTools,26c47709f6b870c89403f03ade0950de9f301639,test/test_occam_data.py::test_occam_data_single_input,test/test_occam_data.py::test_occam_data_save_load,test/test_occam_data.py::test_occam_data_not_save_to_npy
OccamTools,https://github.com/mortele/OccamTools,26c47709f6b870c89403f03ade0950de9f301639,test/test_occam_data.py::test_occam_data_attributes,test/test_occam_data.py::test_occam_data_progress_bars,test/test_occam_data.py::test_occam_data_not_save_to_npy
OccamTools,https://github.com/mortele/OccamTools,26c47709f6b870c89403f03ade0950de9f301639,test/test_occam_data.py::test_occam_data_attributes,test/test_occam_data.py::test_occam_data_save_load,test/test_occam_data.py::test_occam_data_not_save_to_npy
OccamTools,https://github.com/mortele/OccamTools,26c47709f6b870c89403f03ade0950de9f301639,test/test_occam_data.py::test_occam_data_not_equal,test/test_occam_data.py::test_occam_data_save_load,test/test_occam_data.py::test_occam_data_not_save_to_npy
OccamTools,https://github.com/mortele/OccamTools,26c47709f6b870c89403f03ade0950de9f301639,test/test_occam_data.py::test_occam_data_constructor_files,test/test_occam_data.py::test_occam_data_progress_bars,test/test_occam_data.py::test_occam_data_not_save_to_npy
OccamTools,https://github.com/mortele/OccamTools,26c47709f6b870c89403f03ade0950de9f301639,test/test_occam_data.py::test_occam_data_constructor_files,test/test_occam_data.py::test_occam_data_save_load,test/test_occam_data.py::test_occam_data_not_save_to_npy
OccamTools,https://github.com/mortele/OccamTools,26c47709f6b870c89403f03ade0950de9f301639,test/test_occam_data.py::test_occam_data_wrong_input,test/test_occam_data.py::test_occam_data_progress_bars,test/test_occam_data.py::test_occam_data_not_save_to_npy
OccamTools,https://github.com/mortele/OccamTools,26c47709f6b870c89403f03ade0950de9f301639,test/test_occam_data.py::test_occam_data_wrong_input,test/test_occam_data.py::test_occam_data_save_load,test/test_occam_data.py::test_occam_data_not_save_to_npy
OccamTools,https://github.com/mortele/OccamTools,26c47709f6b870c89403f03ade0950de9f301639,test/test_occam_data.py::test_occam_data_not_equal,test/test_occam_data.py::test_occam_data_save_load,test/test_occam_data.py::test_occam_data_progress_bars
OccamTools,https://github.com/mortele/OccamTools,26c47709f6b870c89403f03ade0950de9f301639,test/test_occam_data.py::test_occam_data_single_input,test/test_occam_data.py::test_occam_data_not_equal,test/test_occam_data.py::test_occam_data_progress_bars
OccamTools,https://github.com/mortele/OccamTools,26c47709f6b870c89403f03ade0950de9f301639,test/test_occam_data.py::test_occam_data_single_input,test/test_fort5_to_xyz.py::test_convert_file_name,test/test_occam_data.py::test_occam_data_progress_bars
OccamTools,https://github.com/mortele/OccamTools,26c47709f6b870c89403f03ade0950de9f301639,test/test_occam_data.py::test_occam_data_single_input,test/test_fort5_to_xyz.py::test_fort5_to_xyz_box,test/test_occam_data.py::test_occam_data_progress_bars
Tale,https://github.com/irmen/Tale,a2a26443465ab6978b32d9253e833471500e7b68,tests/test_pubsub.py::TestPubsub::test_idletime,tests/test_mudobjects.py::TestDoorsExits::test_go_through_exit,tests/test_pubsub.py::TestPubsub::test_unsubscribe_all
Tale,https://github.com/irmen/Tale,a2a26443465ab6978b32d9253e833471500e7b68,tests/test_pubsub.py::TestPubsub::test_idletime,tests/test_mudobjects.py::TestDoorsExits::test_linked_door_pair,tests/test_pubsub.py::TestPubsub::test_unsubscribe_all
aries-staticagent-python,https://github.com/hyperledger/aries-staticagent-python,62f0e4e435e4e324f76a8fb724d0f733192bc0c3,tests/test_pack_unpack.py::test_pack_unpack_with_routing_keys,aries_staticagent/static_connection.py::aries_staticagent.static_connection.StaticConnection,tests/test_pack_unpack.py::test_pack_unpack_anon
aries-staticagent-python,https://github.com/hyperledger/aries-staticagent-python,62f0e4e435e4e324f76a8fb724d0f733192bc0c3,tests/test_pack_unpack.py::test_pack_unpack_with_routing_keys,tests/test_crypto.py::test_b64_to_bytes_urlsafe_padding,tests/test_pack_unpack.py::test_pack_unpack_anon
aries-staticagent-python,https://github.com/hyperledger/aries-staticagent-python,62f0e4e435e4e324f76a8fb724d0f733192bc0c3,tests/test_pack_unpack.py::test_pack_unpack_with_routing_keys,aries_staticagent/static_connection.py::aries_staticagent.static_connection.StaticConnection,tests/test_pack_unpack.py::test_pack_unpack_auth
aries-staticagent-python,https://github.com/hyperledger/aries-staticagent-python,62f0e4e435e4e324f76a8fb724d0f733192bc0c3,tests/test_pack_unpack.py::test_pack_unpack_with_routing_keys,tests/test_crypto.py::test_b64_to_bytes_urlsafe_padding,tests/test_pack_unpack.py::test_pack_unpack_auth
atlasclient,https://github.com/jpoullet2000/atlasclient,02b3e7d9a6596d1123fc22b6bfed08d60105d19e,tests/test_models.py::TestDiscoveryREST::test_search_basic_get,tests/test_base.py::TestBase::test_model,tests/test_models.py::TestDiscoveryREST::test_search_attribute_get
atlasclient,https://github.com/jpoullet2000/atlasclient,02b3e7d9a6596d1123fc22b6bfed08d60105d19e,tests/test_models.py::TestDiscoveryREST::test_search_basic_get,tests/test_client.py::TestClient::test_atlas_client,tests/test_models.py::TestDiscoveryREST::test_search_attribute_get
atlasclient,https://github.com/jpoullet2000/atlasclient,02b3e7d9a6596d1123fc22b6bfed08d60105d19e,tests/test_models.py::TestDiscoveryREST::test_search_fulltext_get,tests/test_base.py::TestBase::test_model,tests/test_models.py::TestDiscoveryREST::test_search_attribute_get
atlasclient,https://github.com/jpoullet2000/atlasclient,02b3e7d9a6596d1123fc22b6bfed08d60105d19e,tests/test_models.py::TestDiscoveryREST::test_search_fulltext_get,tests/test_client.py::TestClient::test_atlas_client,tests/test_models.py::TestDiscoveryREST::test_search_attribute_get
atlasclient,https://github.com/jpoullet2000/atlasclient,02b3e7d9a6596d1123fc22b6bfed08d60105d19e,tests/test_models.py::TestDiscoveryREST::test_search_dsl_get,tests/test_base.py::TestBase::test_model,tests/test_models.py::TestDiscoveryREST::test_search_attribute_get
atlasclient,https://github.com/jpoullet2000/atlasclient,02b3e7d9a6596d1123fc22b6bfed08d60105d19e,tests/test_models.py::TestDiscoveryREST::test_search_dsl_get,tests/test_client.py::TestClient::test_atlas_client,tests/test_models.py::TestDiscoveryREST::test_search_attribute_get
atlasclient,https://github.com/jpoullet2000/atlasclient,02b3e7d9a6596d1123fc22b6bfed08d60105d19e,tests/test_models.py::TestDiscoveryREST::test_search_basic_post,tests/test_base.py::TestBase::test_model,tests/test_models.py::TestDiscoveryREST::test_search_attribute_get
atlasclient,https://github.com/jpoullet2000/atlasclient,02b3e7d9a6596d1123fc22b6bfed08d60105d19e,tests/test_models.py::TestDiscoveryREST::test_search_basic_post,tests/test_client.py::TestClient::test_atlas_client,tests/test_models.py::TestDiscoveryREST::test_search_attribute_get
aud,https://github.com/zdhoward/aud,2dfc81dad3da78537e1b1c6f5cc5630ba5b837f9,aud/test_aud.py::test_afx_2,aud/test_aud.py::test_afx_3,aud/test_aud.py::test_export
aud,https://github.com/zdhoward/aud,2dfc81dad3da78537e1b1c6f5cc5630ba5b837f9,aud/test_aud.py::test_cleanup,aud/test_aud.py::test_init,aud/test_aud.py::test_afx_2
aud,https://github.com/zdhoward/aud,2dfc81dad3da78537e1b1c6f5cc5630ba5b837f9,aud/test_aud.py::test_cleanup,aud/test_aud.py::test_init,aud/test_aud.py::test_afx_3
aud,https://github.com/zdhoward/aud,2dfc81dad3da78537e1b1c6f5cc5630ba5b837f9,aud/test_aud.py::test_afx_2,aud/test_aud.py::test_afx_3,aud/test_aud.py::test_export
aud,https://github.com/zdhoward/aud,2dfc81dad3da78537e1b1c6f5cc5630ba5b837f9,aud/test_aud.py::test_init,aud/test_aud.py::test_afx_3,aud/test_aud.py::test_export
cityseer,https://github.com/cityseer/cityseer,2d71d5dc962054f6cd1e87b5a61b43e8f4ddbec0,tests/util/test_mock.py::test_mock_graph,tests/util/test_mock.py::test_mock_data_dict,tests/util/test_mock.py::test_mock_categorical_data
cityseer,https://github.com/cityseer/cityseer,2d71d5dc962054f6cd1e87b5a61b43e8f4ddbec0,tests/util/test_mock.py::test_mock_graph,tests/util/test_mock.py::test_mock_numerical_data,tests/util/test_mock.py::test_mock_categorical_data
cityseer,https://github.com/cityseer/cityseer,2d71d5dc962054f6cd1e87b5a61b43e8f4ddbec0,tests/util/test_mock.py::test_mock_graph,tests/util/test_mock.py::test_mock_species_data,tests/util/test_mock.py::test_mock_categorical_data
cityseer,https://github.com/cityseer/cityseer,2d71d5dc962054f6cd1e87b5a61b43e8f4ddbec0,tests/util/test_mock.py::test_mock_species_data,tests/util/test_mock.py::test_mock_data_dict,tests/util/test_mock.py::test_mock_categorical_data
clu,https://github.com/nir0s/clu,77da967a4577ca4cf100cfe34e87b39ad88bf21c,tests/test_ghost.py::TestStash::test_lock_an_already_locked_key,tests/test_ghost.py::TestCLI::test_delete_bad_passphrase,tests/test_ghost.py::TestSQLAlchemyStorage::test_is_initialized
clu,https://github.com/nir0s/clu,77da967a4577ca4cf100cfe34e87b39ad88bf21c,tests/test_ghost.py::TestStash::test_lock_an_already_locked_key,tests/test_ghost.py::TestCLI::test_delete_key,tests/test_ghost.py::TestSQLAlchemyStorage::test_is_initialized
clu,https://github.com/nir0s/clu,77da967a4577ca4cf100cfe34e87b39ad88bf21c,tests/test_ghost.py::TestTypeSystem::test_put_key_with_missing_oneof_value,tests/test_ghost.py::TestCLI::test_delete_bad_passphrase,tests/test_ghost.py::TestSQLAlchemyStorage::test_is_initialized
clu,https://github.com/nir0s/clu,77da967a4577ca4cf100cfe34e87b39ad88bf21c,tests/test_ghost.py::TestTypeSystem::test_put_key_with_missing_oneof_value,tests/test_ghost.py::TestCLI::test_delete_key,tests/test_ghost.py::TestSQLAlchemyStorage::test_is_initialized
clu,https://github.com/nir0s/clu,77da967a4577ca4cf100cfe34e87b39ad88bf21c,tests/test_ghost.py::TestStash::test_load,tests/test_ghost.py::TestCLI::test_delete_bad_passphrase,tests/test_ghost.py::TestSQLAlchemyStorage::test_is_initialized
clu,https://github.com/nir0s/clu,77da967a4577ca4cf100cfe34e87b39ad88bf21c,tests/test_ghost.py::TestStash::test_load,tests/test_ghost.py::TestCLI::test_delete_key,tests/test_ghost.py::TestSQLAlchemyStorage::test_is_initialized
clu,https://github.com/nir0s/clu,77da967a4577ca4cf100cfe34e87b39ad88bf21c,tests/test_ghost.py::TestStash::test_put,tests/test_ghost.py::TestCLI::test_delete_bad_passphrase,tests/test_ghost.py::TestSQLAlchemyStorage::test_is_initialized
clu,https://github.com/nir0s/clu,77da967a4577ca4cf100cfe34e87b39ad88bf21c,tests/test_ghost.py::TestStash::test_put,tests/test_ghost.py::TestCLI::test_delete_key,tests/test_ghost.py::TestSQLAlchemyStorage::test_is_initialized
clu,https://github.com/nir0s/clu,77da967a4577ca4cf100cfe34e87b39ad88bf21c,tests/test_ghost.py::TestStash::test_put_add_to_existing_key_overwrite_value,tests/test_ghost.py::TestCLI::test_delete_bad_passphrase,tests/test_ghost.py::TestSQLAlchemyStorage::test_is_initialized
clu,https://github.com/nir0s/clu,77da967a4577ca4cf100cfe34e87b39ad88bf21c,tests/test_ghost.py::TestStash::test_put_add_to_existing_key_overwrite_value,tests/test_ghost.py::TestCLI::test_delete_key,tests/test_ghost.py::TestSQLAlchemyStorage::test_is_initialized
clu,https://github.com/nir0s/clu,77da967a4577ca4cf100cfe34e87b39ad88bf21c,tests/test_ghost.py::TestStash::test_lock_an_already_locked_key,tests/test_ghost.py::TestCLI::test_delete_bad_passphrase,tests/test_ghost.py::TestTinyDBStorage::test_init_stash_in_current_dir
clu,https://github.com/nir0s/clu,77da967a4577ca4cf100cfe34e87b39ad88bf21c,tests/test_ghost.py::TestStash::test_lock_an_already_locked_key,tests/test_ghost.py::TestCLI::test_delete_key,tests/test_ghost.py::TestTinyDBStorage::test_init_stash_in_current_dir
clu,https://github.com/nir0s/clu,77da967a4577ca4cf100cfe34e87b39ad88bf21c,tests/test_ghost.py::TestTypeSystem::test_put_key_with_missing_oneof_value,tests/test_ghost.py::TestCLI::test_delete_bad_passphrase,tests/test_ghost.py::TestTinyDBStorage::test_init_stash_in_current_dir
clu,https://github.com/nir0s/clu,77da967a4577ca4cf100cfe34e87b39ad88bf21c,tests/test_ghost.py::TestTypeSystem::test_put_key_with_missing_oneof_value,tests/test_ghost.py::TestCLI::test_delete_key,tests/test_ghost.py::TestTinyDBStorage::test_init_stash_in_current_dir
clu,https://github.com/nir0s/clu,77da967a4577ca4cf100cfe34e87b39ad88bf21c,tests/test_ghost.py::TestStash::test_load,tests/test_ghost.py::TestCLI::test_delete_bad_passphrase,tests/test_ghost.py::TestTinyDBStorage::test_init_stash_in_current_dir
clu,https://github.com/nir0s/clu,77da967a4577ca4cf100cfe34e87b39ad88bf21c,tests/test_ghost.py::TestStash::test_load,tests/test_ghost.py::TestCLI::test_delete_key,tests/test_ghost.py::TestTinyDBStorage::test_init_stash_in_current_dir
clu,https://github.com/nir0s/clu,77da967a4577ca4cf100cfe34e87b39ad88bf21c,tests/test_ghost.py::TestStash::test_put,tests/test_ghost.py::TestCLI::test_delete_bad_passphrase,tests/test_ghost.py::TestTinyDBStorage::test_init_stash_in_current_dir
clu,https://github.com/nir0s/clu,77da967a4577ca4cf100cfe34e87b39ad88bf21c,tests/test_ghost.py::TestStash::test_put,tests/test_ghost.py::TestCLI::test_delete_key,tests/test_ghost.py::TestTinyDBStorage::test_init_stash_in_current_dir
clu,https://github.com/nir0s/clu,77da967a4577ca4cf100cfe34e87b39ad88bf21c,tests/test_ghost.py::TestStash::test_put_add_to_existing_key_overwrite_value,tests/test_ghost.py::TestCLI::test_delete_bad_passphrase,tests/test_ghost.py::TestTinyDBStorage::test_init_stash_in_current_dir
clu,https://github.com/nir0s/clu,77da967a4577ca4cf100cfe34e87b39ad88bf21c,tests/test_ghost.py::TestStash::test_put_add_to_existing_key_overwrite_value,tests/test_ghost.py::TestCLI::test_delete_key,tests/test_ghost.py::TestTinyDBStorage::test_init_stash_in_current_dir
clu,https://github.com/nir0s/clu,77da967a4577ca4cf100cfe34e87b39ad88bf21c,tests/test_ghost.py::TestStash::test_lock_an_already_locked_key,tests/test_ghost.py::TestCLI::test_delete_bad_passphrase,tests/test_ghost.py::TestTinyDBStorage::test_is_initialized
clu,https://github.com/nir0s/clu,77da967a4577ca4cf100cfe34e87b39ad88bf21c,tests/test_ghost.py::TestStash::test_lock_an_already_locked_key,tests/test_ghost.py::TestCLI::test_delete_key,tests/test_ghost.py::TestTinyDBStorage::test_is_initialized
clu,https://github.com/nir0s/clu,77da967a4577ca4cf100cfe34e87b39ad88bf21c,tests/test_ghost.py::TestTypeSystem::test_put_key_with_missing_oneof_value,tests/test_ghost.py::TestCLI::test_delete_bad_passphrase,tests/test_ghost.py::TestTinyDBStorage::test_is_initialized
clu,https://github.com/nir0s/clu,77da967a4577ca4cf100cfe34e87b39ad88bf21c,tests/test_ghost.py::TestTypeSystem::test_put_key_with_missing_oneof_value,tests/test_ghost.py::TestCLI::test_delete_key,tests/test_ghost.py::TestTinyDBStorage::test_is_initialized
clu,https://github.com/nir0s/clu,77da967a4577ca4cf100cfe34e87b39ad88bf21c,tests/test_ghost.py::TestStash::test_load,tests/test_ghost.py::TestCLI::test_delete_bad_passphrase,tests/test_ghost.py::TestTinyDBStorage::test_is_initialized
clu,https://github.com/nir0s/clu,77da967a4577ca4cf100cfe34e87b39ad88bf21c,tests/test_ghost.py::TestStash::test_load,tests/test_ghost.py::TestCLI::test_delete_key,tests/test_ghost.py::TestTinyDBStorage::test_is_initialized
clu,https://github.com/nir0s/clu,77da967a4577ca4cf100cfe34e87b39ad88bf21c,tests/test_ghost.py::TestStash::test_put,tests/test_ghost.py::TestCLI::test_delete_bad_passphrase,tests/test_ghost.py::TestTinyDBStorage::test_is_initialized
clu,https://github.com/nir0s/clu,77da967a4577ca4cf100cfe34e87b39ad88bf21c,tests/test_ghost.py::TestStash::test_put,tests/test_ghost.py::TestCLI::test_delete_key,tests/test_ghost.py::TestTinyDBStorage::test_is_initialized
clu,https://github.com/nir0s/clu,77da967a4577ca4cf100cfe34e87b39ad88bf21c,tests/test_ghost.py::TestStash::test_put_add_to_existing_key_overwrite_value,tests/test_ghost.py::TestCLI::test_delete_bad_passphrase,tests/test_ghost.py::TestTinyDBStorage::test_is_initialized
clu,https://github.com/nir0s/clu,77da967a4577ca4cf100cfe34e87b39ad88bf21c,tests/test_ghost.py::TestStash::test_put_add_to_existing_key_overwrite_value,tests/test_ghost.py::TestCLI::test_delete_key,tests/test_ghost.py::TestTinyDBStorage::test_is_initialized
coinbase-commerce-python,https://github.com/coinbase/coinbase-commerce-python,d306fc562309edb909c8ace501c63327a7635975,tests/test_api_client.py::TestApiClient::test_param_required_error,tests/test_api_client.py::TestApiClient::test_internal_server_error,tests/test_api_client.py::TestApiClient::test_authentication_error
coinbase-commerce-python,https://github.com/coinbase/coinbase-commerce-python,d306fc562309edb909c8ace501c63327a7635975,tests/test_api_client.py::TestApiClient::test_param_required_error,tests/test_api_client.py::TestApiClient::test_rate_limit_exceeded_error,tests/test_api_client.py::TestApiClient::test_authentication_error
coinbase-commerce-python,https://github.com/coinbase/coinbase-commerce-python,d306fc562309edb909c8ace501c63327a7635975,tests/test_api_client.py::TestApiClient::test_validation_error,tests/test_api_client.py::TestApiClient::test_internal_server_error,tests/test_api_client.py::TestApiClient::test_authentication_error
coinbase-commerce-python,https://github.com/coinbase/coinbase-commerce-python,d306fc562309edb909c8ace501c63327a7635975,tests/test_api_client.py::TestApiClient::test_validation_error,tests/test_api_client.py::TestApiClient::test_rate_limit_exceeded_error,tests/test_api_client.py::TestApiClient::test_authentication_error
coinbase-commerce-python,https://github.com/coinbase/coinbase-commerce-python,d306fc562309edb909c8ace501c63327a7635975,tests/test_api_client.py::TestApiClient::test_param_required_error,tests/test_api_client.py::TestApiClient::test_internal_server_error,tests/test_api_client.py::TestApiClient::test_invalid_request_error
coinbase-commerce-python,https://github.com/coinbase/coinbase-commerce-python,d306fc562309edb909c8ace501c63327a7635975,tests/test_api_client.py::TestApiClient::test_param_required_error,tests/test_api_client.py::TestApiClient::test_rate_limit_exceeded_error,tests/test_api_client.py::TestApiClient::test_invalid_request_error
coinbase-commerce-python,https://github.com/coinbase/coinbase-commerce-python,d306fc562309edb909c8ace501c63327a7635975,tests/test_api_client.py::TestApiClient::test_validation_error,tests/test_api_client.py::TestApiClient::test_internal_server_error,tests/test_api_client.py::TestApiClient::test_invalid_request_error
coinbase-commerce-python,https://github.com/coinbase/coinbase-commerce-python,d306fc562309edb909c8ace501c63327a7635975,tests/test_api_client.py::TestApiClient::test_validation_error,tests/test_api_client.py::TestApiClient::test_rate_limit_exceeded_error,tests/test_api_client.py::TestApiClient::test_invalid_request_error
coinbase-commerce-python,https://github.com/coinbase/coinbase-commerce-python,d306fc562309edb909c8ace501c63327a7635975,tests/test_api_client.py::TestApiClient::test_param_required_error,tests/test_api_client.py::TestApiClient::test_internal_server_error,tests/test_api_client.py::TestApiClient::test_resource_not_found_error
coinbase-commerce-python,https://github.com/coinbase/coinbase-commerce-python,d306fc562309edb909c8ace501c63327a7635975,tests/test_api_client.py::TestApiClient::test_param_required_error,tests/test_api_client.py::TestApiClient::test_rate_limit_exceeded_error,tests/test_api_client.py::TestApiClient::test_resource_not_found_error
coinbase-commerce-python,https://github.com/coinbase/coinbase-commerce-python,d306fc562309edb909c8ace501c63327a7635975,tests/test_api_client.py::TestApiClient::test_validation_error,tests/test_api_client.py::TestApiClient::test_internal_server_error,tests/test_api_client.py::TestApiClient::test_resource_not_found_error
coinbase-commerce-python,https://github.com/coinbase/coinbase-commerce-python,d306fc562309edb909c8ace501c63327a7635975,tests/test_api_client.py::TestApiClient::test_validation_error,tests/test_api_client.py::TestApiClient::test_rate_limit_exceeded_error,tests/test_api_client.py::TestApiClient::test_resource_not_found_error
colltools,https://github.com/JakubTesarek/colltools,e50f98ccda33ab409fcdba277a39f071824e24c7,tests/test_name_registry.py::test_gets_instance,tests/test_name_registry.py::test_validates_name,tests/test_name_registry.py::test_name_registry_has_no_instances
colltools,https://github.com/JakubTesarek/colltools,e50f98ccda33ab409fcdba277a39f071824e24c7,tests/test_name_registry.py::test_singleton_instances,tests/test_name_registry.py::test_validates_name,tests/test_name_registry.py::test_name_registry_has_no_instances
colltools,https://github.com/JakubTesarek/colltools,e50f98ccda33ab409fcdba277a39f071824e24c7,tests/test_name_registry.py::test_repr,tests/test_name_registry.py::test_validates_name,tests/test_name_registry.py::test_name_registry_has_no_instances
colltools,https://github.com/JakubTesarek/colltools,e50f98ccda33ab409fcdba277a39f071824e24c7,tests/test_name_registry.py::test_name_attribute,tests/test_name_registry.py::test_validates_name,tests/test_name_registry.py::test_name_registry_has_no_instances
config-better,https://github.com/kade-robertson/config-better,c14638da3fe95a669a04db2602e1f6ea15591c36,tests/test___init__.py::TestXDG::test_xdg_data,tests/test___init__.py::TestMakedirs::test_cache_dir,tests/test___init__.py::TestLinuxNoXDG::test_noxdg_cache
config-better,https://github.com/kade-robertson/config-better,c14638da3fe95a669a04db2602e1f6ea15591c36,tests/test___init__.py::TestXDG::test_xdg_data,tests/test___init__.py::TestMakedirs::test_config_dir,tests/test___init__.py::TestLinuxNoXDG::test_noxdg_cache
config-better,https://github.com/kade-robertson/config-better,c14638da3fe95a669a04db2602e1f6ea15591c36,tests/test___init__.py::TestXDG::test_xdg_config,tests/test___init__.py::TestMakedirs::test_cache_dir,tests/test___init__.py::TestLinuxNoXDG::test_noxdg_cache
config-better,https://github.com/kade-robertson/config-better,c14638da3fe95a669a04db2602e1f6ea15591c36,tests/test___init__.py::TestXDG::test_xdg_config,tests/test___init__.py::TestMakedirs::test_config_dir,tests/test___init__.py::TestLinuxNoXDG::test_noxdg_cache
config-better,https://github.com/kade-robertson/config-better,c14638da3fe95a669a04db2602e1f6ea15591c36,tests/test___init__.py::TestXDG::test_xdg_cache,tests/test___init__.py::TestMakedirs::test_cache_dir,tests/test___init__.py::TestLinuxNoXDG::test_noxdg_cache
config-better,https://github.com/kade-robertson/config-better,c14638da3fe95a669a04db2602e1f6ea15591c36,tests/test___init__.py::TestXDG::test_xdg_cache,tests/test___init__.py::TestMakedirs::test_config_dir,tests/test___init__.py::TestLinuxNoXDG::test_noxdg_cache
config-better,https://github.com/kade-robertson/config-better,c14638da3fe95a669a04db2602e1f6ea15591c36,tests/test___init__.py::TestXDG::test_xdg_data,tests/test___init__.py::TestMakedirs::test_cache_dir,tests/test___init__.py::TestLinuxNoXDG::test_noxdg_config
config-better,https://github.com/kade-robertson/config-better,c14638da3fe95a669a04db2602e1f6ea15591c36,tests/test___init__.py::TestXDG::test_xdg_data,tests/test___init__.py::TestMakedirs::test_config_dir,tests/test___init__.py::TestLinuxNoXDG::test_noxdg_config
config-better,https://github.com/kade-robertson/config-better,c14638da3fe95a669a04db2602e1f6ea15591c36,tests/test___init__.py::TestXDG::test_xdg_config,tests/test___init__.py::TestMakedirs::test_cache_dir,tests/test___init__.py::TestLinuxNoXDG::test_noxdg_config
config-better,https://github.com/kade-robertson/config-better,c14638da3fe95a669a04db2602e1f6ea15591c36,tests/test___init__.py::TestXDG::test_xdg_config,tests/test___init__.py::TestMakedirs::test_config_dir,tests/test___init__.py::TestLinuxNoXDG::test_noxdg_config
config-better,https://github.com/kade-robertson/config-better,c14638da3fe95a669a04db2602e1f6ea15591c36,tests/test___init__.py::TestXDG::test_xdg_cache,tests/test___init__.py::TestMakedirs::test_cache_dir,tests/test___init__.py::TestLinuxNoXDG::test_noxdg_config
config-better,https://github.com/kade-robertson/config-better,c14638da3fe95a669a04db2602e1f6ea15591c36,tests/test___init__.py::TestXDG::test_xdg_cache,tests/test___init__.py::TestMakedirs::test_config_dir,tests/test___init__.py::TestLinuxNoXDG::test_noxdg_config
config-better,https://github.com/kade-robertson/config-better,c14638da3fe95a669a04db2602e1f6ea15591c36,tests/test___init__.py::TestXDG::test_xdg_data,tests/test___init__.py::TestMakedirs::test_cache_dir,tests/test___init__.py::TestLinuxNoXDG::test_noxdg_data
config-better,https://github.com/kade-robertson/config-better,c14638da3fe95a669a04db2602e1f6ea15591c36,tests/test___init__.py::TestXDG::test_xdg_data,tests/test___init__.py::TestMakedirs::test_config_dir,tests/test___init__.py::TestLinuxNoXDG::test_noxdg_data
config-better,https://github.com/kade-robertson/config-better,c14638da3fe95a669a04db2602e1f6ea15591c36,tests/test___init__.py::TestXDG::test_xdg_config,tests/test___init__.py::TestMakedirs::test_cache_dir,tests/test___init__.py::TestLinuxNoXDG::test_noxdg_data
config-better,https://github.com/kade-robertson/config-better,c14638da3fe95a669a04db2602e1f6ea15591c36,tests/test___init__.py::TestXDG::test_xdg_config,tests/test___init__.py::TestMakedirs::test_config_dir,tests/test___init__.py::TestLinuxNoXDG::test_noxdg_data
config-better,https://github.com/kade-robertson/config-better,c14638da3fe95a669a04db2602e1f6ea15591c36,tests/test___init__.py::TestXDG::test_xdg_cache,tests/test___init__.py::TestMakedirs::test_cache_dir,tests/test___init__.py::TestLinuxNoXDG::test_noxdg_data
config-better,https://github.com/kade-robertson/config-better,c14638da3fe95a669a04db2602e1f6ea15591c36,tests/test___init__.py::TestXDG::test_xdg_cache,tests/test___init__.py::TestMakedirs::test_config_dir,tests/test___init__.py::TestLinuxNoXDG::test_noxdg_data
config-better,https://github.com/kade-robertson/config-better,c14638da3fe95a669a04db2602e1f6ea15591c36,tests/test___init__.py::TestXDG::test_xdg_data,tests/test___init__.py::TestMakedirs::test_cache_dir,tests/test___init__.py::TestMacForceUnix::test_noxdg_cache
config-better,https://github.com/kade-robertson/config-better,c14638da3fe95a669a04db2602e1f6ea15591c36,tests/test___init__.py::TestXDG::test_xdg_data,tests/test___init__.py::TestMakedirs::test_config_dir,tests/test___init__.py::TestMacForceUnix::test_noxdg_cache
config-better,https://github.com/kade-robertson/config-better,c14638da3fe95a669a04db2602e1f6ea15591c36,tests/test___init__.py::TestXDG::test_xdg_config,tests/test___init__.py::TestMakedirs::test_cache_dir,tests/test___init__.py::TestMacForceUnix::test_noxdg_cache
config-better,https://github.com/kade-robertson/config-better,c14638da3fe95a669a04db2602e1f6ea15591c36,tests/test___init__.py::TestXDG::test_xdg_config,tests/test___init__.py::TestMakedirs::test_config_dir,tests/test___init__.py::TestMacForceUnix::test_noxdg_cache
config-better,https://github.com/kade-robertson/config-better,c14638da3fe95a669a04db2602e1f6ea15591c36,tests/test___init__.py::TestXDG::test_xdg_cache,tests/test___init__.py::TestMakedirs::test_cache_dir,tests/test___init__.py::TestMacForceUnix::test_noxdg_cache
config-better,https://github.com/kade-robertson/config-better,c14638da3fe95a669a04db2602e1f6ea15591c36,tests/test___init__.py::TestXDG::test_xdg_cache,tests/test___init__.py::TestMakedirs::test_config_dir,tests/test___init__.py::TestMacForceUnix::test_noxdg_cache
config-better,https://github.com/kade-robertson/config-better,c14638da3fe95a669a04db2602e1f6ea15591c36,tests/test___init__.py::TestXDG::test_xdg_data,tests/test___init__.py::TestMakedirs::test_cache_dir,tests/test___init__.py::TestMacForceUnix::test_noxdg_config
config-better,https://github.com/kade-robertson/config-better,c14638da3fe95a669a04db2602e1f6ea15591c36,tests/test___init__.py::TestXDG::test_xdg_data,tests/test___init__.py::TestMakedirs::test_config_dir,tests/test___init__.py::TestMacForceUnix::test_noxdg_config
config-better,https://github.com/kade-robertson/config-better,c14638da3fe95a669a04db2602e1f6ea15591c36,tests/test___init__.py::TestXDG::test_xdg_config,tests/test___init__.py::TestMakedirs::test_cache_dir,tests/test___init__.py::TestMacForceUnix::test_noxdg_config
config-better,https://github.com/kade-robertson/config-better,c14638da3fe95a669a04db2602e1f6ea15591c36,tests/test___init__.py::TestXDG::test_xdg_config,tests/test___init__.py::TestMakedirs::test_config_dir,tests/test___init__.py::TestMacForceUnix::test_noxdg_config
config-better,https://github.com/kade-robertson/config-better,c14638da3fe95a669a04db2602e1f6ea15591c36,tests/test___init__.py::TestXDG::test_xdg_cache,tests/test___init__.py::TestMakedirs::test_cache_dir,tests/test___init__.py::TestMacForceUnix::test_noxdg_config
config-better,https://github.com/kade-robertson/config-better,c14638da3fe95a669a04db2602e1f6ea15591c36,tests/test___init__.py::TestXDG::test_xdg_cache,tests/test___init__.py::TestMakedirs::test_config_dir,tests/test___init__.py::TestMacForceUnix::test_noxdg_config
config-better,https://github.com/kade-robertson/config-better,c14638da3fe95a669a04db2602e1f6ea15591c36,tests/test___init__.py::TestXDG::test_xdg_data,tests/test___init__.py::TestMakedirs::test_cache_dir,tests/test___init__.py::TestMacForceUnix::test_noxdg_data
config-better,https://github.com/kade-robertson/config-better,c14638da3fe95a669a04db2602e1f6ea15591c36,tests/test___init__.py::TestXDG::test_xdg_data,tests/test___init__.py::TestMakedirs::test_config_dir,tests/test___init__.py::TestMacForceUnix::test_noxdg_data
config-better,https://github.com/kade-robertson/config-better,c14638da3fe95a669a04db2602e1f6ea15591c36,tests/test___init__.py::TestXDG::test_xdg_config,tests/test___init__.py::TestMakedirs::test_cache_dir,tests/test___init__.py::TestMacForceUnix::test_noxdg_data
config-better,https://github.com/kade-robertson/config-better,c14638da3fe95a669a04db2602e1f6ea15591c36,tests/test___init__.py::TestXDG::test_xdg_config,tests/test___init__.py::TestMakedirs::test_config_dir,tests/test___init__.py::TestMacForceUnix::test_noxdg_data
config-better,https://github.com/kade-robertson/config-better,c14638da3fe95a669a04db2602e1f6ea15591c36,tests/test___init__.py::TestXDG::test_xdg_cache,tests/test___init__.py::TestMakedirs::test_cache_dir,tests/test___init__.py::TestMacForceUnix::test_noxdg_data
config-better,https://github.com/kade-robertson/config-better,c14638da3fe95a669a04db2602e1f6ea15591c36,tests/test___init__.py::TestXDG::test_xdg_cache,tests/test___init__.py::TestMakedirs::test_config_dir,tests/test___init__.py::TestMacForceUnix::test_noxdg_data
config-better,https://github.com/kade-robertson/config-better,c14638da3fe95a669a04db2602e1f6ea15591c36,tests/test___init__.py::TestXDG::test_xdg_data,tests/test___init__.py::TestMakedirs::test_cache_dir,tests/test___init__.py::TestMacNoXDG::test_noxdg_cache
config-better,https://github.com/kade-robertson/config-better,c14638da3fe95a669a04db2602e1f6ea15591c36,tests/test___init__.py::TestXDG::test_xdg_data,tests/test___init__.py::TestMakedirs::test_config_dir,tests/test___init__.py::TestMacNoXDG::test_noxdg_cache
config-better,https://github.com/kade-robertson/config-better,c14638da3fe95a669a04db2602e1f6ea15591c36,tests/test___init__.py::TestXDG::test_xdg_config,tests/test___init__.py::TestMakedirs::test_cache_dir,tests/test___init__.py::TestMacNoXDG::test_noxdg_cache
config-better,https://github.com/kade-robertson/config-better,c14638da3fe95a669a04db2602e1f6ea15591c36,tests/test___init__.py::TestXDG::test_xdg_config,tests/test___init__.py::TestMakedirs::test_config_dir,tests/test___init__.py::TestMacNoXDG::test_noxdg_cache
config-better,https://github.com/kade-robertson/config-better,c14638da3fe95a669a04db2602e1f6ea15591c36,tests/test___init__.py::TestXDG::test_xdg_cache,tests/test___init__.py::TestMakedirs::test_cache_dir,tests/test___init__.py::TestMacNoXDG::test_noxdg_cache
config-better,https://github.com/kade-robertson/config-better,c14638da3fe95a669a04db2602e1f6ea15591c36,tests/test___init__.py::TestXDG::test_xdg_cache,tests/test___init__.py::TestMakedirs::test_config_dir,tests/test___init__.py::TestMacNoXDG::test_noxdg_cache
config-better,https://github.com/kade-robertson/config-better,c14638da3fe95a669a04db2602e1f6ea15591c36,tests/test___init__.py::TestXDG::test_xdg_data,tests/test___init__.py::TestMakedirs::test_cache_dir,tests/test___init__.py::TestMacNoXDG::test_noxdg_config
config-better,https://github.com/kade-robertson/config-better,c14638da3fe95a669a04db2602e1f6ea15591c36,tests/test___init__.py::TestXDG::test_xdg_data,tests/test___init__.py::TestMakedirs::test_config_dir,tests/test___init__.py::TestMacNoXDG::test_noxdg_config
config-better,https://github.com/kade-robertson/config-better,c14638da3fe95a669a04db2602e1f6ea15591c36,tests/test___init__.py::TestXDG::test_xdg_config,tests/test___init__.py::TestMakedirs::test_cache_dir,tests/test___init__.py::TestMacNoXDG::test_noxdg_config
config-better,https://github.com/kade-robertson/config-better,c14638da3fe95a669a04db2602e1f6ea15591c36,tests/test___init__.py::TestXDG::test_xdg_config,tests/test___init__.py::TestMakedirs::test_config_dir,tests/test___init__.py::TestMacNoXDG::test_noxdg_config
config-better,https://github.com/kade-robertson/config-better,c14638da3fe95a669a04db2602e1f6ea15591c36,tests/test___init__.py::TestXDG::test_xdg_cache,tests/test___init__.py::TestMakedirs::test_cache_dir,tests/test___init__.py::TestMacNoXDG::test_noxdg_config
config-better,https://github.com/kade-robertson/config-better,c14638da3fe95a669a04db2602e1f6ea15591c36,tests/test___init__.py::TestXDG::test_xdg_cache,tests/test___init__.py::TestMakedirs::test_config_dir,tests/test___init__.py::TestMacNoXDG::test_noxdg_config
config-better,https://github.com/kade-robertson/config-better,c14638da3fe95a669a04db2602e1f6ea15591c36,tests/test___init__.py::TestXDG::test_xdg_data,tests/test___init__.py::TestMakedirs::test_cache_dir,tests/test___init__.py::TestMacNoXDG::test_noxdg_data
config-better,https://github.com/kade-robertson/config-better,c14638da3fe95a669a04db2602e1f6ea15591c36,tests/test___init__.py::TestXDG::test_xdg_data,tests/test___init__.py::TestMakedirs::test_config_dir,tests/test___init__.py::TestMacNoXDG::test_noxdg_data
config-better,https://github.com/kade-robertson/config-better,c14638da3fe95a669a04db2602e1f6ea15591c36,tests/test___init__.py::TestXDG::test_xdg_config,tests/test___init__.py::TestMakedirs::test_cache_dir,tests/test___init__.py::TestMacNoXDG::test_noxdg_data
config-better,https://github.com/kade-robertson/config-better,c14638da3fe95a669a04db2602e1f6ea15591c36,tests/test___init__.py::TestXDG::test_xdg_config,tests/test___init__.py::TestMakedirs::test_config_dir,tests/test___init__.py::TestMacNoXDG::test_noxdg_data
config-better,https://github.com/kade-robertson/config-better,c14638da3fe95a669a04db2602e1f6ea15591c36,tests/test___init__.py::TestXDG::test_xdg_cache,tests/test___init__.py::TestMakedirs::test_cache_dir,tests/test___init__.py::TestMacNoXDG::test_noxdg_data
config-better,https://github.com/kade-robertson/config-better,c14638da3fe95a669a04db2602e1f6ea15591c36,tests/test___init__.py::TestXDG::test_xdg_cache,tests/test___init__.py::TestMakedirs::test_config_dir,tests/test___init__.py::TestMacNoXDG::test_noxdg_data
config-better,https://github.com/kade-robertson/config-better,c14638da3fe95a669a04db2602e1f6ea15591c36,tests/test___init__.py::TestXDG::test_xdg_data,tests/test___init__.py::TestMakedirs::test_cache_dir,tests/test___init__.py::TestWindowsNoXDG::test_noxdg_cache
config-better,https://github.com/kade-robertson/config-better,c14638da3fe95a669a04db2602e1f6ea15591c36,tests/test___init__.py::TestXDG::test_xdg_data,tests/test___init__.py::TestMakedirs::test_config_dir,tests/test___init__.py::TestWindowsNoXDG::test_noxdg_cache
config-better,https://github.com/kade-robertson/config-better,c14638da3fe95a669a04db2602e1f6ea15591c36,tests/test___init__.py::TestXDG::test_xdg_config,tests/test___init__.py::TestMakedirs::test_cache_dir,tests/test___init__.py::TestWindowsNoXDG::test_noxdg_cache
config-better,https://github.com/kade-robertson/config-better,c14638da3fe95a669a04db2602e1f6ea15591c36,tests/test___init__.py::TestXDG::test_xdg_config,tests/test___init__.py::TestMakedirs::test_config_dir,tests/test___init__.py::TestWindowsNoXDG::test_noxdg_cache
config-better,https://github.com/kade-robertson/config-better,c14638da3fe95a669a04db2602e1f6ea15591c36,tests/test___init__.py::TestXDG::test_xdg_cache,tests/test___init__.py::TestMakedirs::test_cache_dir,tests/test___init__.py::TestWindowsNoXDG::test_noxdg_cache
config-better,https://github.com/kade-robertson/config-better,c14638da3fe95a669a04db2602e1f6ea15591c36,tests/test___init__.py::TestXDG::test_xdg_cache,tests/test___init__.py::TestMakedirs::test_config_dir,tests/test___init__.py::TestWindowsNoXDG::test_noxdg_cache
config-better,https://github.com/kade-robertson/config-better,c14638da3fe95a669a04db2602e1f6ea15591c36,tests/test___init__.py::TestXDG::test_xdg_data,tests/test___init__.py::TestMakedirs::test_cache_dir,tests/test___init__.py::TestWindowsNoXDG::test_noxdg_config
config-better,https://github.com/kade-robertson/config-better,c14638da3fe95a669a04db2602e1f6ea15591c36,tests/test___init__.py::TestXDG::test_xdg_data,tests/test___init__.py::TestMakedirs::test_config_dir,tests/test___init__.py::TestWindowsNoXDG::test_noxdg_config
config-better,https://github.com/kade-robertson/config-better,c14638da3fe95a669a04db2602e1f6ea15591c36,tests/test___init__.py::TestXDG::test_xdg_config,tests/test___init__.py::TestMakedirs::test_cache_dir,tests/test___init__.py::TestWindowsNoXDG::test_noxdg_config
config-better,https://github.com/kade-robertson/config-better,c14638da3fe95a669a04db2602e1f6ea15591c36,tests/test___init__.py::TestXDG::test_xdg_config,tests/test___init__.py::TestMakedirs::test_config_dir,tests/test___init__.py::TestWindowsNoXDG::test_noxdg_config
config-better,https://github.com/kade-robertson/config-better,c14638da3fe95a669a04db2602e1f6ea15591c36,tests/test___init__.py::TestXDG::test_xdg_cache,tests/test___init__.py::TestMakedirs::test_cache_dir,tests/test___init__.py::TestWindowsNoXDG::test_noxdg_config
config-better,https://github.com/kade-robertson/config-better,c14638da3fe95a669a04db2602e1f6ea15591c36,tests/test___init__.py::TestXDG::test_xdg_cache,tests/test___init__.py::TestMakedirs::test_config_dir,tests/test___init__.py::TestWindowsNoXDG::test_noxdg_config
config-better,https://github.com/kade-robertson/config-better,c14638da3fe95a669a04db2602e1f6ea15591c36,tests/test___init__.py::TestXDG::test_xdg_data,tests/test___init__.py::TestMakedirs::test_cache_dir,tests/test___init__.py::TestWindowsNoXDG::test_noxdg_data
config-better,https://github.com/kade-robertson/config-better,c14638da3fe95a669a04db2602e1f6ea15591c36,tests/test___init__.py::TestXDG::test_xdg_data,tests/test___init__.py::TestMakedirs::test_config_dir,tests/test___init__.py::TestWindowsNoXDG::test_noxdg_data
config-better,https://github.com/kade-robertson/config-better,c14638da3fe95a669a04db2602e1f6ea15591c36,tests/test___init__.py::TestXDG::test_xdg_config,tests/test___init__.py::TestMakedirs::test_cache_dir,tests/test___init__.py::TestWindowsNoXDG::test_noxdg_data
config-better,https://github.com/kade-robertson/config-better,c14638da3fe95a669a04db2602e1f6ea15591c36,tests/test___init__.py::TestXDG::test_xdg_config,tests/test___init__.py::TestMakedirs::test_config_dir,tests/test___init__.py::TestWindowsNoXDG::test_noxdg_data
config-better,https://github.com/kade-robertson/config-better,c14638da3fe95a669a04db2602e1f6ea15591c36,tests/test___init__.py::TestXDG::test_xdg_cache,tests/test___init__.py::TestMakedirs::test_cache_dir,tests/test___init__.py::TestWindowsNoXDG::test_noxdg_data
config-better,https://github.com/kade-robertson/config-better,c14638da3fe95a669a04db2602e1f6ea15591c36,tests/test___init__.py::TestXDG::test_xdg_cache,tests/test___init__.py::TestMakedirs::test_config_dir,tests/test___init__.py::TestWindowsNoXDG::test_noxdg_data
confight,https://github.com/avature/confight,be2d162c99cc3c709289913de137f8d8bfbd35d5,test_confight.py::TestLoad::test_it_should_load_paths_for_given_format,test_confight.py::TestFind::test_it_should_load_files_in_order,test_confight.py::TestLoad::test_it_should_load_and_merge_lists_of_paths
confight,https://github.com/avature/confight,be2d162c99cc3c709289913de137f8d8bfbd35d5,test_confight.py::TestLoad::test_it_should_load_paths_for_given_format,test_confight.py::TestFind::test_it_should_load_full_paths,test_confight.py::TestLoad::test_it_should_load_and_merge_lists_of_paths
coo,https://github.com/wilfredinni/coo,da9e75d46ed65599cd2223b029ac30c08496a80b,tests/test_coo.py::test_tweet_media_update,tests/test_coo.py::test_tweet_media_TwitterError,tests/test_coo.py::test_tweet_none_media_TwitterError
coo,https://github.com/wilfredinni/coo,da9e75d46ed65599cd2223b029ac30c08496a80b,tests/test_coo.py::test_tweet[updates2-now-None-$message-local],tests/test_coo.py::test_tweet_media_TwitterError,tests/test_coo.py::test_tweet_none_media_TwitterError
coo,https://github.com/wilfredinni/coo,da9e75d46ed65599cd2223b029ac30c08496a80b,tests/test_coo.py::test_tweet[updates3-now-now-None-local],tests/test_coo.py::test_tweet_media_TwitterError,tests/test_coo.py::test_tweet_none_media_TwitterError
coo,https://github.com/wilfredinni/coo,da9e75d46ed65599cd2223b029ac30c08496a80b,tests/test_coo.py::test_tweet_media_FileNotFoundError,tests/test_coo.py::test_tweet_media_TwitterError,tests/test_coo.py::test_tweet_none_media_TwitterError
coo,https://github.com/wilfredinni/coo,da9e75d46ed65599cd2223b029ac30c08496a80b,tests/test_coo.py::test_schedule_time_zone_media,tests/test_coo.py::test_tweet_media_TwitterError,tests/test_coo.py::test_tweet_none_media_TwitterError
crom,https://github.com/thegetty/crom,98bb6be4e32b4c81eb7e0b5e841a915b015abaf0,tests/test_model.py::TestAutoIdentifiers::test_bad_autoid,tests/test_model.py::TestAutoIdentifiers::test_int,tests/test_model.py::TestAutoIdentifiers::test_no_ident
crom,https://github.com/thegetty/crom,98bb6be4e32b4c81eb7e0b5e841a915b015abaf0,tests/test_model.py::TestAutoIdentifiers::test_bad_autoid,tests/test_model.py::TestAutoIdentifiers::test_int_per_segment,tests/test_model.py::TestAutoIdentifiers::test_no_ident
crom,https://github.com/thegetty/crom,98bb6be4e32b4c81eb7e0b5e841a915b015abaf0,tests/test_model.py::TestAutoIdentifiers::test_no_ident,tests/test_model.py::TestAutoIdentifiers::test_bad_autoid,tests/test_model.py::TestFactorySerialization::test_collapse_json
crom,https://github.com/thegetty/crom,98bb6be4e32b4c81eb7e0b5e841a915b015abaf0,tests/test_model.py::TestAutoIdentifiers::test_no_ident,tests/test_model.py::TestAutoIdentifiers::test_int,tests/test_model.py::TestFactorySerialization::test_collapse_json
crom,https://github.com/thegetty/crom,98bb6be4e32b4c81eb7e0b5e841a915b015abaf0,tests/test_model.py::TestAutoIdentifiers::test_no_ident,tests/test_model.py::TestAutoIdentifiers::test_uuid,tests/test_model.py::TestFactorySerialization::test_collapse_json
crom,https://github.com/thegetty/crom,98bb6be4e32b4c81eb7e0b5e841a915b015abaf0,tests/test_model.py::TestAutoIdentifiers::test_uuid,tests/test_model.py::TestAutoIdentifiers::test_int,tests/test_model.py::TestAutoIdentifiers::test_no_ident
crom,https://github.com/thegetty/crom,98bb6be4e32b4c81eb7e0b5e841a915b015abaf0,tests/test_model.py::TestAutoIdentifiers::test_no_ident,tests/test_model.py::TestAutoIdentifiers::test_bad_autoid,tests/test_model.py::TestFactorySerialization::test_collapse_json
crom,https://github.com/thegetty/crom,98bb6be4e32b4c81eb7e0b5e841a915b015abaf0,tests/test_model.py::TestAutoIdentifiers::test_no_ident,tests/test_model.py::TestAutoIdentifiers::test_int,tests/test_model.py::TestFactorySerialization::test_collapse_json
crom,https://github.com/thegetty/crom,98bb6be4e32b4c81eb7e0b5e841a915b015abaf0,tests/test_model.py::TestAutoIdentifiers::test_bad_autoid,tests/test_model.py::TestAutoIdentifiers::test_int,tests/test_model.py::TestBaseResource::test_allows_multiple
crom,https://github.com/thegetty/crom,98bb6be4e32b4c81eb7e0b5e841a915b015abaf0,tests/test_model.py::TestAutoIdentifiers::test_bad_autoid,tests/test_model.py::TestAutoIdentifiers::test_int_per_segment,tests/test_model.py::TestBaseResource::test_allows_multiple
crom,https://github.com/thegetty/crom,98bb6be4e32b4c81eb7e0b5e841a915b015abaf0,tests/test_model.py::TestFactorySerialization::test_broken_unicode,tests/test_model.py::TestFactorySetup::test_base_dir,tests/test_model.py::TestBaseResource::test_check_reference
crom,https://github.com/thegetty/crom,98bb6be4e32b4c81eb7e0b5e841a915b015abaf0,tests/test_model.py::TestFactorySerialization::test_broken_unicode,tests/test_model.py::TestFactorySetup::test_base_url,tests/test_model.py::TestBaseResource::test_check_reference
crom,https://github.com/thegetty/crom,98bb6be4e32b4c81eb7e0b5e841a915b015abaf0,tests/test_model.py::TestAutoIdentifiers::test_bad_autoid,tests/test_model.py::TestAutoIdentifiers::test_int,tests/test_model.py::TestBaseResource::test_init_params
crom,https://github.com/thegetty/crom,98bb6be4e32b4c81eb7e0b5e841a915b015abaf0,tests/test_model.py::TestAutoIdentifiers::test_bad_autoid,tests/test_model.py::TestAutoIdentifiers::test_int_per_segment,tests/test_model.py::TestBaseResource::test_init_params
crom,https://github.com/thegetty/crom,98bb6be4e32b4c81eb7e0b5e841a915b015abaf0,tests/test_model.py::TestAutoIdentifiers::test_bad_autoid,tests/test_model.py::TestAutoIdentifiers::test_int,tests/test_model.py::TestBaseResource::test_list_my_props
crom,https://github.com/thegetty/crom,98bb6be4e32b4c81eb7e0b5e841a915b015abaf0,tests/test_model.py::TestAutoIdentifiers::test_bad_autoid,tests/test_model.py::TestAutoIdentifiers::test_int_per_segment,tests/test_model.py::TestBaseResource::test_list_my_props
crom,https://github.com/thegetty/crom,98bb6be4e32b4c81eb7e0b5e841a915b015abaf0,tests/test_model.py::TestAutoIdentifiers::test_bad_autoid,tests/test_model.py::TestAutoIdentifiers::test_int,tests/test_model.py::TestBaseResource::test_multiplicity
crom,https://github.com/thegetty/crom,98bb6be4e32b4c81eb7e0b5e841a915b015abaf0,tests/test_model.py::TestAutoIdentifiers::test_bad_autoid,tests/test_model.py::TestAutoIdentifiers::test_int_per_segment,tests/test_model.py::TestBaseResource::test_multiplicity
crom,https://github.com/thegetty/crom,98bb6be4e32b4c81eb7e0b5e841a915b015abaf0,tests/test_model.py::TestAutoIdentifiers::test_bad_autoid,tests/test_model.py::TestAutoIdentifiers::test_int,tests/test_model.py::TestFactorySerialization::test_breadth
crom,https://github.com/thegetty/crom,98bb6be4e32b4c81eb7e0b5e841a915b015abaf0,tests/test_model.py::TestAutoIdentifiers::test_bad_autoid,tests/test_model.py::TestAutoIdentifiers::test_int_per_segment,tests/test_model.py::TestFactorySerialization::test_breadth
crom,https://github.com/thegetty/crom,98bb6be4e32b4c81eb7e0b5e841a915b015abaf0,tests/test_model.py::TestAutoIdentifiers::test_no_ident,tests/test_model.py::TestAutoIdentifiers::test_bad_autoid,tests/test_model.py::TestFactorySerialization::test_collapse_json
crom,https://github.com/thegetty/crom,98bb6be4e32b4c81eb7e0b5e841a915b015abaf0,tests/test_model.py::TestAutoIdentifiers::test_no_ident,tests/test_model.py::TestAutoIdentifiers::test_int,tests/test_model.py::TestFactorySerialization::test_collapse_json
crom,https://github.com/thegetty/crom,98bb6be4e32b4c81eb7e0b5e841a915b015abaf0,tests/test_model.py::TestAutoIdentifiers::test_no_ident,tests/test_model.py::TestAutoIdentifiers::test_bad_autoid,tests/test_model.py::TestFactorySerialization::test_collapse_json
crom,https://github.com/thegetty/crom,98bb6be4e32b4c81eb7e0b5e841a915b015abaf0,tests/test_model.py::TestAutoIdentifiers::test_no_ident,tests/test_model.py::TestAutoIdentifiers::test_int,tests/test_model.py::TestFactorySerialization::test_collapse_json
crom,https://github.com/thegetty/crom,98bb6be4e32b4c81eb7e0b5e841a915b015abaf0,tests/test_model.py::TestAutoIdentifiers::test_bad_autoid,tests/test_model.py::TestAutoIdentifiers::test_int,tests/test_model.py::TestFactorySerialization::test_ordering
crom,https://github.com/thegetty/crom,98bb6be4e32b4c81eb7e0b5e841a915b015abaf0,tests/test_model.py::TestAutoIdentifiers::test_bad_autoid,tests/test_model.py::TestAutoIdentifiers::test_int_per_segment,tests/test_model.py::TestFactorySerialization::test_ordering
crom,https://github.com/thegetty/crom,98bb6be4e32b4c81eb7e0b5e841a915b015abaf0,tests/test_model.py::TestAutoIdentifiers::test_bad_autoid,tests/test_model.py::TestAutoIdentifiers::test_int,tests/test_model.py::TestFactorySerialization::test_pipe_scoped
crom,https://github.com/thegetty/crom,98bb6be4e32b4c81eb7e0b5e841a915b015abaf0,tests/test_model.py::TestAutoIdentifiers::test_bad_autoid,tests/test_model.py::TestAutoIdentifiers::test_int_per_segment,tests/test_model.py::TestFactorySerialization::test_pipe_scoped
crom,https://github.com/thegetty/crom,98bb6be4e32b4c81eb7e0b5e841a915b015abaf0,tests/test_model.py::TestAutoIdentifiers::test_bad_autoid,tests/test_model.py::TestAutoIdentifiers::test_int,tests/test_model.py::TestFactorySerialization::test_production_mode
crom,https://github.com/thegetty/crom,98bb6be4e32b4c81eb7e0b5e841a915b015abaf0,tests/test_model.py::TestAutoIdentifiers::test_bad_autoid,tests/test_model.py::TestAutoIdentifiers::test_int_per_segment,tests/test_model.py::TestFactorySerialization::test_production_mode
crom,https://github.com/thegetty/crom,98bb6be4e32b4c81eb7e0b5e841a915b015abaf0,tests/test_model.py::TestAutoIdentifiers::test_bad_autoid,tests/test_model.py::TestAutoIdentifiers::test_int,tests/test_model.py::TestFactorySerialization::test_recursion
crom,https://github.com/thegetty/crom,98bb6be4e32b4c81eb7e0b5e841a915b015abaf0,tests/test_model.py::TestAutoIdentifiers::test_bad_autoid,tests/test_model.py::TestAutoIdentifiers::test_int_per_segment,tests/test_model.py::TestFactorySerialization::test_recursion
crom,https://github.com/thegetty/crom,98bb6be4e32b4c81eb7e0b5e841a915b015abaf0,tests/test_model.py::TestAutoIdentifiers::test_bad_autoid,tests/test_model.py::TestAutoIdentifiers::test_int,tests/test_model.py::TestFactorySerialization::test_string_list
crom,https://github.com/thegetty/crom,98bb6be4e32b4c81eb7e0b5e841a915b015abaf0,tests/test_model.py::TestAutoIdentifiers::test_bad_autoid,tests/test_model.py::TestAutoIdentifiers::test_int_per_segment,tests/test_model.py::TestFactorySerialization::test_string_list
crom,https://github.com/thegetty/crom,98bb6be4e32b4c81eb7e0b5e841a915b015abaf0,tests/test_model.py::TestAutoIdentifiers::test_bad_autoid,tests/test_model.py::TestAutoIdentifiers::test_int,tests/test_model.py::TestMagicMethods::test_not_multiple_instance
crom,https://github.com/thegetty/crom,98bb6be4e32b4c81eb7e0b5e841a915b015abaf0,tests/test_model.py::TestAutoIdentifiers::test_bad_autoid,tests/test_model.py::TestAutoIdentifiers::test_int_per_segment,tests/test_model.py::TestMagicMethods::test_not_multiple_instance
crom,https://github.com/thegetty/crom,98bb6be4e32b4c81eb7e0b5e841a915b015abaf0,tests/test_model.py::TestAutoIdentifiers::test_bad_autoid,tests/test_model.py::TestAutoIdentifiers::test_int,tests/test_model.py::TestMagicMethods::test_validate_multiplicity
crom,https://github.com/thegetty/crom,98bb6be4e32b4c81eb7e0b5e841a915b015abaf0,tests/test_model.py::TestAutoIdentifiers::test_bad_autoid,tests/test_model.py::TestAutoIdentifiers::test_int_per_segment,tests/test_model.py::TestMagicMethods::test_validate_multiplicity
crom,https://github.com/thegetty/crom,98bb6be4e32b4c81eb7e0b5e841a915b015abaf0,tests/test_model.py::TestAutoIdentifiers::test_bad_autoid,tests/test_model.py::TestAutoIdentifiers::test_int,tests/test_model.py::TestMagicMethods::test_validate_profile_off
crom,https://github.com/thegetty/crom,98bb6be4e32b4c81eb7e0b5e841a915b015abaf0,tests/test_model.py::TestAutoIdentifiers::test_bad_autoid,tests/test_model.py::TestAutoIdentifiers::test_int_per_segment,tests/test_model.py::TestMagicMethods::test_validate_profile_off
crom,https://github.com/thegetty/crom,98bb6be4e32b4c81eb7e0b5e841a915b015abaf0,tests/test_model.py::TestAutoIdentifiers::test_bad_autoid,tests/test_model.py::TestAutoIdentifiers::test_int,tests/test_model.py::TestPropertyCache::test_cache_hierarchy
crom,https://github.com/thegetty/crom,98bb6be4e32b4c81eb7e0b5e841a915b015abaf0,tests/test_model.py::TestAutoIdentifiers::test_bad_autoid,tests/test_model.py::TestAutoIdentifiers::test_int_per_segment,tests/test_model.py::TestPropertyCache::test_cache_hierarchy
enpyronments,https://github.com/stephen1000/enpyronments,0848c55a2a1b132b3beba94265c103ba49385c8f,tests/test_settings.py::test_delitem[0-test_value15],tests/test_settings.py::test_delitem[0-0],tests/test_settings.py::test_get[0-test_value15]
enpyronments,https://github.com/stephen1000/enpyronments,0848c55a2a1b132b3beba94265c103ba49385c8f,tests/test_settings.py::test_delitem[0-test_value15],tests/test_settings.py::test_delitem[1-0],tests/test_settings.py::test_get[0-test_value15]
enpyronments,https://github.com/stephen1000/enpyronments,0848c55a2a1b132b3beba94265c103ba49385c8f,tests/test_settings.py::test_delitem[1-0.0],tests/test_settings.py::test_delitem[0-0],tests/test_settings.py::test_get[1-0.0]
enpyronments,https://github.com/stephen1000/enpyronments,0848c55a2a1b132b3beba94265c103ba49385c8f,tests/test_settings.py::test_delitem[1-0.0],tests/test_settings.py::test_delitem[1-0],tests/test_settings.py::test_get[1-0.0]
enpyronments,https://github.com/stephen1000/enpyronments,0848c55a2a1b132b3beba94265c103ba49385c8f,tests/test_settings.py::test_delitem[1-test_value15],tests/test_settings.py::test_delitem[0-0],tests/test_settings.py::test_get[1-test_value15]
enpyronments,https://github.com/stephen1000/enpyronments,0848c55a2a1b132b3beba94265c103ba49385c8f,tests/test_settings.py::test_delitem[1-test_value15],tests/test_settings.py::test_delitem[1-0],tests/test_settings.py::test_get[1-test_value15]
enpyronments,https://github.com/stephen1000/enpyronments,0848c55a2a1b132b3beba94265c103ba49385c8f,tests/test_settings.py::test_delitem[1-test_value8],tests/test_settings.py::test_delitem[0-0],tests/test_settings.py::test_get[1-test_value8]
enpyronments,https://github.com/stephen1000/enpyronments,0848c55a2a1b132b3beba94265c103ba49385c8f,tests/test_settings.py::test_delitem[1-test_value8],tests/test_settings.py::test_delitem[1-0],tests/test_settings.py::test_get[1-test_value8]
enpyronments,https://github.com/stephen1000/enpyronments,0848c55a2a1b132b3beba94265c103ba49385c8f,tests/test_settings.py::test_delitem[2-test_value8],tests/test_settings.py::test_delitem[0-0],tests/test_settings.py::test_get[2-test_value8]
enpyronments,https://github.com/stephen1000/enpyronments,0848c55a2a1b132b3beba94265c103ba49385c8f,tests/test_settings.py::test_delitem[2-test_value8],tests/test_settings.py::test_delitem[1-0],tests/test_settings.py::test_get[2-test_value8]
enpyronments,https://github.com/stephen1000/enpyronments,0848c55a2a1b132b3beba94265c103ba49385c8f,tests/test_settings.py::test_delitem[0-0.0],tests/test_settings.py::test_delitem[0-0],tests/test_settings.py::test_getattr[0-0.0]
enpyronments,https://github.com/stephen1000/enpyronments,0848c55a2a1b132b3beba94265c103ba49385c8f,tests/test_settings.py::test_delitem[0-0.0],tests/test_settings.py::test_delitem[1-0],tests/test_settings.py::test_getattr[0-0.0]
enpyronments,https://github.com/stephen1000/enpyronments,0848c55a2a1b132b3beba94265c103ba49385c8f,tests/test_settings.py::test_delitem[0-test_value10],tests/test_settings.py::test_delitem[0-0],tests/test_settings.py::test_getattr[0-test_value10]
enpyronments,https://github.com/stephen1000/enpyronments,0848c55a2a1b132b3beba94265c103ba49385c8f,tests/test_settings.py::test_delitem[0-test_value10],tests/test_settings.py::test_delitem[1-0],tests/test_settings.py::test_getattr[0-test_value10]
enpyronments,https://github.com/stephen1000/enpyronments,0848c55a2a1b132b3beba94265c103ba49385c8f,tests/test_settings.py::test_delitem[0-test_value11],tests/test_settings.py::test_delitem[0-0],tests/test_settings.py::test_getattr[0-test_value11]
enpyronments,https://github.com/stephen1000/enpyronments,0848c55a2a1b132b3beba94265c103ba49385c8f,tests/test_settings.py::test_delitem[0-test_value11],tests/test_settings.py::test_delitem[1-0],tests/test_settings.py::test_getattr[0-test_value11]
enpyronments,https://github.com/stephen1000/enpyronments,0848c55a2a1b132b3beba94265c103ba49385c8f,tests/test_settings.py::test_delitem[0-test_value8],tests/test_settings.py::test_delitem[0-0],tests/test_settings.py::test_getattr[0-test_value8]
enpyronments,https://github.com/stephen1000/enpyronments,0848c55a2a1b132b3beba94265c103ba49385c8f,tests/test_settings.py::test_delitem[0-test_value8],tests/test_settings.py::test_delitem[1-0],tests/test_settings.py::test_getattr[0-test_value8]
enpyronments,https://github.com/stephen1000/enpyronments,0848c55a2a1b132b3beba94265c103ba49385c8f,tests/test_settings.py::test_delitem[1-0.0],tests/test_settings.py::test_delitem[0-0],tests/test_settings.py::test_getattr[1-0.0]
enpyronments,https://github.com/stephen1000/enpyronments,0848c55a2a1b132b3beba94265c103ba49385c8f,tests/test_settings.py::test_delitem[1-0.0],tests/test_settings.py::test_delitem[1-0],tests/test_settings.py::test_getattr[1-0.0]
enpyronments,https://github.com/stephen1000/enpyronments,0848c55a2a1b132b3beba94265c103ba49385c8f,tests/test_settings.py::test_delitem[1-test_value13],tests/test_settings.py::test_delitem[0-0],tests/test_settings.py::test_getattr[1-test_value13]
enpyronments,https://github.com/stephen1000/enpyronments,0848c55a2a1b132b3beba94265c103ba49385c8f,tests/test_settings.py::test_delitem[1-test_value13],tests/test_settings.py::test_delitem[1-0],tests/test_settings.py::test_getattr[1-test_value13]
enpyronments,https://github.com/stephen1000/enpyronments,0848c55a2a1b132b3beba94265c103ba49385c8f,tests/test_settings.py::test_delitem[1-test_value6],tests/test_settings.py::test_delitem[0-0],tests/test_settings.py::test_getattr[1-test_value6]
enpyronments,https://github.com/stephen1000/enpyronments,0848c55a2a1b132b3beba94265c103ba49385c8f,tests/test_settings.py::test_delitem[1-test_value6],tests/test_settings.py::test_delitem[1-0],tests/test_settings.py::test_getattr[1-test_value6]
enpyronments,https://github.com/stephen1000/enpyronments,0848c55a2a1b132b3beba94265c103ba49385c8f,tests/test_settings.py::test_delitem[2-test_value13],tests/test_settings.py::test_delitem[0-0],tests/test_settings.py::test_getattr[2-test_value13]
enpyronments,https://github.com/stephen1000/enpyronments,0848c55a2a1b132b3beba94265c103ba49385c8f,tests/test_settings.py::test_delitem[2-test_value13],tests/test_settings.py::test_delitem[1-0],tests/test_settings.py::test_getattr[2-test_value13]
enpyronments,https://github.com/stephen1000/enpyronments,0848c55a2a1b132b3beba94265c103ba49385c8f,tests/test_settings.py::test_delitem[2-test_value15],tests/test_settings.py::test_delitem[0-0],tests/test_settings.py::test_getattr[2-test_value15]
enpyronments,https://github.com/stephen1000/enpyronments,0848c55a2a1b132b3beba94265c103ba49385c8f,tests/test_settings.py::test_delitem[2-test_value15],tests/test_settings.py::test_delitem[1-0],tests/test_settings.py::test_getattr[2-test_value15]
enpyronments,https://github.com/stephen1000/enpyronments,0848c55a2a1b132b3beba94265c103ba49385c8f,tests/test_settings.py::test_delitem[2-test_value16],tests/test_settings.py::test_delitem[0-0],tests/test_settings.py::test_getattr[2-test_value16]
enpyronments,https://github.com/stephen1000/enpyronments,0848c55a2a1b132b3beba94265c103ba49385c8f,tests/test_settings.py::test_delitem[2-test_value16],tests/test_settings.py::test_delitem[1-0],tests/test_settings.py::test_getattr[2-test_value16]
enpyronments,https://github.com/stephen1000/enpyronments,0848c55a2a1b132b3beba94265c103ba49385c8f,tests/test_settings.py::test_delitem[0-0.0],tests/test_settings.py::test_delitem[0-0],tests/test_settings.py::test_getitem[0-0.0]
enpyronments,https://github.com/stephen1000/enpyronments,0848c55a2a1b132b3beba94265c103ba49385c8f,tests/test_settings.py::test_delitem[0-0.0],tests/test_settings.py::test_delitem[1-0],tests/test_settings.py::test_getitem[0-0.0]
enpyronments,https://github.com/stephen1000/enpyronments,0848c55a2a1b132b3beba94265c103ba49385c8f,tests/test_settings.py::test_delitem[0-1],tests/test_settings.py::test_delitem[0-0],tests/test_settings.py::test_getitem[0-1]
enpyronments,https://github.com/stephen1000/enpyronments,0848c55a2a1b132b3beba94265c103ba49385c8f,tests/test_settings.py::test_delitem[0-1],tests/test_settings.py::test_delitem[1-0],tests/test_settings.py::test_getitem[0-1]
enpyronments,https://github.com/stephen1000/enpyronments,0848c55a2a1b132b3beba94265c103ba49385c8f,tests/test_settings.py::test_delitem[0-test_value16],tests/test_settings.py::test_delitem[0-0],tests/test_settings.py::test_getitem[0-test_value16]
enpyronments,https://github.com/stephen1000/enpyronments,0848c55a2a1b132b3beba94265c103ba49385c8f,tests/test_settings.py::test_delitem[0-test_value16],tests/test_settings.py::test_delitem[1-0],tests/test_settings.py::test_getitem[0-test_value16]
enpyronments,https://github.com/stephen1000/enpyronments,0848c55a2a1b132b3beba94265c103ba49385c8f,tests/test_settings.py::test_delitem[1-test_value4],tests/test_settings.py::test_delitem[0-0],tests/test_settings.py::test_getitem[1-test_value4]
enpyronments,https://github.com/stephen1000/enpyronments,0848c55a2a1b132b3beba94265c103ba49385c8f,tests/test_settings.py::test_delitem[1-test_value4],tests/test_settings.py::test_delitem[1-0],tests/test_settings.py::test_getitem[1-test_value4]
enpyronments,https://github.com/stephen1000/enpyronments,0848c55a2a1b132b3beba94265c103ba49385c8f,tests/test_settings.py::test_delitem[2-0.0],tests/test_settings.py::test_delitem[0-0],tests/test_settings.py::test_getitem[2-0.0]
enpyronments,https://github.com/stephen1000/enpyronments,0848c55a2a1b132b3beba94265c103ba49385c8f,tests/test_settings.py::test_delitem[2-0.0],tests/test_settings.py::test_delitem[1-0],tests/test_settings.py::test_getitem[2-0.0]
enpyronments,https://github.com/stephen1000/enpyronments,0848c55a2a1b132b3beba94265c103ba49385c8f,tests/test_settings.py::test_delitem[2-test_value13],tests/test_settings.py::test_delitem[0-0],tests/test_settings.py::test_getitem[2-test_value13]
enpyronments,https://github.com/stephen1000/enpyronments,0848c55a2a1b132b3beba94265c103ba49385c8f,tests/test_settings.py::test_delitem[2-test_value13],tests/test_settings.py::test_delitem[1-0],tests/test_settings.py::test_getitem[2-test_value13]
enpyronments,https://github.com/stephen1000/enpyronments,0848c55a2a1b132b3beba94265c103ba49385c8f,tests/test_settings.py::test_delitem[2-test_value19],tests/test_settings.py::test_delitem[0-0],tests/test_settings.py::test_getitem[2-test_value19]
enpyronments,https://github.com/stephen1000/enpyronments,0848c55a2a1b132b3beba94265c103ba49385c8f,tests/test_settings.py::test_delitem[2-test_value19],tests/test_settings.py::test_delitem[1-0],tests/test_settings.py::test_getitem[2-test_value19]
enpyronments,https://github.com/stephen1000/enpyronments,0848c55a2a1b132b3beba94265c103ba49385c8f,tests/test_settings.py::test_delitem[0-test_value19],tests/test_settings.py::test_delitem[0-0],tests/test_settings.py::test_masked[0-test_value19]
enpyronments,https://github.com/stephen1000/enpyronments,0848c55a2a1b132b3beba94265c103ba49385c8f,tests/test_settings.py::test_delitem[0-test_value19],tests/test_settings.py::test_delitem[1-0],tests/test_settings.py::test_masked[0-test_value19]
enpyronments,https://github.com/stephen1000/enpyronments,0848c55a2a1b132b3beba94265c103ba49385c8f,tests/test_settings.py::test_delitem[1-func],tests/test_settings.py::test_delitem[0-0],tests/test_settings.py::test_masked[1-func]
enpyronments,https://github.com/stephen1000/enpyronments,0848c55a2a1b132b3beba94265c103ba49385c8f,tests/test_settings.py::test_delitem[1-func],tests/test_settings.py::test_delitem[1-0],tests/test_settings.py::test_masked[1-func]
enpyronments,https://github.com/stephen1000/enpyronments,0848c55a2a1b132b3beba94265c103ba49385c8f,tests/test_settings.py::test_delitem[2-test_value14],tests/test_settings.py::test_delitem[0-0],tests/test_settings.py::test_masked[2-test_value14]
enpyronments,https://github.com/stephen1000/enpyronments,0848c55a2a1b132b3beba94265c103ba49385c8f,tests/test_settings.py::test_delitem[2-test_value14],tests/test_settings.py::test_delitem[1-0],tests/test_settings.py::test_masked[2-test_value14]
enpyronments,https://github.com/stephen1000/enpyronments,0848c55a2a1b132b3beba94265c103ba49385c8f,tests/test_settings.py::test_delitem[0-test_value12],tests/test_settings.py::test_delitem[0-0],tests/test_settings.py::test_setitem[0-test_value12]
enpyronments,https://github.com/stephen1000/enpyronments,0848c55a2a1b132b3beba94265c103ba49385c8f,tests/test_settings.py::test_delitem[0-test_value12],tests/test_settings.py::test_delitem[1-0],tests/test_settings.py::test_setitem[0-test_value12]
enpyronments,https://github.com/stephen1000/enpyronments,0848c55a2a1b132b3beba94265c103ba49385c8f,tests/test_settings.py::test_delitem[0-test_value14],tests/test_settings.py::test_delitem[0-0],tests/test_settings.py::test_setitem[0-test_value14]
enpyronments,https://github.com/stephen1000/enpyronments,0848c55a2a1b132b3beba94265c103ba49385c8f,tests/test_settings.py::test_delitem[0-test_value14],tests/test_settings.py::test_delitem[1-0],tests/test_settings.py::test_setitem[0-test_value14]
enpyronments,https://github.com/stephen1000/enpyronments,0848c55a2a1b132b3beba94265c103ba49385c8f,tests/test_settings.py::test_delitem[2-test_value10],tests/test_settings.py::test_delitem[0-0],tests/test_settings.py::test_setitem[2-test_value10]
enpyronments,https://github.com/stephen1000/enpyronments,0848c55a2a1b132b3beba94265c103ba49385c8f,tests/test_settings.py::test_delitem[2-test_value10],tests/test_settings.py::test_delitem[1-0],tests/test_settings.py::test_setitem[2-test_value10]
enpyronments,https://github.com/stephen1000/enpyronments,0848c55a2a1b132b3beba94265c103ba49385c8f,tests/test_settings.py::test_delitem[2-test_value13],tests/test_settings.py::test_delitem[0-0],tests/test_settings.py::test_setitem[2-test_value13]
enpyronments,https://github.com/stephen1000/enpyronments,0848c55a2a1b132b3beba94265c103ba49385c8f,tests/test_settings.py::test_delitem[2-test_value13],tests/test_settings.py::test_delitem[1-0],tests/test_settings.py::test_setitem[2-test_value13]
enpyronments,https://github.com/stephen1000/enpyronments,0848c55a2a1b132b3beba94265c103ba49385c8f,tests/test_settings.py::test_delitem[2-test_value16],tests/test_settings.py::test_delitem[0-0],tests/test_settings.py::test_setitem[2-test_value16]
enpyronments,https://github.com/stephen1000/enpyronments,0848c55a2a1b132b3beba94265c103ba49385c8f,tests/test_settings.py::test_delitem[2-test_value16],tests/test_settings.py::test_delitem[1-0],tests/test_settings.py::test_setitem[2-test_value16]
fastapi-sqlalchemy,https://github.com/mfreeborn/fastapi-sqlalchemy,8ddf0edab22873365441757107ce21234bc09f8f,tests/test_session.py::test_init,tests/test_session.py::test_db_context_temporary_session_args,tests/test_session.py::test_inside_route_without_middleware_fails
fastapi-sqlalchemy,https://github.com/mfreeborn/fastapi-sqlalchemy,8ddf0edab22873365441757107ce21234bc09f8f,tests/test_session.py::test_init,tests/test_session.py::test_init_correct_optional_args,tests/test_session.py::test_inside_route_without_middleware_fails
fastapi-sqlalchemy,https://github.com/mfreeborn/fastapi-sqlalchemy,8ddf0edab22873365441757107ce21234bc09f8f,tests/test_session.py::test_init,tests/test_session.py::test_db_context_temporary_session_args,tests/test_session.py::test_outside_of_route_without_middleware_fails
fastapi-sqlalchemy,https://github.com/mfreeborn/fastapi-sqlalchemy,8ddf0edab22873365441757107ce21234bc09f8f,tests/test_session.py::test_init,tests/test_session.py::test_init_correct_optional_args,tests/test_session.py::test_outside_of_route_without_middleware_fails
feature_engine,https://github.com/solegalli/feature_engine,ba4d7050b3923d620c1773b66cd4c51ed24498dd,tests/test_missing_data_imputer.py::test_CategoricalVariableImputer,tests/test_missing_data_imputer.py::test_RandomSampleImputer,tests/test_missing_data_imputer.py::test_ArbitraryNumberImputer
fissa,https://github.com/rochefort-lab/fissa,2077a8c8a029948dcf1d4c352f785700f42aff9f,fissa/tests/test_core.py::TestExperimentA::test_lowmemorymode,fissa/tests/test_core.py::TestExperimentA::test_manualhandler,fissa/tests/test_core.py::TestExperimentA::test_imagelistloaded_roizip
geom,https://github.com/josiest/geom,d12b381706ee620cba1c6a6cb45ab7815e5a1dc9,test_geom.py::test_veccross,test_geom.py::test_circ_intersects,test_geom.py::test_epsilon
geom,https://github.com/josiest/geom,d12b381706ee620cba1c6a6cb45ab7815e5a1dc9,test_geom.py::test_veccross,test_geom.py::test_circarea,test_geom.py::test_epsilon
gitlab_stats,https://github.com/Sylhare/gitlab_stats,23fbc53f30e09c122ebe8259ef6850756e454d7e,tests/test_utils.py::UtilsTest::test_001_check_proxy_format,tests/test_utils.py::UtilsTest::test_030_get_name_and_id_in_a_list_of_dict,tests/test_utils.py::UtilsTest::test_223_report_generated
gitlab_stats,https://github.com/Sylhare/gitlab_stats,23fbc53f30e09c122ebe8259ef6850756e454d7e,tests/test_utils.py::UtilsTest::test_001_check_proxy_format,tests/test_utils.py::UtilsTest::test_031_get_name_and_id_has_correct_fields,tests/test_utils.py::UtilsTest::test_223_report_generated
gitlab_stats,https://github.com/Sylhare/gitlab_stats,23fbc53f30e09c122ebe8259ef6850756e454d7e,tests/test_utils.py::UtilsTest::test_001_check_proxy_format,tests/test_utils.py::UtilsTest::test_055_get_all_pipeline_info_from_2_weeks_ago,tests/test_utils.py::UtilsTest::test_223_report_generated
gitlab_stats,https://github.com/Sylhare/gitlab_stats,23fbc53f30e09c122ebe8259ef6850756e454d7e,tests/test_utils.py::UtilsTest::test_030_get_name_and_id_in_a_list_of_dict,tests/test_utils.py::UtilsTest::test_055_get_all_pipeline_info_from_2_weeks_ago,tests/test_utils.py::UtilsTest::test_223_report_generated
gitlab_stats,https://github.com/Sylhare/gitlab_stats,23fbc53f30e09c122ebe8259ef6850756e454d7e,tests/test_utils.py::UtilsTest::test_001_check_proxy_format,tests/test_utils.py::UtilsTest::test_053_get_success_percentage,tests/test_utils.py::UtilsTest::test_223_report_generated
gitlab_stats,https://github.com/Sylhare/gitlab_stats,23fbc53f30e09c122ebe8259ef6850756e454d7e,tests/test_utils.py::UtilsTest::test_030_get_name_and_id_in_a_list_of_dict,tests/test_utils.py::UtilsTest::test_053_get_success_percentage,tests/test_utils.py::UtilsTest::test_223_report_generated
gitlab_stats,https://github.com/Sylhare/gitlab_stats,23fbc53f30e09c122ebe8259ef6850756e454d7e,tests/test_utils.py::UtilsTest::test_001_check_proxy_format,tests/test_utils.py::UtilsTest::test_040_get_pipeline_id_in_a_list,tests/test_utils.py::UtilsTest::test_223_report_generated
gitlab_stats,https://github.com/Sylhare/gitlab_stats,23fbc53f30e09c122ebe8259ef6850756e454d7e,tests/test_utils.py::UtilsTest::test_030_get_name_and_id_in_a_list_of_dict,tests/test_utils.py::UtilsTest::test_040_get_pipeline_id_in_a_list,tests/test_utils.py::UtilsTest::test_223_report_generated
gitlab_stats,https://github.com/Sylhare/gitlab_stats,23fbc53f30e09c122ebe8259ef6850756e454d7e,tests/test_utils.py::UtilsTest::test_001_check_proxy_format,tests/test_utils.py::UtilsTest::test_041_get_pipeline_id_in_a_dict_has_correct_fields,tests/test_utils.py::UtilsTest::test_223_report_generated
gitlab_stats,https://github.com/Sylhare/gitlab_stats,23fbc53f30e09c122ebe8259ef6850756e454d7e,tests/test_utils.py::UtilsTest::test_030_get_name_and_id_in_a_list_of_dict,tests/test_utils.py::UtilsTest::test_041_get_pipeline_id_in_a_dict_has_correct_fields,tests/test_utils.py::UtilsTest::test_223_report_generated
kanren,https://github.com/pythological/kanren,bacc7eb5895c348e348c1b5291ddf188f88c5c88,tests/test_assoccomm.py::test_assoccomm_objects,tests/test_assoccomm.py::test_assoc_flatten,tests/test_assoccomm.py::test_eq_assoccomm
kanren,https://github.com/pythological/kanren,bacc7eb5895c348e348c1b5291ddf188f88c5c88,tests/test_assoccomm.py::test_assoccomm_objects,tests/test_assoccomm.py::test_assoccomm_algebra,tests/test_assoccomm.py::test_eq_assoccomm
