abagen,https://github.com/rmarkello/abagen,4af521f6d7e71d4bbebb4960ff2447256e2447eb,abagen/tests/mouse/test_mouse.py::test_get_unionization_from_experiment[69782969-attributes4],victim,True
abagen,https://github.com/rmarkello/abagen,4af521f6d7e71d4bbebb4960ff2447256e2447eb,abagen/tests/mouse/test_mouse.py::test_get_unionization_from_experiment[986-attributes1],victim,True
autoclasswrapper,https://github.com/pierrepo/autoclasswrapper,af43dd833e5586386098d1793a59332e968069da,tests/test_output.py::TestOutputClass::test_write_dendrogram_no_stats,victim,True
bottle-neck,https://github.com/agile4you/bottle-neck.git,ebc670a4b178255473d68e9b4122ba04e38f4810,test/test_routing.py::test_router_register_handler_fn_pass,victim,True
clu,https://github.com/nir0s/clu,77da967a4577ca4cf100cfe34e87b39ad88bf21c,tests/test_ghost.py::TestSQLAlchemyStorage::test_is_initialized,victim,True
clu,https://github.com/nir0s/clu,77da967a4577ca4cf100cfe34e87b39ad88bf21c,tests/test_ghost.py::TestTinyDBStorage::test_init_stash_in_current_dir,victim,True
clu,https://github.com/nir0s/clu,77da967a4577ca4cf100cfe34e87b39ad88bf21c,tests/test_ghost.py::TestTinyDBStorage::test_is_initialized,victim,True
enpyronments,https://github.com/stephen1000/enpyronments,0848c55a2a1b132b3beba94265c103ba49385c8f,tests/test_settings.py::test_get[0-test_value15],victim,True
enpyronments,https://github.com/stephen1000/enpyronments,0848c55a2a1b132b3beba94265c103ba49385c8f,tests/test_settings.py::test_get[1-test_value15],victim,True
enpyronments,https://github.com/stephen1000/enpyronments,0848c55a2a1b132b3beba94265c103ba49385c8f,tests/test_settings.py::test_get[1-test_value8],victim,True
enpyronments,https://github.com/stephen1000/enpyronments,0848c55a2a1b132b3beba94265c103ba49385c8f,tests/test_settings.py::test_get[2-test_value8],victim,True
enpyronments,https://github.com/stephen1000/enpyronments,0848c55a2a1b132b3beba94265c103ba49385c8f,tests/test_settings.py::test_getattr[0-test_value10],victim,True
enpyronments,https://github.com/stephen1000/enpyronments,0848c55a2a1b132b3beba94265c103ba49385c8f,tests/test_settings.py::test_getattr[0-test_value11],victim,True
enpyronments,https://github.com/stephen1000/enpyronments,0848c55a2a1b132b3beba94265c103ba49385c8f,tests/test_settings.py::test_getattr[0-test_value8],victim,True
enpyronments,https://github.com/stephen1000/enpyronments,0848c55a2a1b132b3beba94265c103ba49385c8f,tests/test_settings.py::test_getattr[1-test_value13],victim,True
enpyronments,https://github.com/stephen1000/enpyronments,0848c55a2a1b132b3beba94265c103ba49385c8f,tests/test_settings.py::test_getattr[1-test_value6],victim,True
enpyronments,https://github.com/stephen1000/enpyronments,0848c55a2a1b132b3beba94265c103ba49385c8f,tests/test_settings.py::test_getattr[2-test_value13],victim,True
enpyronments,https://github.com/stephen1000/enpyronments,0848c55a2a1b132b3beba94265c103ba49385c8f,tests/test_settings.py::test_getattr[2-test_value15],victim,True
enpyronments,https://github.com/stephen1000/enpyronments,0848c55a2a1b132b3beba94265c103ba49385c8f,tests/test_settings.py::test_getattr[2-test_value16],victim,True
enpyronments,https://github.com/stephen1000/enpyronments,0848c55a2a1b132b3beba94265c103ba49385c8f,tests/test_settings.py::test_getitem[0-test_value16],victim,True
enpyronments,https://github.com/stephen1000/enpyronments,0848c55a2a1b132b3beba94265c103ba49385c8f,tests/test_settings.py::test_getitem[1-test_value4],victim,True
enpyronments,https://github.com/stephen1000/enpyronments,0848c55a2a1b132b3beba94265c103ba49385c8f,tests/test_settings.py::test_getitem[2-test_value13],victim,True
enpyronments,https://github.com/stephen1000/enpyronments,0848c55a2a1b132b3beba94265c103ba49385c8f,tests/test_settings.py::test_getitem[2-test_value19],victim,True
enpyronments,https://github.com/stephen1000/enpyronments,0848c55a2a1b132b3beba94265c103ba49385c8f,tests/test_settings.py::test_masked[0-test_value19],victim,True
enpyronments,https://github.com/stephen1000/enpyronments,0848c55a2a1b132b3beba94265c103ba49385c8f,tests/test_settings.py::test_masked[1-func],victim,True
enpyronments,https://github.com/stephen1000/enpyronments,0848c55a2a1b132b3beba94265c103ba49385c8f,tests/test_settings.py::test_masked[2-test_value14],victim,True
enpyronments,https://github.com/stephen1000/enpyronments,0848c55a2a1b132b3beba94265c103ba49385c8f,tests/test_settings.py::test_setitem[0-test_value12],victim,True
enpyronments,https://github.com/stephen1000/enpyronments,0848c55a2a1b132b3beba94265c103ba49385c8f,tests/test_settings.py::test_setitem[0-test_value14],victim,True
enpyronments,https://github.com/stephen1000/enpyronments,0848c55a2a1b132b3beba94265c103ba49385c8f,tests/test_settings.py::test_setitem[2-test_value10],victim,True
enpyronments,https://github.com/stephen1000/enpyronments,0848c55a2a1b132b3beba94265c103ba49385c8f,tests/test_settings.py::test_setitem[2-test_value13],victim,True
enpyronments,https://github.com/stephen1000/enpyronments,0848c55a2a1b132b3beba94265c103ba49385c8f,tests/test_settings.py::test_setitem[2-test_value16],victim,True
ghost,https://github.com/nir0s/ghost,77da967a4577ca4cf100cfe34e87b39ad88bf21c,tests/test_ghost.py::TestSQLAlchemyStorage::test_is_initialized,victim,True
ghost,https://github.com/nir0s/ghost,77da967a4577ca4cf100cfe34e87b39ad88bf21c,tests/test_ghost.py::TestTinyDBStorage::test_init_stash_in_current_dir,victim,True
ghost,https://github.com/nir0s/ghost,77da967a4577ca4cf100cfe34e87b39ad88bf21c,tests/test_ghost.py::TestTinyDBStorage::test_is_initialized,victim,True
gitlab_stats,https://github.com/Sylhare/gitlab_stats,23fbc53f30e09c122ebe8259ef6850756e454d7e,tests/test_utils.py::UtilsTest::test_050_get_moy_duration,victim,True
gitlab_stats,https://github.com/Sylhare/gitlab_stats,23fbc53f30e09c122ebe8259ef6850756e454d7e,tests/test_utils.py::UtilsTest::test_053_get_success_percentage,victim,True
gitlab_stats,https://github.com/Sylhare/gitlab_stats,23fbc53f30e09c122ebe8259ef6850756e454d7e,tests/test_utils.py::UtilsTest::test_223_report_generated,victim,True
Hockey-Scraper,https://github.com/HarryShomer/Hockey-Scraper,a829e0a0fe4bf548109863031ea9987abc0219a0,tests/test_json_schedule.py::test_get_dates,victim,True
lazy_import,https://github.com/mnmelo/lazy_import,29c74c83e90adff62d363220fee8cf7d6f0dd3c9,lazy_import/test_lazy.py::test_callable_missing[distutils.core-None-cnames30-lazy_callable],victim,True
lazy_import,https://github.com/mnmelo/lazy_import,29c74c83e90adff62d363220fee8cf7d6f0dd3c9,lazy_import/test_lazy.py::test_callable_missing[distutils.core-None-cnames31-lazy_callable],victim,True
lazy_import,https://github.com/mnmelo/lazy_import,29c74c83e90adff62d363220fee8cf7d6f0dd3c9,lazy_import/test_lazy.py::test_callable_missing[distutils.core-None-cnames33-lazy_callable],victim,True
lazy_import,https://github.com/mnmelo/lazy_import,29c74c83e90adff62d363220fee8cf7d6f0dd3c9,lazy_import/test_lazy.py::test_callable_missing[distutils.core-None-cnames34-lazy_callable],victim,True
lazy_import,https://github.com/mnmelo/lazy_import,29c74c83e90adff62d363220fee8cf7d6f0dd3c9,lazy_import/test_lazy.py::test_callable_missing[distutils.core-None-cnames35-lazy_callable],victim,True
lazy_import,https://github.com/mnmelo/lazy_import,29c74c83e90adff62d363220fee8cf7d6f0dd3c9,lazy_import/test_lazy.py::test_callable_missing[distutils.core-None-fn1-lazy_callable0],victim,True
lazy_import,https://github.com/mnmelo/lazy_import,29c74c83e90adff62d363220fee8cf7d6f0dd3c9,lazy_import/test_lazy.py::test_callable_missing[distutils.core-None-fn1-lazy_callable1],victim,True
lazy_import,https://github.com/mnmelo/lazy_import,29c74c83e90adff62d363220fee8cf7d6f0dd3c9,lazy_import/test_lazy.py::test_callable_missing[distutils.core-None-fn1-lazy_callable2],victim,True
lazy_import,https://github.com/mnmelo/lazy_import,29c74c83e90adff62d363220fee8cf7d6f0dd3c9,lazy_import/test_lazy.py::test_callable_missing[distutils.core-None-fn1-lazy_callable3],victim,True
lazy_import,https://github.com/mnmelo/lazy_import,29c74c83e90adff62d363220fee8cf7d6f0dd3c9,lazy_import/test_lazy.py::test_callable_missing[distutils.core-None-fn1-lazy_callable4],victim,True
lazy_import,https://github.com/mnmelo/lazy_import,29c74c83e90adff62d363220fee8cf7d6f0dd3c9,lazy_import/test_lazy.py::test_callable_missing[distutils.core-None-fn1-lazy_callable5],victim,True
lazy_import,https://github.com/mnmelo/lazy_import,29c74c83e90adff62d363220fee8cf7d6f0dd3c9,lazy_import/test_lazy.py::test_callable_missing[distutils.core-errors36-fn1-lazy_callable],victim,True
lazy_import,https://github.com/mnmelo/lazy_import,29c74c83e90adff62d363220fee8cf7d6f0dd3c9,lazy_import/test_lazy.py::test_callable_missing[distutils.core-errors37-fn1-lazy_callable],victim,True
lazy_import,https://github.com/mnmelo/lazy_import,29c74c83e90adff62d363220fee8cf7d6f0dd3c9,lazy_import/test_lazy.py::test_callable_missing[distutils.core-errors38-fn1-lazy_callable],victim,True
lazy_import,https://github.com/mnmelo/lazy_import,29c74c83e90adff62d363220fee8cf7d6f0dd3c9,lazy_import/test_lazy.py::test_callable_missing[distutils.core-errors39-fn1-lazy_callable],victim,True
lazy_import,https://github.com/mnmelo/lazy_import,29c74c83e90adff62d363220fee8cf7d6f0dd3c9,lazy_import/test_lazy.py::test_callable_missing[distutils.core-errors40-fn1-lazy_callable],victim,True
lazy_import,https://github.com/mnmelo/lazy_import,29c74c83e90adff62d363220fee8cf7d6f0dd3c9,lazy_import/test_lazy.py::test_callable_missing[distutils.core-errors41-fn1-lazy_callable],victim,True
lazy_import,https://github.com/mnmelo/lazy_import,29c74c83e90adff62d363220fee8cf7d6f0dd3c9,lazy_import/test_lazy.py::test_callable_missing[distutils.core-errors42-cnames42-lazy_callable],victim,True
lazy_import,https://github.com/mnmelo/lazy_import,29c74c83e90adff62d363220fee8cf7d6f0dd3c9,lazy_import/test_lazy.py::test_callable_missing[distutils.core-errors43-cnames43-lazy_callable],victim,True
lazy_import,https://github.com/mnmelo/lazy_import,29c74c83e90adff62d363220fee8cf7d6f0dd3c9,lazy_import/test_lazy.py::test_callable_missing[distutils.core-errors44-cnames44-lazy_callable],victim,True
lazy_import,https://github.com/mnmelo/lazy_import,29c74c83e90adff62d363220fee8cf7d6f0dd3c9,lazy_import/test_lazy.py::test_callable_missing[distutils.core-errors45-cnames45-lazy_callable],victim,True
lazy_import,https://github.com/mnmelo/lazy_import,29c74c83e90adff62d363220fee8cf7d6f0dd3c9,lazy_import/test_lazy.py::test_callable_missing[distutils.core-errors46-cnames46-lazy_callable],victim,True
lazy_import,https://github.com/mnmelo/lazy_import,29c74c83e90adff62d363220fee8cf7d6f0dd3c9,lazy_import/test_lazy.py::test_callable_missing[distutils.core-errors47-cnames47-lazy_callable],victim,True
lazy_import,https://github.com/mnmelo/lazy_import,29c74c83e90adff62d363220fee8cf7d6f0dd3c9,lazy_import/test_lazy.py::test_callable_missing[sched-None-cnames10-lazy_callable],victim,True
lazy_import,https://github.com/mnmelo/lazy_import,29c74c83e90adff62d363220fee8cf7d6f0dd3c9,lazy_import/test_lazy.py::test_callable_missing[sched-None-cnames11-lazy_callable],victim,True
lazy_import,https://github.com/mnmelo/lazy_import,29c74c83e90adff62d363220fee8cf7d6f0dd3c9,lazy_import/test_lazy.py::test_callable_missing[sched-None-cnames6-lazy_callable],victim,True
lazy_import,https://github.com/mnmelo/lazy_import,29c74c83e90adff62d363220fee8cf7d6f0dd3c9,lazy_import/test_lazy.py::test_callable_missing[sched-None-cnames7-lazy_callable],victim,True
lazy_import,https://github.com/mnmelo/lazy_import,29c74c83e90adff62d363220fee8cf7d6f0dd3c9,lazy_import/test_lazy.py::test_callable_missing[sched-None-cnames8-lazy_callable],victim,True
lazy_import,https://github.com/mnmelo/lazy_import,29c74c83e90adff62d363220fee8cf7d6f0dd3c9,lazy_import/test_lazy.py::test_callable_missing[sched-None-cnames9-lazy_callable],victim,True
lazy_import,https://github.com/mnmelo/lazy_import,29c74c83e90adff62d363220fee8cf7d6f0dd3c9,lazy_import/test_lazy.py::test_callable_missing[sched-None-fn1-lazy_callable0],victim,True
lazy_import,https://github.com/mnmelo/lazy_import,29c74c83e90adff62d363220fee8cf7d6f0dd3c9,lazy_import/test_lazy.py::test_callable_missing[sched-None-fn1-lazy_callable1],victim,True
lazy_import,https://github.com/mnmelo/lazy_import,29c74c83e90adff62d363220fee8cf7d6f0dd3c9,lazy_import/test_lazy.py::test_callable_missing[sched-None-fn1-lazy_callable2],victim,True
lazy_import,https://github.com/mnmelo/lazy_import,29c74c83e90adff62d363220fee8cf7d6f0dd3c9,lazy_import/test_lazy.py::test_callable_missing[sched-None-fn1-lazy_callable3],victim,True
lazy_import,https://github.com/mnmelo/lazy_import,29c74c83e90adff62d363220fee8cf7d6f0dd3c9,lazy_import/test_lazy.py::test_callable_missing[sched-None-fn1-lazy_callable4],victim,True
lazy_import,https://github.com/mnmelo/lazy_import,29c74c83e90adff62d363220fee8cf7d6f0dd3c9,lazy_import/test_lazy.py::test_callable_missing[sched-None-fn1-lazy_callable5],victim,True
lazy_import,https://github.com/mnmelo/lazy_import,29c74c83e90adff62d363220fee8cf7d6f0dd3c9,lazy_import/test_lazy.py::test_callable_missing[sched-errors12-fn1-lazy_callable],victim,True
lazy_import,https://github.com/mnmelo/lazy_import,29c74c83e90adff62d363220fee8cf7d6f0dd3c9,lazy_import/test_lazy.py::test_callable_missing[sched-errors13-fn1-lazy_callable],victim,True
lazy_import,https://github.com/mnmelo/lazy_import,29c74c83e90adff62d363220fee8cf7d6f0dd3c9,lazy_import/test_lazy.py::test_callable_missing[sched-errors14-fn1-lazy_callable],victim,True
lazy_import,https://github.com/mnmelo/lazy_import,29c74c83e90adff62d363220fee8cf7d6f0dd3c9,lazy_import/test_lazy.py::test_callable_missing[sched-errors15-fn1-lazy_callable],victim,True
lazy_import,https://github.com/mnmelo/lazy_import,29c74c83e90adff62d363220fee8cf7d6f0dd3c9,lazy_import/test_lazy.py::test_callable_missing[sched-errors16-fn1-lazy_callable],victim,True
lazy_import,https://github.com/mnmelo/lazy_import,29c74c83e90adff62d363220fee8cf7d6f0dd3c9,lazy_import/test_lazy.py::test_callable_missing[sched-errors17-fn1-lazy_callable],victim,True
lazy_import,https://github.com/mnmelo/lazy_import,29c74c83e90adff62d363220fee8cf7d6f0dd3c9,lazy_import/test_lazy.py::test_callable_missing[sched-errors18-cnames18-lazy_callable],victim,True
lazy_import,https://github.com/mnmelo/lazy_import,29c74c83e90adff62d363220fee8cf7d6f0dd3c9,lazy_import/test_lazy.py::test_callable_missing[sched-errors19-cnames19-lazy_callable],victim,True
lazy_import,https://github.com/mnmelo/lazy_import,29c74c83e90adff62d363220fee8cf7d6f0dd3c9,lazy_import/test_lazy.py::test_callable_missing[sched-errors20-cnames20-lazy_callable],victim,True
lazy_import,https://github.com/mnmelo/lazy_import,29c74c83e90adff62d363220fee8cf7d6f0dd3c9,lazy_import/test_lazy.py::test_callable_missing[sched-errors21-cnames21-lazy_callable],victim,True
lazy_import,https://github.com/mnmelo/lazy_import,29c74c83e90adff62d363220fee8cf7d6f0dd3c9,lazy_import/test_lazy.py::test_callable_missing[sched-errors22-cnames22-lazy_callable],victim,True
lazy_import,https://github.com/mnmelo/lazy_import,29c74c83e90adff62d363220fee8cf7d6f0dd3c9,lazy_import/test_lazy.py::test_error_callable_as_baseclass[distutils.core-None-cnames30-lazy_callable],victim,True
lazy_import,https://github.com/mnmelo/lazy_import,29c74c83e90adff62d363220fee8cf7d6f0dd3c9,lazy_import/test_lazy.py::test_error_callable_as_baseclass[distutils.core-None-cnames31-lazy_callable],victim,True
lazy_import,https://github.com/mnmelo/lazy_import,29c74c83e90adff62d363220fee8cf7d6f0dd3c9,lazy_import/test_lazy.py::test_error_callable_as_baseclass[distutils.core-None-cnames32-lazy_callable],victim,True
lazy_import,https://github.com/mnmelo/lazy_import,29c74c83e90adff62d363220fee8cf7d6f0dd3c9,lazy_import/test_lazy.py::test_error_callable_as_baseclass[distutils.core-None-cnames33-lazy_callable],victim,True
lazy_import,https://github.com/mnmelo/lazy_import,29c74c83e90adff62d363220fee8cf7d6f0dd3c9,lazy_import/test_lazy.py::test_error_callable_as_baseclass[distutils.core-None-cnames34-lazy_callable],victim,True
lazy_import,https://github.com/mnmelo/lazy_import,29c74c83e90adff62d363220fee8cf7d6f0dd3c9,lazy_import/test_lazy.py::test_error_callable_as_baseclass[distutils.core-None-cnames35-lazy_callable],victim,True
lazy_import,https://github.com/mnmelo/lazy_import,29c74c83e90adff62d363220fee8cf7d6f0dd3c9,lazy_import/test_lazy.py::test_error_callable_as_baseclass[distutils.core-None-fn1-lazy_callable0],victim,True
lazy_import,https://github.com/mnmelo/lazy_import,29c74c83e90adff62d363220fee8cf7d6f0dd3c9,lazy_import/test_lazy.py::test_error_callable_as_baseclass[distutils.core-None-fn1-lazy_callable1],victim,True
lazy_import,https://github.com/mnmelo/lazy_import,29c74c83e90adff62d363220fee8cf7d6f0dd3c9,lazy_import/test_lazy.py::test_error_callable_as_baseclass[distutils.core-None-fn1-lazy_callable2],victim,True
lazy_import,https://github.com/mnmelo/lazy_import,29c74c83e90adff62d363220fee8cf7d6f0dd3c9,lazy_import/test_lazy.py::test_error_callable_as_baseclass[distutils.core-None-fn1-lazy_callable3],victim,True
lazy_import,https://github.com/mnmelo/lazy_import,29c74c83e90adff62d363220fee8cf7d6f0dd3c9,lazy_import/test_lazy.py::test_error_callable_as_baseclass[distutils.core-None-fn1-lazy_callable4],victim,True
lazy_import,https://github.com/mnmelo/lazy_import,29c74c83e90adff62d363220fee8cf7d6f0dd3c9,lazy_import/test_lazy.py::test_error_callable_as_baseclass[distutils.core-None-fn1-lazy_callable5],victim,True
lazy_import,https://github.com/mnmelo/lazy_import,29c74c83e90adff62d363220fee8cf7d6f0dd3c9,lazy_import/test_lazy.py::test_error_callable_as_baseclass[distutils.core-errors36-fn1-lazy_callable],victim,True
lazy_import,https://github.com/mnmelo/lazy_import,29c74c83e90adff62d363220fee8cf7d6f0dd3c9,lazy_import/test_lazy.py::test_error_callable_as_baseclass[distutils.core-errors37-fn1-lazy_callable],victim,True
lazy_import,https://github.com/mnmelo/lazy_import,29c74c83e90adff62d363220fee8cf7d6f0dd3c9,lazy_import/test_lazy.py::test_error_callable_as_baseclass[distutils.core-errors38-fn1-lazy_callable],victim,True
lazy_import,https://github.com/mnmelo/lazy_import,29c74c83e90adff62d363220fee8cf7d6f0dd3c9,lazy_import/test_lazy.py::test_error_callable_as_baseclass[distutils.core-errors39-fn1-lazy_callable],victim,True
lazy_import,https://github.com/mnmelo/lazy_import,29c74c83e90adff62d363220fee8cf7d6f0dd3c9,lazy_import/test_lazy.py::test_error_callable_as_baseclass[distutils.core-errors40-fn1-lazy_callable],victim,True
lazy_import,https://github.com/mnmelo/lazy_import,29c74c83e90adff62d363220fee8cf7d6f0dd3c9,lazy_import/test_lazy.py::test_error_callable_as_baseclass[distutils.core-errors42-cnames42-lazy_callable],victim,True
lazy_import,https://github.com/mnmelo/lazy_import,29c74c83e90adff62d363220fee8cf7d6f0dd3c9,lazy_import/test_lazy.py::test_error_callable_as_baseclass[distutils.core-errors43-cnames43-lazy_callable],victim,True
lazy_import,https://github.com/mnmelo/lazy_import,29c74c83e90adff62d363220fee8cf7d6f0dd3c9,lazy_import/test_lazy.py::test_error_callable_as_baseclass[distutils.core-errors44-cnames44-lazy_callable],victim,True
lazy_import,https://github.com/mnmelo/lazy_import,29c74c83e90adff62d363220fee8cf7d6f0dd3c9,lazy_import/test_lazy.py::test_error_callable_as_baseclass[distutils.core-errors45-cnames45-lazy_callable],victim,True
lazy_import,https://github.com/mnmelo/lazy_import,29c74c83e90adff62d363220fee8cf7d6f0dd3c9,lazy_import/test_lazy.py::test_error_callable_as_baseclass[distutils.core-errors46-cnames46-lazy_callable],victim,True
lazy_import,https://github.com/mnmelo/lazy_import,29c74c83e90adff62d363220fee8cf7d6f0dd3c9,lazy_import/test_lazy.py::test_error_callable_as_baseclass[distutils.core-errors47-cnames47-lazy_callable],victim,True
lazy_import,https://github.com/mnmelo/lazy_import,29c74c83e90adff62d363220fee8cf7d6f0dd3c9,lazy_import/test_lazy.py::test_error_callable_as_baseclass[sched-None-cnames10-lazy_callable],victim,True
lazy_import,https://github.com/mnmelo/lazy_import,29c74c83e90adff62d363220fee8cf7d6f0dd3c9,lazy_import/test_lazy.py::test_error_callable_as_baseclass[sched-None-cnames11-lazy_callable],victim,True
lazy_import,https://github.com/mnmelo/lazy_import,29c74c83e90adff62d363220fee8cf7d6f0dd3c9,lazy_import/test_lazy.py::test_error_callable_as_baseclass[sched-None-cnames6-lazy_callable],victim,True
lazy_import,https://github.com/mnmelo/lazy_import,29c74c83e90adff62d363220fee8cf7d6f0dd3c9,lazy_import/test_lazy.py::test_error_callable_as_baseclass[sched-None-cnames7-lazy_callable],victim,True
lazy_import,https://github.com/mnmelo/lazy_import,29c74c83e90adff62d363220fee8cf7d6f0dd3c9,lazy_import/test_lazy.py::test_error_callable_as_baseclass[sched-None-cnames8-lazy_callable],victim,True
lazy_import,https://github.com/mnmelo/lazy_import,29c74c83e90adff62d363220fee8cf7d6f0dd3c9,lazy_import/test_lazy.py::test_error_callable_as_baseclass[sched-None-cnames9-lazy_callable],victim,True
lazy_import,https://github.com/mnmelo/lazy_import,29c74c83e90adff62d363220fee8cf7d6f0dd3c9,lazy_import/test_lazy.py::test_error_callable_as_baseclass[sched-None-fn1-lazy_callable0],victim,True
lazy_import,https://github.com/mnmelo/lazy_import,29c74c83e90adff62d363220fee8cf7d6f0dd3c9,lazy_import/test_lazy.py::test_error_callable_as_baseclass[sched-None-fn1-lazy_callable1],victim,True
lazy_import,https://github.com/mnmelo/lazy_import,29c74c83e90adff62d363220fee8cf7d6f0dd3c9,lazy_import/test_lazy.py::test_error_callable_as_baseclass[sched-None-fn1-lazy_callable2],victim,True
lazy_import,https://github.com/mnmelo/lazy_import,29c74c83e90adff62d363220fee8cf7d6f0dd3c9,lazy_import/test_lazy.py::test_error_callable_as_baseclass[sched-None-fn1-lazy_callable3],victim,True
lazy_import,https://github.com/mnmelo/lazy_import,29c74c83e90adff62d363220fee8cf7d6f0dd3c9,lazy_import/test_lazy.py::test_error_callable_as_baseclass[sched-None-fn1-lazy_callable4],victim,True
lazy_import,https://github.com/mnmelo/lazy_import,29c74c83e90adff62d363220fee8cf7d6f0dd3c9,lazy_import/test_lazy.py::test_error_callable_as_baseclass[sched-errors12-fn1-lazy_callable],victim,True
lazy_import,https://github.com/mnmelo/lazy_import,29c74c83e90adff62d363220fee8cf7d6f0dd3c9,lazy_import/test_lazy.py::test_error_callable_as_baseclass[sched-errors13-fn1-lazy_callable],victim,True
lazy_import,https://github.com/mnmelo/lazy_import,29c74c83e90adff62d363220fee8cf7d6f0dd3c9,lazy_import/test_lazy.py::test_error_callable_as_baseclass[sched-errors14-fn1-lazy_callable],victim,True
lazy_import,https://github.com/mnmelo/lazy_import,29c74c83e90adff62d363220fee8cf7d6f0dd3c9,lazy_import/test_lazy.py::test_error_callable_as_baseclass[sched-errors15-fn1-lazy_callable],victim,True
lazy_import,https://github.com/mnmelo/lazy_import,29c74c83e90adff62d363220fee8cf7d6f0dd3c9,lazy_import/test_lazy.py::test_error_callable_as_baseclass[sched-errors16-fn1-lazy_callable],victim,True
lazy_import,https://github.com/mnmelo/lazy_import,29c74c83e90adff62d363220fee8cf7d6f0dd3c9,lazy_import/test_lazy.py::test_error_callable_as_baseclass[sched-errors17-fn1-lazy_callable],victim,True
lazy_import,https://github.com/mnmelo/lazy_import,29c74c83e90adff62d363220fee8cf7d6f0dd3c9,lazy_import/test_lazy.py::test_error_callable_as_baseclass[sched-errors18-cnames18-lazy_callable],victim,True
lazy_import,https://github.com/mnmelo/lazy_import,29c74c83e90adff62d363220fee8cf7d6f0dd3c9,lazy_import/test_lazy.py::test_error_callable_as_baseclass[sched-errors19-cnames19-lazy_callable],victim,True
lazy_import,https://github.com/mnmelo/lazy_import,29c74c83e90adff62d363220fee8cf7d6f0dd3c9,lazy_import/test_lazy.py::test_error_callable_as_baseclass[sched-errors20-cnames20-lazy_callable],victim,True
lazy_import,https://github.com/mnmelo/lazy_import,29c74c83e90adff62d363220fee8cf7d6f0dd3c9,lazy_import/test_lazy.py::test_error_callable_as_baseclass[sched-errors21-cnames21-lazy_callable],victim,True
lazy_import,https://github.com/mnmelo/lazy_import,29c74c83e90adff62d363220fee8cf7d6f0dd3c9,lazy_import/test_lazy.py::test_error_callable_as_baseclass[sched-errors22-cnames22-lazy_callable],victim,True
lazy_import,https://github.com/mnmelo/lazy_import,29c74c83e90adff62d363220fee8cf7d6f0dd3c9,lazy_import/test_lazy.py::test_error_callable_as_baseclass[sched-errors23-cnames23-lazy_callable],victim,True
lazy_import,https://github.com/mnmelo/lazy_import,29c74c83e90adff62d363220fee8cf7d6f0dd3c9,lazy_import/test_lazy.py::test_load_lazysub_on_fullmodule[lazy_opts0-distutils.core],victim,True
lazy_import,https://github.com/mnmelo/lazy_import,29c74c83e90adff62d363220fee8cf7d6f0dd3c9,lazy_import/test_lazy.py::test_load_lazysub_on_fullmodule[lazy_opts1-distutils.core],victim,True
lazy_import,https://github.com/mnmelo/lazy_import,29c74c83e90adff62d363220fee8cf7d6f0dd3c9,lazy_import/test_lazy.py::test_load_lazysub_on_fullmodule[lazy_opts6-distutils.core],victim,True
lazy_import,https://github.com/mnmelo/lazy_import,29c74c83e90adff62d363220fee8cf7d6f0dd3c9,lazy_import/test_lazy.py::test_load_lazysub_on_fullmodule[lazy_opts7-distutils.core],victim,True
odinweb,https://github.com/python-odin/odinweb,198424133584acc18cb41c8d18d91f803abc810f,tests/test_containers.py::TestApiInterfaceBase::test_dispatch__exceptions[error0-HTTPStatus.NOT_MODIFIED],victim,True
powerbox,https://github.com/steven-murray/powerbox,315e30b40b22e050304ca3a6600b8a1f28301c0b,tests/test_tools.py::test_variance_2d,victim,False
pymq,https://github.com/thrau/pymq,101857bca2b705c328d3bda3b26797b51e8ffb70,tests/test_provider_redis.py::RedisRpcTest::test_channel_expire,victim,True
sphinx-gallery,https://github.com/sphinx-gallery/sphinx-gallery,387900334ace5c0bf74e9e90aad1e8d2a54e6f17,sphinx_gallery/tests/test_full.py::test_junit,victim,True
sportsreference,https://github.com/roclark/sportsreference,0041953074d6c20f607049917f3b526c9af686a4,tests/integration/boxscore/test_nhl_boxscore.py::TestNHLBoxscore::test_nhl_boxscore_returns_requested_boxscore,victim,True
sportsreference,https://github.com/roclark/sportsreference,0041953074d6c20f607049917f3b526c9af686a4,tests/integration/roster/test_mlb_roster.py::TestMLBPitcher::test_correct_initial_index_found,victim,True
sportsreference,https://github.com/roclark/sportsreference,0041953074d6c20f607049917f3b526c9af686a4,tests/integration/roster/test_mlb_roster.py::TestMLBPitcher::test_dataframe_returns_dataframe,victim,True
sportsreference,https://github.com/roclark/sportsreference,0041953074d6c20f607049917f3b526c9af686a4,tests/integration/roster/test_mlb_roster.py::TestMLBPitcher::test_mlb_player_returns_requested_career_stats,victim,True
sportsreference,https://github.com/roclark/sportsreference,0041953074d6c20f607049917f3b526c9af686a4,tests/integration/roster/test_mlb_roster.py::TestMLBPitcher::test_mlb_player_returns_requested_player_season_stats,victim,True
sportsreference,https://github.com/roclark/sportsreference,0041953074d6c20f607049917f3b526c9af686a4,tests/integration/roster/test_mlb_roster.py::TestMLBPitcher::test_player_contract_returns_contract,victim,True
sportsreference,https://github.com/roclark/sportsreference,0041953074d6c20f607049917f3b526c9af686a4,tests/integration/roster/test_mlb_roster.py::TestMLBPlayer::test_dataframe_returns_dataframe,victim,True
sportsreference,https://github.com/roclark/sportsreference,0041953074d6c20f607049917f3b526c9af686a4,tests/integration/roster/test_mlb_roster.py::TestMLBPlayer::test_mlb_player_returns_requested_career_stats,victim,True
sportsreference,https://github.com/roclark/sportsreference,0041953074d6c20f607049917f3b526c9af686a4,tests/integration/roster/test_mlb_roster.py::TestMLBPlayer::test_mlb_player_returns_requested_player_season_stats,victim,True
sportsreference,https://github.com/roclark/sportsreference,0041953074d6c20f607049917f3b526c9af686a4,tests/integration/roster/test_mlb_roster.py::TestMLBPlayer::test_player_contract_returns_contract,victim,True
sportsreference,https://github.com/roclark/sportsreference,0041953074d6c20f607049917f3b526c9af686a4,tests/integration/roster/test_mlb_roster.py::TestMLBRoster::test_mlb_invalid_default_year_reverts_to_previous_year,victim,True
sportsreference,https://github.com/roclark/sportsreference,0041953074d6c20f607049917f3b526c9af686a4,tests/integration/roster/test_mlb_roster.py::TestMLBRoster::test_roster_class_pulls_all_player_stats,victim,True
sportsreference,https://github.com/roclark/sportsreference,0041953074d6c20f607049917f3b526c9af686a4,tests/integration/roster/test_mlb_roster.py::TestMLBRoster::test_roster_from_team_class,victim,True
sportsreference,https://github.com/roclark/sportsreference,0041953074d6c20f607049917f3b526c9af686a4,tests/integration/roster/test_nba_roster.py::TestNBAPlayer::test_dataframe_returns_dataframe,victim,True
sportsreference,https://github.com/roclark/sportsreference,0041953074d6c20f607049917f3b526c9af686a4,tests/integration/roster/test_nba_roster.py::TestNBAPlayer::test_nba_player_returns_requested_player_career_stats,victim,True
sportsreference,https://github.com/roclark/sportsreference,0041953074d6c20f607049917f3b526c9af686a4,tests/integration/roster/test_nba_roster.py::TestNBAPlayer::test_nba_player_returns_requested_player_season_stats,victim,True
sportsreference,https://github.com/roclark/sportsreference,0041953074d6c20f607049917f3b526c9af686a4,tests/integration/roster/test_nba_roster.py::TestNBAPlayer::test_nba_player_with_no_stats_handled_without_error,victim,True
sportsreference,https://github.com/roclark/sportsreference,0041953074d6c20f607049917f3b526c9af686a4,tests/integration/roster/test_nba_roster.py::TestNBARoster::test_invalid_default_year_reverts_to_previous_year,victim,True
sportsreference,https://github.com/roclark/sportsreference,0041953074d6c20f607049917f3b526c9af686a4,tests/integration/roster/test_nba_roster.py::TestNBARoster::test_roster_class_pulls_all_player_stats,victim,True
sportsreference,https://github.com/roclark/sportsreference,0041953074d6c20f607049917f3b526c9af686a4,tests/integration/roster/test_nba_roster.py::TestNBARoster::test_roster_from_team_class,victim,True
sportsreference,https://github.com/roclark/sportsreference,0041953074d6c20f607049917f3b526c9af686a4,tests/integration/roster/test_ncaab_roster.py::TestNCAABPlayer::test_correct_initial_index_found,victim,True
sportsreference,https://github.com/roclark/sportsreference,0041953074d6c20f607049917f3b526c9af686a4,tests/integration/roster/test_ncaab_roster.py::TestNCAABPlayer::test_ncaab_player_returns_requested_player_career_stats,victim,True
sportsreference,https://github.com/roclark/sportsreference,0041953074d6c20f607049917f3b526c9af686a4,tests/integration/roster/test_ncaab_roster.py::TestNCAABPlayer::test_ncaab_player_returns_requested_player_season_stats,victim,True
sportsreference,https://github.com/roclark/sportsreference,0041953074d6c20f607049917f3b526c9af686a4,tests/integration/roster/test_ncaaf_roster.py::TestNCAAFPlayer::test_ncaaf_player_returns_requested_career_stats,victim,True
sportsreference,https://github.com/roclark/sportsreference,0041953074d6c20f607049917f3b526c9af686a4,tests/integration/roster/test_ncaaf_roster.py::TestNCAAFPlayer::test_ncaaf_player_returns_requested_season_stats,victim,True
sportsreference,https://github.com/roclark/sportsreference,0041953074d6c20f607049917f3b526c9af686a4,tests/integration/roster/test_ncaaf_roster.py::TestNCAAFPlayer::test_ncaaf_tight_end_skips_passing_without_errors,victim,True
sportsreference,https://github.com/roclark/sportsreference,0041953074d6c20f607049917f3b526c9af686a4,tests/integration/roster/test_ncaaf_roster.py::TestNCAAFRoster::test_invalid_default_year_reverts_to_previous_year,victim,True
sportsreference,https://github.com/roclark/sportsreference,0041953074d6c20f607049917f3b526c9af686a4,tests/integration/roster/test_ncaaf_roster.py::TestNCAAFRoster::test_roster_class_pulls_all_player_stats,victim,True
sportsreference,https://github.com/roclark/sportsreference,0041953074d6c20f607049917f3b526c9af686a4,tests/integration/roster/test_ncaaf_roster.py::TestNCAAFRoster::test_roster_from_team_class,victim,True
sportsreference,https://github.com/roclark/sportsreference,0041953074d6c20f607049917f3b526c9af686a4,tests/integration/roster/test_nfl_roster.py::TestNFLPlayer::test_nfl_kicker_returns_requested_career_stats,victim,True
sportsreference,https://github.com/roclark/sportsreference,0041953074d6c20f607049917f3b526c9af686a4,tests/integration/roster/test_nfl_roster.py::TestNFLPlayer::test_nfl_olb_receiver_requested_career_stats,victim,True
sportsreference,https://github.com/roclark/sportsreference,0041953074d6c20f607049917f3b526c9af686a4,tests/integration/roster/test_nfl_roster.py::TestNFLPlayer::test_nfl_olb_returns_requested_career_stats,victim,True
sportsreference,https://github.com/roclark/sportsreference,0041953074d6c20f607049917f3b526c9af686a4,tests/integration/roster/test_nfl_roster.py::TestNFLPlayer::test_nfl_player_with_no_career_stats_handled_properly,victim,True
sportsreference,https://github.com/roclark/sportsreference,0041953074d6c20f607049917f3b526c9af686a4,tests/integration/roster/test_nfl_roster.py::TestNFLPlayer::test_nfl_punter_returns_requested_career_stats,victim,True
sportsreference,https://github.com/roclark/sportsreference,0041953074d6c20f607049917f3b526c9af686a4,tests/integration/roster/test_nfl_roster.py::TestNFLPlayer::test_nfl_qb_returns_requested_career_stats,victim,True
sportsreference,https://github.com/roclark/sportsreference,0041953074d6c20f607049917f3b526c9af686a4,tests/integration/roster/test_nfl_roster.py::TestNFLPlayer::test_nfl_qb_returns_requested_player_season_stats,victim,True
sportsreference,https://github.com/roclark/sportsreference,0041953074d6c20f607049917f3b526c9af686a4,tests/integration/roster/test_nfl_roster.py::TestNFLRoster::test_invalid_default_year_reverts_to_previous_year,victim,True
sportsreference,https://github.com/roclark/sportsreference,0041953074d6c20f607049917f3b526c9af686a4,tests/integration/roster/test_nfl_roster.py::TestNFLRoster::test_roster_class_pulls_all_player_stats,victim,True
sportsreference,https://github.com/roclark/sportsreference,0041953074d6c20f607049917f3b526c9af686a4,tests/integration/roster/test_nfl_roster.py::TestNFLRoster::test_roster_from_team_class,victim,True
sportsreference,https://github.com/roclark/sportsreference,0041953074d6c20f607049917f3b526c9af686a4,tests/integration/roster/test_nhl_roster.py::TestNHLPlayer::test_nhl_goalie_returns_player_season_stats,victim,True
sportsreference,https://github.com/roclark/sportsreference,0041953074d6c20f607049917f3b526c9af686a4,tests/integration/roster/test_nhl_roster.py::TestNHLPlayer::test_nhl_goalie_returns_requested_career_stats,victim,True
sportsreference,https://github.com/roclark/sportsreference,0041953074d6c20f607049917f3b526c9af686a4,tests/integration/roster/test_nhl_roster.py::TestNHLPlayer::test_nhl_skater_returns_player_season_stats,victim,True
sportsreference,https://github.com/roclark/sportsreference,0041953074d6c20f607049917f3b526c9af686a4,tests/integration/roster/test_nhl_roster.py::TestNHLPlayer::test_nhl_skater_returns_requested_career_stats,victim,True
sportsreference,https://github.com/roclark/sportsreference,0041953074d6c20f607049917f3b526c9af686a4,tests/integration/roster/test_nhl_roster.py::TestNHLRoster::test_invalid_default_year_reverts_to_previous_year,victim,True
sportsreference,https://github.com/roclark/sportsreference,0041953074d6c20f607049917f3b526c9af686a4,tests/integration/roster/test_nhl_roster.py::TestNHLRoster::test_roster_class_pulls_all_player_stats,victim,True
sportsreference,https://github.com/roclark/sportsreference,0041953074d6c20f607049917f3b526c9af686a4,tests/integration/roster/test_nhl_roster.py::TestNHLRoster::test_roster_from_team_class,victim,True
sportsreference,https://github.com/roclark/sportsreference,0041953074d6c20f607049917f3b526c9af686a4,tests/integration/schedule/test_mlb_schedule.py::TestMLBSchedule::test_mlb_schedule_all_dataframe_extended_returns_dataframe,victim,True
sportsreference,https://github.com/roclark/sportsreference,0041953074d6c20f607049917f3b526c9af686a4,tests/integration/schedule/test_mlb_schedule.py::TestMLBSchedule::test_mlb_schedule_all_dataframe_returns_dataframe,victim,True
sportsreference,https://github.com/roclark/sportsreference,0041953074d6c20f607049917f3b526c9af686a4,tests/integration/schedule/test_mlb_schedule.py::TestMLBSchedule::test_mlb_schedule_dataframe_returns_dataframe,victim,True
sportsreference,https://github.com/roclark/sportsreference,0041953074d6c20f607049917f3b526c9af686a4,tests/integration/schedule/test_mlb_schedule.py::TestMLBSchedule::test_mlb_schedule_returns_requested_match_from_date,victim,True
sportsreference,https://github.com/roclark/sportsreference,0041953074d6c20f607049917f3b526c9af686a4,tests/integration/schedule/test_mlb_schedule.py::TestMLBSchedule::test_mlb_schedule_returns_requested_match_from_index,victim,True
sportsreference,https://github.com/roclark/sportsreference,0041953074d6c20f607049917f3b526c9af686a4,tests/integration/schedule/test_mlb_schedule.py::TestMLBSchedule::test_mlb_schedule_returns_second_game_in_double_header,victim,True
sportsreference,https://github.com/roclark/sportsreference,0041953074d6c20f607049917f3b526c9af686a4,tests/integration/schedule/test_mlb_schedule.py::TestMLBScheduleInvalidYear::test_mlb_invalid_default_year_reverts_to_previous_year,victim,True
sportsreference,https://github.com/roclark/sportsreference,0041953074d6c20f607049917f3b526c9af686a4,tests/integration/schedule/test_nba_schedule.py::TestNBASchedule::test_nba_schedule_all_dataframe_extended_returns_dataframe,victim,True
sportsreference,https://github.com/roclark/sportsreference,0041953074d6c20f607049917f3b526c9af686a4,tests/integration/schedule/test_nba_schedule.py::TestNBASchedule::test_nba_schedule_all_dataframe_returns_dataframe,victim,True
sportsreference,https://github.com/roclark/sportsreference,0041953074d6c20f607049917f3b526c9af686a4,tests/integration/schedule/test_nba_schedule.py::TestNBASchedule::test_nba_schedule_dataframe_returns_dataframe,victim,True
sportsreference,https://github.com/roclark/sportsreference,0041953074d6c20f607049917f3b526c9af686a4,tests/integration/schedule/test_nba_schedule.py::TestNBASchedule::test_nba_schedule_returns_requested_match_from_date,victim,True
sportsreference,https://github.com/roclark/sportsreference,0041953074d6c20f607049917f3b526c9af686a4,tests/integration/schedule/test_nba_schedule.py::TestNBASchedule::test_nba_schedule_returns_requested_match_from_index,victim,True
sportsreference,https://github.com/roclark/sportsreference,0041953074d6c20f607049917f3b526c9af686a4,tests/integration/schedule/test_nba_schedule.py::TestNBAScheduleInvalidError::test_invalid_default_year_reverts_to_previous_year,victim,True
sportsreference,https://github.com/roclark/sportsreference,0041953074d6c20f607049917f3b526c9af686a4,tests/integration/schedule/test_ncaab_schedule.py::TestNCAABSchedule::test_ncaab_schedule_all_dataframe_extended_returns_dataframe,victim,True
sportsreference,https://github.com/roclark/sportsreference,0041953074d6c20f607049917f3b526c9af686a4,tests/integration/schedule/test_ncaab_schedule.py::TestNCAABSchedule::test_ncaab_schedule_all_dataframe_returns_dataframe,victim,True
sportsreference,https://github.com/roclark/sportsreference,0041953074d6c20f607049917f3b526c9af686a4,tests/integration/schedule/test_ncaab_schedule.py::TestNCAABSchedule::test_ncaab_schedule_dataframe_returns_dataframe,victim,True
sportsreference,https://github.com/roclark/sportsreference,0041953074d6c20f607049917f3b526c9af686a4,tests/integration/schedule/test_ncaab_schedule.py::TestNCAABSchedule::test_ncaab_schedule_returns_requested_match_from_date,victim,True
sportsreference,https://github.com/roclark/sportsreference,0041953074d6c20f607049917f3b526c9af686a4,tests/integration/schedule/test_ncaab_schedule.py::TestNCAABSchedule::test_ncaab_schedule_returns_requested_match_from_index,victim,True
sportsreference,https://github.com/roclark/sportsreference,0041953074d6c20f607049917f3b526c9af686a4,tests/integration/schedule/test_ncaab_schedule.py::TestNCAABScheduleInvalidYear::test_invalid_default_year_reverts_to_previous_year,victim,True
sportsreference,https://github.com/roclark/sportsreference,0041953074d6c20f607049917f3b526c9af686a4,tests/integration/schedule/test_ncaaf_schedule.py::TestNCAAFSchedule::test_ncaaf_schedule_all_dataframe_extended_returns_dataframe,victim,True
sportsreference,https://github.com/roclark/sportsreference,0041953074d6c20f607049917f3b526c9af686a4,tests/integration/schedule/test_ncaaf_schedule.py::TestNCAAFSchedule::test_ncaaf_schedule_all_dataframe_returns_dataframe,victim,True
sportsreference,https://github.com/roclark/sportsreference,0041953074d6c20f607049917f3b526c9af686a4,tests/integration/schedule/test_ncaaf_schedule.py::TestNCAAFSchedule::test_ncaaf_schedule_dataframe_returns_dataframe,victim,True
sportsreference,https://github.com/roclark/sportsreference,0041953074d6c20f607049917f3b526c9af686a4,tests/integration/schedule/test_ncaaf_schedule.py::TestNCAAFSchedule::test_ncaaf_schedule_returns_requested_match_from_date,victim,True
sportsreference,https://github.com/roclark/sportsreference,0041953074d6c20f607049917f3b526c9af686a4,tests/integration/schedule/test_ncaaf_schedule.py::TestNCAAFSchedule::test_ncaaf_schedule_returns_requested_match_from_index,victim,True
sportsreference,https://github.com/roclark/sportsreference,0041953074d6c20f607049917f3b526c9af686a4,tests/integration/schedule/test_ncaaf_schedule.py::TestNCAAFScheduleInvalidYear::test_invalid_default_year_reverts_to_previous_year,victim,True
sportsreference,https://github.com/roclark/sportsreference,0041953074d6c20f607049917f3b526c9af686a4,tests/integration/schedule/test_nfl_schedule.py::TestNFLSchedule::test_nfl_schedule_all_dataframe_extended_returns_dataframe,victim,True
sportsreference,https://github.com/roclark/sportsreference,0041953074d6c20f607049917f3b526c9af686a4,tests/integration/schedule/test_nfl_schedule.py::TestNFLSchedule::test_nfl_schedule_all_dataframe_returns_dataframe,victim,True
sportsreference,https://github.com/roclark/sportsreference,0041953074d6c20f607049917f3b526c9af686a4,tests/integration/schedule/test_nfl_schedule.py::TestNFLSchedule::test_nfl_schedule_dataframe_returns_dataframe,victim,True
sportsreference,https://github.com/roclark/sportsreference,0041953074d6c20f607049917f3b526c9af686a4,tests/integration/schedule/test_nfl_schedule.py::TestNFLSchedule::test_nfl_schedule_returns_requested_match_from_date,victim,True
sportsreference,https://github.com/roclark/sportsreference,0041953074d6c20f607049917f3b526c9af686a4,tests/integration/schedule/test_nfl_schedule.py::TestNFLSchedule::test_nfl_schedule_returns_requested_match_from_index,victim,True
sportsreference,https://github.com/roclark/sportsreference,0041953074d6c20f607049917f3b526c9af686a4,tests/integration/schedule/test_nfl_schedule.py::TestNFLScheduleInvalidYear::test_invalid_default_year_reverts_to_previous_year,victim,True
sportsreference,https://github.com/roclark/sportsreference,0041953074d6c20f607049917f3b526c9af686a4,tests/integration/schedule/test_nhl_schedule.py::TestNHLSchedule::test_nhl_schedule_all_dataframe_extended_returns_dataframe,victim,True
sportsreference,https://github.com/roclark/sportsreference,0041953074d6c20f607049917f3b526c9af686a4,tests/integration/schedule/test_nhl_schedule.py::TestNHLSchedule::test_nhl_schedule_all_dataframe_returns_dataframe,victim,True
sportsreference,https://github.com/roclark/sportsreference,0041953074d6c20f607049917f3b526c9af686a4,tests/integration/schedule/test_nhl_schedule.py::TestNHLSchedule::test_nhl_schedule_dataframe_returns_dataframe,victim,True
sportsreference,https://github.com/roclark/sportsreference,0041953074d6c20f607049917f3b526c9af686a4,tests/integration/schedule/test_nhl_schedule.py::TestNHLSchedule::test_nhl_schedule_returns_requested_match_from_date,victim,True
sportsreference,https://github.com/roclark/sportsreference,0041953074d6c20f607049917f3b526c9af686a4,tests/integration/schedule/test_nhl_schedule.py::TestNHLSchedule::test_nhl_schedule_returns_requested_match_from_index,victim,True
sportsreference,https://github.com/roclark/sportsreference,0041953074d6c20f607049917f3b526c9af686a4,tests/integration/schedule/test_nhl_schedule.py::TestNHLScheduleInvalidYear::test_invalid_default_year_reverts_to_previous_year,victim,True
sportsreference,https://github.com/roclark/sportsreference,0041953074d6c20f607049917f3b526c9af686a4,tests/integration/teams/test_mlb_integration.py::TestMLBIntegration::test_mlb_integration_dataframe_returns_dataframe,victim,True
sportsreference,https://github.com/roclark/sportsreference,0041953074d6c20f607049917f3b526c9af686a4,tests/integration/teams/test_mlb_integration.py::TestMLBIntegration::test_mlb_integration_returns_correct_attributes_for_team,victim,True
sportsreference,https://github.com/roclark/sportsreference,0041953074d6c20f607049917f3b526c9af686a4,tests/integration/teams/test_mlb_integration.py::TestMLBIntegration::test_pulling_team_directly,victim,True
sportsreference,https://github.com/roclark/sportsreference,0041953074d6c20f607049917f3b526c9af686a4,tests/integration/teams/test_nba_integration.py::TestNBAIntegration::test_nba_integration_dataframe_returns_dataframe,victim,True
sportsreference,https://github.com/roclark/sportsreference,0041953074d6c20f607049917f3b526c9af686a4,tests/integration/teams/test_nba_integration.py::TestNBAIntegration::test_nba_integration_returns_correct_attributes_for_team,victim,True
sportsreference,https://github.com/roclark/sportsreference,0041953074d6c20f607049917f3b526c9af686a4,tests/integration/teams/test_ncaab_integration.py::TestNCAABIntegration::test_ncaab_integration_dataframe_returns_dataframe,victim,True
sportsreference,https://github.com/roclark/sportsreference,0041953074d6c20f607049917f3b526c9af686a4,tests/integration/teams/test_ncaab_integration.py::TestNCAABIntegration::test_ncaab_integration_returns_correct_attributes_for_team,victim,True
sportsreference,https://github.com/roclark/sportsreference,0041953074d6c20f607049917f3b526c9af686a4,tests/integration/teams/test_ncaab_integration.py::TestNCAABIntegration::test_pulling_team_directly,victim,True
sportsreference,https://github.com/roclark/sportsreference,0041953074d6c20f607049917f3b526c9af686a4,tests/integration/teams/test_ncaaf_integration.py::TestNCAAFIntegration::test_ncaaf_integration_dataframe_returns_dataframe,victim,True
sportsreference,https://github.com/roclark/sportsreference,0041953074d6c20f607049917f3b526c9af686a4,tests/integration/teams/test_ncaaf_integration.py::TestNCAAFIntegration::test_ncaaf_integration_returns_correct_attributes_for_team,victim,True
sportsreference,https://github.com/roclark/sportsreference,0041953074d6c20f607049917f3b526c9af686a4,tests/integration/teams/test_ncaaf_integration.py::TestNCAAFIntegration::test_pulling_team_directly,victim,True
sportsreference,https://github.com/roclark/sportsreference,0041953074d6c20f607049917f3b526c9af686a4,tests/integration/teams/test_ncaaf_integration.py::TestNCAAFIntegrationInvalidConference::test_invalid_conference_returns_none,victim,True
sportsreference,https://github.com/roclark/sportsreference,0041953074d6c20f607049917f3b526c9af686a4,tests/integration/teams/test_nfl_integration.py::TestNFLIntegration::test_nfl_integration_dataframe_returns_dataframe,victim,True
sportsreference,https://github.com/roclark/sportsreference,0041953074d6c20f607049917f3b526c9af686a4,tests/integration/teams/test_nfl_integration.py::TestNFLIntegration::test_nfl_integration_returns_correct_attributes_for_team,victim,True
sportsreference,https://github.com/roclark/sportsreference,0041953074d6c20f607049917f3b526c9af686a4,tests/integration/teams/test_nfl_integration.py::TestNFLIntegration::test_pulling_team_directly,victim,True
sportsreference,https://github.com/roclark/sportsreference,0041953074d6c20f607049917f3b526c9af686a4,tests/integration/teams/test_nhl_integration.py::TestNHLIntegration::test_nhl_integration_dataframe_returns_dataframe,victim,True
sportsreference,https://github.com/roclark/sportsreference,0041953074d6c20f607049917f3b526c9af686a4,tests/integration/teams/test_nhl_integration.py::TestNHLIntegration::test_nhl_integration_returns_correct_attributes_for_team,victim,True
sportsreference,https://github.com/roclark/sportsreference,0041953074d6c20f607049917f3b526c9af686a4,tests/unit/test_mlb_boxscore.py::TestMLBBoxscore::test_away_team_wins,victim,True
sportsreference,https://github.com/roclark/sportsreference,0041953074d6c20f607049917f3b526c9af686a4,tests/unit/test_mlb_boxscore.py::TestMLBBoxscore::test_home_team_wins,victim,True
sportsreference,https://github.com/roclark/sportsreference,0041953074d6c20f607049917f3b526c9af686a4,tests/unit/test_mlb_boxscore.py::TestMLBBoxscore::test_mlb_first_game_double_header_info,victim,True
sportsreference,https://github.com/roclark/sportsreference,0041953074d6c20f607049917f3b526c9af686a4,tests/unit/test_mlb_boxscore.py::TestMLBBoxscore::test_mlb_game_info,victim,True
sportsreference,https://github.com/roclark/sportsreference,0041953074d6c20f607049917f3b526c9af686a4,tests/unit/test_mlb_boxscore.py::TestMLBBoxscore::test_mlb_limited_game_info,victim,True
sportsreference,https://github.com/roclark/sportsreference,0041953074d6c20f607049917f3b526c9af686a4,tests/unit/test_mlb_boxscore.py::TestMLBBoxscore::test_mlb_second_game_double_header_info,victim,True
sportsreference,https://github.com/roclark/sportsreference,0041953074d6c20f607049917f3b526c9af686a4,tests/unit/test_nba_boxscore.py::TestNBABoxscore::test_away_team_wins,victim,True
sportsreference,https://github.com/roclark/sportsreference,0041953074d6c20f607049917f3b526c9af686a4,tests/unit/test_nba_boxscore.py::TestNBABoxscore::test_away_two_point_field_goal_attempts_calc,victim,True
sportsreference,https://github.com/roclark/sportsreference,0041953074d6c20f607049917f3b526c9af686a4,tests/unit/test_nba_boxscore.py::TestNBABoxscore::test_away_two_point_field_goals_calc,victim,True
sportsreference,https://github.com/roclark/sportsreference,0041953074d6c20f607049917f3b526c9af686a4,tests/unit/test_nba_boxscore.py::TestNBABoxscore::test_home_team_wins,victim,True
sportsreference,https://github.com/roclark/sportsreference,0041953074d6c20f607049917f3b526c9af686a4,tests/unit/test_nba_boxscore.py::TestNBABoxscore::test_home_to_point_field_goals_calc,victim,True
sportsreference,https://github.com/roclark/sportsreference,0041953074d6c20f607049917f3b526c9af686a4,tests/unit/test_nba_boxscore.py::TestNBABoxscore::test_home_two_point_field_goal_attempts_calc,victim,True
sportsreference,https://github.com/roclark/sportsreference,0041953074d6c20f607049917f3b526c9af686a4,tests/unit/test_ncaab_boxscore.py::TestNCAABBoxscore::test_away_team_wins,victim,True
sportsreference,https://github.com/roclark/sportsreference,0041953074d6c20f607049917f3b526c9af686a4,tests/unit/test_ncaab_boxscore.py::TestNCAABBoxscore::test_home_team_wins,victim,True
sportsreference,https://github.com/roclark/sportsreference,0041953074d6c20f607049917f3b526c9af686a4,tests/unit/test_ncaaf_boxscore.py::TestNCAAFBoxscore::test_away_team_wins,victim,True
sportsreference,https://github.com/roclark/sportsreference,0041953074d6c20f607049917f3b526c9af686a4,tests/unit/test_ncaaf_boxscore.py::TestNCAAFBoxscore::test_home_team_wins,victim,True
sportsreference,https://github.com/roclark/sportsreference,0041953074d6c20f607049917f3b526c9af686a4,tests/unit/test_nfl_boxscore.py::TestNFLBoxscore::test_away_team_wins,victim,True
sportsreference,https://github.com/roclark/sportsreference,0041953074d6c20f607049917f3b526c9af686a4,tests/unit/test_nfl_boxscore.py::TestNFLBoxscore::test_home_team_wins,victim,True
sportsreference,https://github.com/roclark/sportsreference,0041953074d6c20f607049917f3b526c9af686a4,tests/unit/test_nfl_boxscore.py::TestNFLBoxscore::test_nfl_game_information,victim,True
sportsreference,https://github.com/roclark/sportsreference,0041953074d6c20f607049917f3b526c9af686a4,tests/unit/test_nfl_boxscore.py::TestNFLBoxscore::test_nfl_game_limited_information,victim,True
sportsreference,https://github.com/roclark/sportsreference,0041953074d6c20f607049917f3b526c9af686a4,tests/unit/test_nhl_boxscore.py::TestNHLBoxscore::test_away_team_wins,victim,True
sportsreference,https://github.com/roclark/sportsreference,0041953074d6c20f607049917f3b526c9af686a4,tests/unit/test_nhl_boxscore.py::TestNHLBoxscore::test_home_team_wins,victim,True
tunacell,https://github.com/LeBarbouze/tunacell,837d57e1e6caeddf2e6bcdd2db2986fb456dd605,tunacell/tests/test_filters.py::test_cell_any,victim,True
wkr.py,https://github.com/wroberts/wkr.py,dbb3c1742c10bfaf697fa276d2cc8885e144ab43,tests/test_os.py::test_backup_file,victim,True
wkr.py,https://github.com/wroberts/wkr.py,dbb3c1742c10bfaf697fa276d2cc8885e144ab43,tests/test_os.py::test_backup_file_exists,victim,True
wkr.py,https://github.com/wroberts/wkr.py,dbb3c1742c10bfaf697fa276d2cc8885e144ab43,tests/test_os.py::test_mkdir_p_double,victim,True
wkr.py,https://github.com/wroberts/wkr.py,dbb3c1742c10bfaf697fa276d2cc8885e144ab43,tests/test_os.py::test_mkdir_p_exists,victim,True
wkr.py,https://github.com/wroberts/wkr.py,dbb3c1742c10bfaf697fa276d2cc8885e144ab43,tests/test_os.py::test_mkdir_p_single,victim,True
wkr.py,https://github.com/wroberts/wkr.py,dbb3c1742c10bfaf697fa276d2cc8885e144ab43,tests/test_os.py::test_momentary_chdir,victim,True
wkr.py,https://github.com/wroberts/wkr.py,dbb3c1742c10bfaf697fa276d2cc8885e144ab43,tests/test_os.py::test_momentary_chdir_fail,victim,True
wkr.py,https://github.com/wroberts/wkr.py,dbb3c1742c10bfaf697fa276d2cc8885e144ab43,tests/test_os.py::test_open_atomic,victim,True
wkr.py,https://github.com/wroberts/wkr.py,dbb3c1742c10bfaf697fa276d2cc8885e144ab43,tests/test_os.py::test_temp_file_name[random],victim,True
wkr.py,https://github.com/wroberts/wkr.py,dbb3c1742c10bfaf697fa276d2cc8885e144ab43,tests/test_os.py::test_temp_file_name_delete,victim,True
wkr.py,https://github.com/wroberts/wkr.py,dbb3c1742c10bfaf697fa276d2cc8885e144ab43,tests/test_os.py::test_write_atomic,victim,True
zenmake,https://github.com/pustotnik/zenmake,6cff05114cea34fc204d9e95422f11dc25cd1228,tests/func_autoconfig_test.py::TestAutoconfig::testEnvVars[normal-c/01-trivial-CXXFLAGS],victim,True
zenmake,https://github.com/pustotnik/zenmake,6cff05114cea34fc204d9e95422f11dc25cd1228,tests/func_autoconfig_test.py::TestAutoconfig::testEnvVars[normal-c/01-trivial-CXX],victim,True
zenmake,https://github.com/pustotnik/zenmake,6cff05114cea34fc204d9e95422f11dc25cd1228,tests/func_autoconfig_test.py::TestAutoconfig::testEnvVars[normal-c/01-trivial-DC],victim,True
zenmake,https://github.com/pustotnik/zenmake,6cff05114cea34fc204d9e95422f11dc25cd1228,tests/func_autoconfig_test.py::TestAutoconfig::testEnvVars[normal-c/01-trivial-DFLAGS],victim,True
zenmake,https://github.com/pustotnik/zenmake,6cff05114cea34fc204d9e95422f11dc25cd1228,tests/func_autoconfig_test.py::TestAutoconfig::testEnvVars[normal-c/01-trivial-FCFLAGS],victim,True
zenmake,https://github.com/pustotnik/zenmake,6cff05114cea34fc204d9e95422f11dc25cd1228,tests/func_autoconfig_test.py::TestAutoconfig::testEnvVars[normal-c/01-trivial-FC],victim,True
zenmake,https://github.com/pustotnik/zenmake,6cff05114cea34fc204d9e95422f11dc25cd1228,tests/func_autoconfig_test.py::TestAutoconfig::testEnvVars[normal-c/01-trivial-LDFLAGS],victim,True
zenmake,https://github.com/pustotnik/zenmake,6cff05114cea34fc204d9e95422f11dc25cd1228,tests/func_autoconfig_test.py::TestAutoconfig::testEnvVars[normal-c/01-trivial-LINKFLAGS],victim,True
zenmake,https://github.com/pustotnik/zenmake,6cff05114cea34fc204d9e95422f11dc25cd1228,tests/func_autoconfig_test.py::TestAutoconfig::testEnvVars[zipapp-c/01-trivial-ARFLAGS],victim,True
zenmake,https://github.com/pustotnik/zenmake,6cff05114cea34fc204d9e95422f11dc25cd1228,tests/func_autoconfig_test.py::TestAutoconfig::testEnvVars[zipapp-c/01-trivial-AR],victim,True
zenmake,https://github.com/pustotnik/zenmake,6cff05114cea34fc204d9e95422f11dc25cd1228,tests/func_autoconfig_test.py::TestAutoconfig::testEnvVars[zipapp-c/01-trivial-ASFLAGS],victim,True
zenmake,https://github.com/pustotnik/zenmake,6cff05114cea34fc204d9e95422f11dc25cd1228,tests/func_autoconfig_test.py::TestAutoconfig::testEnvVars[zipapp-c/01-trivial-ASLINKFLAGS],victim,True
zenmake,https://github.com/pustotnik/zenmake,6cff05114cea34fc204d9e95422f11dc25cd1228,tests/func_autoconfig_test.py::TestAutoconfig::testEnvVars[zipapp-c/01-trivial-AS],victim,True
zenmake,https://github.com/pustotnik/zenmake,6cff05114cea34fc204d9e95422f11dc25cd1228,tests/func_autoconfig_test.py::TestAutoconfig::testEnvVars[zipapp-c/01-trivial-CC],victim,True
zenmake,https://github.com/pustotnik/zenmake,6cff05114cea34fc204d9e95422f11dc25cd1228,tests/func_autoconfig_test.py::TestAutoconfig::testEnvVars[zipapp-c/01-trivial-CFLAGS],victim,True
zenmake,https://github.com/pustotnik/zenmake,6cff05114cea34fc204d9e95422f11dc25cd1228,tests/func_autoconfig_test.py::TestAutoconfig::testEnvVars[zipapp-c/01-trivial-CPPFLAGS],victim,True
zenmake,https://github.com/pustotnik/zenmake,6cff05114cea34fc204d9e95422f11dc25cd1228,tests/func_autoconfig_test.py::TestAutoconfig::testEnvVars[zipapp-c/01-trivial-CXXFLAGS],victim,True
zenmake,https://github.com/pustotnik/zenmake,6cff05114cea34fc204d9e95422f11dc25cd1228,tests/func_autoconfig_test.py::TestAutoconfig::testEnvVars[zipapp-c/01-trivial-CXX],victim,True
zenmake,https://github.com/pustotnik/zenmake,6cff05114cea34fc204d9e95422f11dc25cd1228,tests/func_autoconfig_test.py::TestAutoconfig::testEnvVars[zipapp-c/01-trivial-DC],victim,True
zenmake,https://github.com/pustotnik/zenmake,6cff05114cea34fc204d9e95422f11dc25cd1228,tests/func_autoconfig_test.py::TestAutoconfig::testEnvVars[zipapp-c/01-trivial-DFLAGS],victim,True
zenmake,https://github.com/pustotnik/zenmake,6cff05114cea34fc204d9e95422f11dc25cd1228,tests/func_autoconfig_test.py::TestAutoconfig::testEnvVars[zipapp-c/01-trivial-FCFLAGS],victim,True
zenmake,https://github.com/pustotnik/zenmake,6cff05114cea34fc204d9e95422f11dc25cd1228,tests/func_autoconfig_test.py::TestAutoconfig::testEnvVars[zipapp-c/01-trivial-FC],victim,True
zenmake,https://github.com/pustotnik/zenmake,6cff05114cea34fc204d9e95422f11dc25cd1228,tests/func_autoconfig_test.py::TestAutoconfig::testEnvVars[zipapp-c/01-trivial-LDFLAGS],victim,True
zenmake,https://github.com/pustotnik/zenmake,6cff05114cea34fc204d9e95422f11dc25cd1228,tests/func_autoconfig_test.py::TestAutoconfig::testEnvVars[zipapp-c/01-trivial-LINKFLAGS],victim,True
zenmake,https://github.com/pustotnik/zenmake,6cff05114cea34fc204d9e95422f11dc25cd1228,tests/func_autoconfig_test.py::TestAutoconfig::testVerChanged[c/01-trivial],victim,True
zenmake,https://github.com/pustotnik/zenmake,6cff05114cea34fc204d9e95422f11dc25cd1228,tests/func_indycmd_test.py::TestIndyCmd::testSysInfoCmd[normal],victim,True
zenmake,https://github.com/pustotnik/zenmake,6cff05114cea34fc204d9e95422f11dc25cd1228,tests/func_indycmd_test.py::TestIndyCmd::testSysInfoCmd[zipapp],victim,True
zenmake,https://github.com/pustotnik/zenmake,6cff05114cea34fc204d9e95422f11dc25cd1228,tests/func_indycmd_test.py::TestIndyCmd::testVersionCmd[normal],victim,True
zenmake,https://github.com/pustotnik/zenmake,6cff05114cea34fc204d9e95422f11dc25cd1228,tests/func_indycmd_test.py::TestIndyCmd::testVersionCmd[zipapp],victim,True
zenmake,https://github.com/pustotnik/zenmake,6cff05114cea34fc204d9e95422f11dc25cd1228,tests/func_indycmd_test.py::TestIndyCmd::testZipAppCmd[normal],victim,True
zenmake,https://github.com/pustotnik/zenmake,6cff05114cea34fc204d9e95422f11dc25cd1228,tests/func_indycmd_test.py::TestIndyCmd::testZipAppCmd[zipapp],victim,True
zenmake,https://github.com/pustotnik/zenmake,6cff05114cea34fc204d9e95422f11dc25cd1228,tests/func_taskfeature_test.py::TestFeatureRunCmd::testBasis[normal-cpp/09-complex-unittest],victim,True
zenmake,https://github.com/pustotnik/zenmake,6cff05114cea34fc204d9e95422f11dc25cd1228,tests/func_taskfeature_test.py::TestFeatureRunCmd::testBasis[zipapp-cpp/09-complex-unittest],victim,True
zenmake,https://github.com/pustotnik/zenmake,6cff05114cea34fc204d9e95422f11dc25cd1228,tests/func_taskfeature_test.py::TestFeatureRunCmd::testRunFailed[normal-cpp/09-complex-unittest],victim,True
zenmake,https://github.com/pustotnik/zenmake,6cff05114cea34fc204d9e95422f11dc25cd1228,tests/func_taskfeature_test.py::TestFeatureRunCmd::testRunFailed[zipapp-cpp/09-complex-unittest],victim,True
zenmake,https://github.com/pustotnik/zenmake,6cff05114cea34fc204d9e95422f11dc25cd1228,tests/func_taskfeature_test.py::TestFeatureTest::testCmdBuildBTNoRTNone[normal-cpp/09-complex-unittest],victim,True
zenmake,https://github.com/pustotnik/zenmake,6cff05114cea34fc204d9e95422f11dc25cd1228,tests/func_taskfeature_test.py::TestFeatureTest::testCmdBuildBTNoRTNone[zipapp-cpp/09-complex-unittest],victim,True
zenmake,https://github.com/pustotnik/zenmake,6cff05114cea34fc204d9e95422f11dc25cd1228,tests/func_taskfeature_test.py::TestFeatureTest::testCmdBuildRTAllVariants[normal-cpp/09-complex-unittest],victim,True
zenmake,https://github.com/pustotnik/zenmake,6cff05114cea34fc204d9e95422f11dc25cd1228,tests/func_taskfeature_test.py::TestFeatureTest::testCmdBuildRTAllVariants[zipapp-cpp/09-complex-unittest],victim,True
zenmake,https://github.com/pustotnik/zenmake,6cff05114cea34fc204d9e95422f11dc25cd1228,tests/func_taskfeature_test.py::TestFeatureTest::testCmdTestBTNoRTNone[normal-cpp/09-complex-unittest],victim,True
zenmake,https://github.com/pustotnik/zenmake,6cff05114cea34fc204d9e95422f11dc25cd1228,tests/func_taskfeature_test.py::TestFeatureTest::testCmdTestBTNoRTNone[zipapp-cpp/09-complex-unittest],victim,True
zenmake,https://github.com/pustotnik/zenmake,6cff05114cea34fc204d9e95422f11dc25cd1228,tests/func_taskfeature_test.py::TestFeatureTest::testCmdTestRTAllVariants[normal-cpp/09-complex-unittest],victim,True
zenmake,https://github.com/pustotnik/zenmake,6cff05114cea34fc204d9e95422f11dc25cd1228,tests/func_taskfeature_test.py::TestFeatureTest::testCmdTestRTAllVariants[zipapp-cpp/09-complex-unittest],victim,True
zenmake,https://github.com/pustotnik/zenmake,6cff05114cea34fc204d9e95422f11dc25cd1228,tests/test_pypkg.py::testDirs,victim,True
zenmake,https://github.com/pustotnik/zenmake,6cff05114cea34fc204d9e95422f11dc25cd1228,tests/test_pypkg.py::testFiles,victim,True
zenmake,https://github.com/pustotnik/zenmake,6cff05114cea34fc204d9e95422f11dc25cd1228,tests/test_pypkg.py::testOpenRead,victim,True
zenmake,https://github.com/pustotnik/zenmake,6cff05114cea34fc204d9e95422f11dc25cd1228,tests/test_starter.py::testFindTopLevelBuildConfDir,victim,True
zenmake,https://github.com/pustotnik/zenmake,6cff05114cea34fc204d9e95422f11dc25cd1228,tests/test_utils.py::testMkSymlink,victim,True
zenmake,https://github.com/pustotnik/zenmake,6cff05114cea34fc204d9e95422f11dc25cd1228,tests/test_waf_assist.py::testDistclean,victim,True
zenmake,https://github.com/pustotnik/zenmake,6cff05114cea34fc204d9e95422f11dc25cd1228,tests/test_waf_assist.py::testWriteZenMakeMetaFile,victim,True
