Project_Name,Project_URL,Project_Hash,Test_id,Stat_State-setter
BT-Tracker,https://github.com/nordwind80/BT-Tracker,558c15b399871c1ca11d0c4ae1eb598e3060931e,Tracker/tests/test_event.py::TestEvent::test_object,1
Breathe,https://github.com/mrob95/Breathe,4600818e24f4156cd7bb8cc0f43886b27323968e,tests/test_command_context.py::test_manual_context_noccr,1
Breathe,https://github.com/mrob95/Breathe,4600818e24f4156cd7bb8cc0f43886b27323968e,tests/test_loading.py::test_loading,1
Breathe,https://github.com/mrob95/Breathe,4600818e24f4156cd7bb8cc0f43886b27323968e,tests/test_loading.py::test_reloading,1
Breathe,https://github.com/mrob95/Breathe,4600818e24f4156cd7bb8cc0f43886b27323968e,tests/test_merger.py::test_context_commands,1
Breathe,https://github.com/mrob95/Breathe,4600818e24f4156cd7bb8cc0f43886b27323968e,tests/test_merger.py::test_grammar_numbers,0
Breathe,https://github.com/mrob95/Breathe,4600818e24f4156cd7bb8cc0f43886b27323968e,tests/test_merger.py::test_invalid,5
Breathe,https://github.com/mrob95/Breathe,4600818e24f4156cd7bb8cc0f43886b27323968e,tests/test_merger.py::test_noccr_commands,1
Breathe,https://github.com/mrob95/Breathe,4600818e24f4156cd7bb8cc0f43886b27323968e,tests/test_top_level.py::test_recognition,0
Breathe,https://github.com/mrob95/Breathe,4600818e24f4156cd7bb8cc0f43886b27323968e,tests/test_top_level.py::test_top_level_command_failure,0
Coinsta,https://github.com/PyDataBlog/Coinsta,7cdce24669e5ab40852f0b88329c68e5bb568f5b,tests/test_coinsta.py::TestCoinsta::test_get_current,0
Flaskerizer,https://github.com/brettvanderwerff/Flaskerizer,5a9724804f4e479fc3289e8644dc788adfeff06d,flaskerizer/flaskerizer_src/tests/test_structure_directory.py::TestStructureDirectory::test_migrate_files,0
GOApy,https://github.com/leopepe/GOApy,a8e0dfe5f0f593107884ad54f89a27f67ee28129,tests/Sensor_test.py::SensorsTest::test_remove_sensor_success,4
HikLoad,https://github.com/Tedyst/HikLoad,b3eb7be65bd34040992e1b7b15f23ff4ce2e8dc4,tests/test_config.py::test_envvar,1
JavPy,https://github.com/TheodoreKrypton/JavPy,61df53aafbfbd05ed1efa8c51a08d6e9252cb533,JavPy/tests/test_sources.py::test_avsox_net,0
LabIFSC,https://github.com/gjvnq/LabIFSC,cb56b75f51eb54680d0b81f4c87aa0234538a2a8,tests/medida_test.py::test_medida_si_2,15
LabIFSC,https://github.com/gjvnq/LabIFSC,cb56b75f51eb54680d0b81f4c87aa0234538a2a8,tests/medida_test.py::test_medida_si_3,15
MusicAPI,https://github.com/kushao1267/MusicAPI,c6340d5dd6df869a90a44a311d3cd7a383bd4cf4,tests/music_test.py::test_xiami_music_id,0
MusicAPI,https://github.com/kushao1267/MusicAPI,c6340d5dd6df869a90a44a311d3cd7a383bd4cf4,tests/music_test.py::test_xiami_music_link,0
NestedDictionary,https://github.com/cahoy/NestedDictionary,881f0ea8af36a60fcd1b9d7a84b1aec4cd7072b2,easy_dict/tests/test_01_default.py::test_del,1
NeuroKit.py,https://github.com/neuropsychology/NeuroKit.py,fc77dc94e421d5b166a5516b7186bae483d753bd,tests/test_ecg.py::TestEcg::test_ecg_process,0
PyGraph,https://github.com/Rickecr/PyGraph,e81c3a0f543f5bfcda1a603c6dcecde13d582c57,__tests__/test_simple_graph.py::TestSimpleGraph::test_delete_vertex,0
PyGraph,https://github.com/Rickecr/PyGraph,e81c3a0f543f5bfcda1a603c6dcecde13d582c57,__tests__/test_simple_graph.py::TestSimpleGraph::test_duplicated_edge,0
PyGraph,https://github.com/Rickecr/PyGraph,e81c3a0f543f5bfcda1a603c6dcecde13d582c57,__tests__/test_simple_graph.py::TestSimpleGraph::test_edge_exists,0
PyGraph,https://github.com/Rickecr/PyGraph,e81c3a0f543f5bfcda1a603c6dcecde13d582c57,__tests__/test_simple_graph.py::TestSimpleGraph::test_false_cycle_graph,0
PyGraph,https://github.com/Rickecr/PyGraph,e81c3a0f543f5bfcda1a603c6dcecde13d582c57,__tests__/test_simple_graph.py::TestSimpleGraph::test_false_regular_graph,0
PyGraph,https://github.com/Rickecr/PyGraph,e81c3a0f543f5bfcda1a603c6dcecde13d582c57,__tests__/test_simple_graph.py::TestSimpleGraph::test_is_terminal,1
PyGraph,https://github.com/Rickecr/PyGraph,e81c3a0f543f5bfcda1a603c6dcecde13d582c57,__tests__/test_simple_graph.py::TestSimpleGraph::test_list_graph_edges,0
PyGraph,https://github.com/Rickecr/PyGraph,e81c3a0f543f5bfcda1a603c6dcecde13d582c57,__tests__/test_simple_graph.py::TestSimpleGraph::test_list_graph_vertices,0
PyGraph,https://github.com/Rickecr/PyGraph,e81c3a0f543f5bfcda1a603c6dcecde13d582c57,__tests__/test_simple_graph.py::TestSimpleGraph::test_num_edges,0
PyGraph,https://github.com/Rickecr/PyGraph,e81c3a0f543f5bfcda1a603c6dcecde13d582c57,__tests__/test_simple_graph.py::TestSimpleGraph::test_show_edge,0
PyGraph,https://github.com/Rickecr/PyGraph,e81c3a0f543f5bfcda1a603c6dcecde13d582c57,__tests__/test_simple_graph.py::TestSimpleGraph::test_true_cycle_graph,0
PyGraph,https://github.com/Rickecr/PyGraph,e81c3a0f543f5bfcda1a603c6dcecde13d582c57,__tests__/test_simple_graph.py::TestSimpleGraph::test_vertex_degree,0
PyGraph,https://github.com/Rickecr/PyGraph,e81c3a0f543f5bfcda1a603c6dcecde13d582c57,__tests__/test_simple_graph.py::TestSimpleGraph::test_vertex_exists,2
PyGraph,https://github.com/Rickecr/PyGraph,e81c3a0f543f5bfcda1a603c6dcecde13d582c57,__tests__/test_simple_graph.py::TestSimpleGraph::test_vertices_adjacency,0
PyInvestor,https://github.com/SamurAi-sarl/PyInvestor,09259ad387dab597a7a525ae73090dffb886968f,PyInvestor/test_stock.py::StockTest::test_timeseries,0
Tale,https://github.com/irmen/Tale,a2a26443465ab6978b32d9253e833471500e7b68,tests/test_mudobjects.py::TestLiving::test_move_notify,0
YAROM,https://github.com/openworm/YAROM,cd4fb6cb8fac72a198858225ce89ad8b9c9175fd,tests/test_mapper.py::MapperTest::test_children_are_added,23
YAROM,https://github.com/openworm/YAROM,cd4fb6cb8fac72a198858225ce89ad8b9c9175fd,tests/test_mapper.py::MapperTest::test_children_are_deregistered,23
YAROM,https://github.com/openworm/YAROM,cd4fb6cb8fac72a198858225ce89ad8b9c9175fd,tests/test_mapper.py::MapperTest::test_object_from_id_class,23
aiotasks,https://github.com/cr0hn/aiotasks,ec485c84db55227c9283319a9c58401e294a06ff,tests/unittesting/tasks/redis/test_delay.py::test_redis_delay_add_task_non_coroutine_as_input,0
aiotasks,https://github.com/cr0hn/aiotasks,ec485c84db55227c9283319a9c58401e294a06ff,tests/unittesting/tasks/redis/test_delay.py::test_redis_delay_task_decorator_invalid_function,0
aiotasks,https://github.com/cr0hn/aiotasks,ec485c84db55227c9283319a9c58401e294a06ff,tests/unittesting/tasks/redis/test_delay.py::test_redis_delay_task_decorator_invalid_task_id_format,0
aiotasks,https://github.com/cr0hn/aiotasks,ec485c84db55227c9283319a9c58401e294a06ff,tests/unittesting/tasks/redis/test_delay.py::test_redis_delay_task_decorator_no_port_gotten,0
aiotasks,https://github.com/cr0hn/aiotasks,ec485c84db55227c9283319a9c58401e294a06ff,tests/unittesting/tasks/redis/test_subscribers.py::test_redis_subscribers_empty_topics,0
alphanum_code,https://github.com/ylaizet/alphanum_code,fb5cd313dc41f046aac01ff01d6e1561d17894a6,tests/test_alphanum_code.py::test_next_code,0
api-python,https://github.com/datacommonsorg/api-python,6d09ca1557da0af893f008f7302801f12afc2d46,datacommons/test/set_api_key_test.py::TestApiKey::test_query_no_api_key,3
api-python,https://github.com/datacommonsorg/api-python,6d09ca1557da0af893f008f7302801f12afc2d46,datacommons/test/set_api_key_test.py::TestApiKey::test_send_request_no_api_key,3
argutil,https://github.com/cmccandless/argutil,15b4d309fefe7a2d7648dac3974bd22ba7b1030a,tests/get_parser_test.py::GetParserTest::test_default_from_file,0
argutil,https://github.com/cmccandless/argutil,15b4d309fefe7a2d7648dac3974bd22ba7b1030a,tests/get_parser_test.py::GetParserTest::test_env_type_option,0
argutil,https://github.com/cmccandless/argutil,15b4d309fefe7a2d7648dac3974bd22ba7b1030a,tests/get_parser_test.py::GetParserTest::test_flag,0
argutil,https://github.com/cmccandless/argutil,15b4d309fefe7a2d7648dac3974bd22ba7b1030a,tests/get_parser_test.py::GetParserTest::test_global_env_type_option,0
argutil,https://github.com/cmccandless/argutil,15b4d309fefe7a2d7648dac3974bd22ba7b1030a,tests/get_parser_test.py::GetParserTest::test_list_option,0
argutil,https://github.com/cmccandless/argutil,15b4d309fefe7a2d7648dac3974bd22ba7b1030a,tests/get_parser_test.py::GetParserTest::test_list_option_with_default,0
argutil,https://github.com/cmccandless/argutil,15b4d309fefe7a2d7648dac3974bd22ba7b1030a,tests/get_parser_test.py::GetParserTest::test_parser_definition_type_option,0
argutil,https://github.com/cmccandless/argutil,15b4d309fefe7a2d7648dac3974bd22ba7b1030a,tests/get_parser_test.py::GetParserTest::test_positional,0
argutil,https://github.com/cmccandless/argutil,15b4d309fefe7a2d7648dac3974bd22ba7b1030a,tests/get_parser_test.py::GetParserTest::test_positional_list,0
argutil,https://github.com/cmccandless/argutil,15b4d309fefe7a2d7648dac3974bd22ba7b1030a,tests/get_parser_test.py::GetParserTest::test_positional_required,0
argutil,https://github.com/cmccandless/argutil,15b4d309fefe7a2d7648dac3974bd22ba7b1030a,tests/get_parser_test.py::GetParserTest::test_positional_required_with_optional,0
asv,https://github.com/airspeed-velocity/asv,a131ca742daf53c4521fbfefeb53507b5c140c84,test/test_compare.py::test_compare_name_lookup[hg],0
asv,https://github.com/airspeed-velocity/asv,a131ca742daf53c4521fbfefeb53507b5c140c84,test/test_gh_pages.py::test_gh_pages[hg-no-rewrite],0
asv,https://github.com/airspeed-velocity/asv,a131ca742daf53c4521fbfefeb53507b5c140c84,test/test_gh_pages.py::test_gh_pages[hg-rewrite],0
async-kinesis-client,https://github.com/whale2/async-kinesis-client,e7df499141854b8b7638a7ab0adce14a4d28201e,tests/test_dynamodb.py::TestConsumerWithDynamoDB::test_consumer_with_dynamodb,0
async-kinesis-client,https://github.com/whale2/async-kinesis-client,e7df499141854b8b7638a7ab0adce14a4d28201e,tests/test_dynamodb.py::TestConsumerWithDynamoDB::test_dropping_seq,0
aud,https://github.com/zdhoward/aud,2dfc81dad3da78537e1b1c6f5cc5630ba5b837f9,aud/test_aud.py::test_config,2
aud,https://github.com/zdhoward/aud,2dfc81dad3da78537e1b1c6f5cc5630ba5b837f9,aud/test_aud.py::test_dir,1
aud,https://github.com/zdhoward/aud,2dfc81dad3da78537e1b1c6f5cc5630ba5b837f9,aud/test_aud.py::test_name,1
authnzerver,https://github.com/waqasbhatti/authnzerver,bc735a1c9e1c084c40854a539a000d69a50ed486,authnzerver/tests/test_email.py::test_create_user_with_email,0
authnzerver,https://github.com/waqasbhatti/authnzerver,bc735a1c9e1c084c40854a539a000d69a50ed486,authnzerver/tests/test_email.py::test_email_works,0
autoclasswrapper,https://github.com/pierrepo/autoclasswrapper,af43dd833e5586386098d1793a59332e968069da,tests/test_output.py::TestOutputClass::test_aggregate_input_data,0
autoclasswrapper,https://github.com/pierrepo/autoclasswrapper,af43dd833e5586386098d1793a59332e968069da,tests/test_output.py::TestOutputClass::test_write_cdt,0
autoclasswrapper,https://github.com/pierrepo/autoclasswrapper,af43dd833e5586386098d1793a59332e968069da,tests/test_output.py::TestOutputClass::test_write_cdt_with_proba,0
autoclasswrapper,https://github.com/pierrepo/autoclasswrapper,af43dd833e5586386098d1793a59332e968069da,tests/test_output.py::TestOutputClass::test_write_cluster_stats,0
autoclasswrapper,https://github.com/pierrepo/autoclasswrapper,af43dd833e5586386098d1793a59332e968069da,tests/test_output.py::TestOutputClass::test_write_dendrogram,1
autodiscover,https://github.com/nicolaszein/autodiscover,3009f81c51b7a4cb077427e429d740db98eb173b,tests/test_autodiscover.py::TestAutoDiscover::test_autodiscover_with_pattern,1
autoyaml,https://github.com/martyni/autoyaml,be3f450667bcca477683e63bcc49c67c5d170855,tests/autoyaml_test.py::TestAutoyamlMethods::test_b_decrypt_config,1
autoyaml,https://github.com/martyni/autoyaml,be3f450667bcca477683e63bcc49c67c5d170855,tests/autoyaml_test.py::TestEncryptorMethods::test_b_decrypt,1
aws-lambda-decorators,https://github.com/gridsmartercities/aws-lambda-decorators,bbd25a7002b99e57fe7da225b6aad06cb1e43b9c,tests/test_decoders.py::DecodersTests::test_extract_multiple_parameters_from_jwt_hits_cache,0
basic_auth,https://github.com/rorymurdock/basic_auth,622f2133c13988cec549f4ea55bed14e50f90876,tests/test_basic.py::test_check_config_dir,0
basic_auth,https://github.com/rorymurdock/basic_auth,622f2133c13988cec549f4ea55bed14e50f90876,tests/test_basic.py::test_verify_config,1
basic_auth,https://github.com/rorymurdock/basic_auth,622f2133c13988cec549f4ea55bed14e50f90876,tests/test_general.py::test_file_data_arguments,1
basic_auth,https://github.com/rorymurdock/basic_auth,622f2133c13988cec549f4ea55bed14e50f90876,tests/test_general.py::test_file_data_interactive,1
basic_auth,https://github.com/rorymurdock/basic_auth,622f2133c13988cec549f4ea55bed14e50f90876,tests/test_wso.py::test_file_data_arguments,1
basic_auth,https://github.com/rorymurdock/basic_auth,622f2133c13988cec549f4ea55bed14e50f90876,tests/test_wso.py::test_file_data_interactive,1
basic_auth,https://github.com/rorymurdock/basic_auth,622f2133c13988cec549f4ea55bed14e50f90876,tests/test_wso.py::test_main_results,21
bluebees,https://github.com/matheuswhite/bluebees,ca18ee6dae60393480bac3893038790957727748,tests/test_application_data.py::test_cleanup,0
bluebees,https://github.com/matheuswhite/bluebees,ca18ee6dae60393480bac3893038790957727748,tests/test_file_helper.py::test_cleanup,0
bluebees,https://github.com/matheuswhite/bluebees,ca18ee6dae60393480bac3893038790957727748,tests/test_network_data.py::test_cleanup,0
bluebees,https://github.com/matheuswhite/bluebees,ca18ee6dae60393480bac3893038790957727748,tests/test_node_data.py::test_cleanup,0
bomweather,https://github.com/aguinane/bomweather,cfe945a64900a9207a44c42551ec2c365916b7d2,tests/test_stations.py::test_closest_obs_station_uncached,0
buildozer,https://github.com/kivy/buildozer,4a18fb321e8410c44c9a62bd65671f33df3a470b,tests/test_buildozer.py::TestBuildozer::test_p4a_recommended_android_ndk_found,24
cBinder,https://github.com/Tetrite/cBinder,940e8c78eb9cf2eda1bc69427a6279b8b832bfe1,tests/simplecases/externaldeps/test_StaticDependences.py::StaticDependencesOnLinux64::test_generate_bindings_to_gsl_sf_bessel_J,0
carbonize,https://github.com/eillarra/carbonize,efc89b8a9e44f9d64110406ce70929a9671517c7,tests/test_api.py::TestFootprint::test_flight_two_way,1
centreon-sdk-python,https://github.com/guillaumewatteeux/centreon-sdk-python,9f207d5458afc3304e24f16988069467b19eab81,tests/test_command.py::TestCommands::test_command_add,3
centreon-sdk-python,https://github.com/guillaumewatteeux/centreon-sdk-python,9f207d5458afc3304e24f16988069467b19eab81,tests/test_command.py::TestCommands::test_command_delete,3
centreon-sdk-python,https://github.com/guillaumewatteeux/centreon-sdk-python,9f207d5458afc3304e24f16988069467b19eab81,tests/test_command.py::TestCommands::test_command_list,3
centreon-sdk-python,https://github.com/guillaumewatteeux/centreon-sdk-python,9f207d5458afc3304e24f16988069467b19eab81,tests/test_command.py::TestCommands::test_command_not_exist,3
centreon-sdk-python,https://github.com/guillaumewatteeux/centreon-sdk-python,9f207d5458afc3304e24f16988069467b19eab81,tests/test_command.py::TestCommands::test_command_setparam,3
centreon-sdk-python,https://github.com/guillaumewatteeux/centreon-sdk-python,9f207d5458afc3304e24f16988069467b19eab81,tests/test_hosts.py::TestHost::test_host_addcontact,3
centreon-sdk-python,https://github.com/guillaumewatteeux/centreon-sdk-python,9f207d5458afc3304e24f16988069467b19eab81,tests/test_hosts.py::TestHost::test_host_addcontactgroupt,3
centreon-sdk-python,https://github.com/guillaumewatteeux/centreon-sdk-python,9f207d5458afc3304e24f16988069467b19eab81,tests/test_hosts.py::TestHost::test_host_addparent,3
centreon-sdk-python,https://github.com/guillaumewatteeux/centreon-sdk-python,9f207d5458afc3304e24f16988069467b19eab81,tests/test_hosts.py::TestHost::test_host_addtemplate,3
centreon-sdk-python,https://github.com/guillaumewatteeux/centreon-sdk-python,9f207d5458afc3304e24f16988069467b19eab81,tests/test_hosts.py::TestHost::test_host_applytemplate,3
centreon-sdk-python,https://github.com/guillaumewatteeux/centreon-sdk-python,9f207d5458afc3304e24f16988069467b19eab81,tests/test_hosts.py::TestHost::test_host_deletecontact,3
centreon-sdk-python,https://github.com/guillaumewatteeux/centreon-sdk-python,9f207d5458afc3304e24f16988069467b19eab81,tests/test_hosts.py::TestHost::test_host_deletecontactgroup,3
centreon-sdk-python,https://github.com/guillaumewatteeux/centreon-sdk-python,9f207d5458afc3304e24f16988069467b19eab81,tests/test_hosts.py::TestHost::test_host_deletehostgroup,3
centreon-sdk-python,https://github.com/guillaumewatteeux/centreon-sdk-python,9f207d5458afc3304e24f16988069467b19eab81,tests/test_hosts.py::TestHost::test_host_delmacro,3
centreon-sdk-python,https://github.com/guillaumewatteeux/centreon-sdk-python,9f207d5458afc3304e24f16988069467b19eab81,tests/test_hosts.py::TestHost::test_host_deteletemplate,3
centreon-sdk-python,https://github.com/guillaumewatteeux/centreon-sdk-python,9f207d5458afc3304e24f16988069467b19eab81,tests/test_hosts.py::TestHost::test_host_disable,3
centreon-sdk-python,https://github.com/guillaumewatteeux/centreon-sdk-python,9f207d5458afc3304e24f16988069467b19eab81,tests/test_hosts.py::TestHost::test_host_enable,3
centreon-sdk-python,https://github.com/guillaumewatteeux/centreon-sdk-python,9f207d5458afc3304e24f16988069467b19eab81,tests/test_hosts.py::TestHost::test_host_getcontact,3
centreon-sdk-python,https://github.com/guillaumewatteeux/centreon-sdk-python,9f207d5458afc3304e24f16988069467b19eab81,tests/test_hosts.py::TestHost::test_host_getcontactgroup,3
centreon-sdk-python,https://github.com/guillaumewatteeux/centreon-sdk-python,9f207d5458afc3304e24f16988069467b19eab81,tests/test_hosts.py::TestHost::test_host_gethostgroup,3
centreon-sdk-python,https://github.com/guillaumewatteeux/centreon-sdk-python,9f207d5458afc3304e24f16988069467b19eab81,tests/test_hosts.py::TestHost::test_host_getmacro,3
centreon-sdk-python,https://github.com/guillaumewatteeux/centreon-sdk-python,9f207d5458afc3304e24f16988069467b19eab81,tests/test_hosts.py::TestHost::test_host_getparents,3
centreon-sdk-python,https://github.com/guillaumewatteeux/centreon-sdk-python,9f207d5458afc3304e24f16988069467b19eab81,tests/test_hosts.py::TestHost::test_host_gettemplate,3
centreon-sdk-python,https://github.com/guillaumewatteeux/centreon-sdk-python,9f207d5458afc3304e24f16988069467b19eab81,tests/test_hosts.py::TestHost::test_host_setcontact,3
centreon-sdk-python,https://github.com/guillaumewatteeux/centreon-sdk-python,9f207d5458afc3304e24f16988069467b19eab81,tests/test_hosts.py::TestHost::test_host_setcontactgroup,3
centreon-sdk-python,https://github.com/guillaumewatteeux/centreon-sdk-python,9f207d5458afc3304e24f16988069467b19eab81,tests/test_hosts.py::TestHost::test_host_setinstance,3
centreon-sdk-python,https://github.com/guillaumewatteeux/centreon-sdk-python,9f207d5458afc3304e24f16988069467b19eab81,tests/test_hosts.py::TestHost::test_host_setmacro,3
centreon-sdk-python,https://github.com/guillaumewatteeux/centreon-sdk-python,9f207d5458afc3304e24f16988069467b19eab81,tests/test_hosts.py::TestHost::test_host_setparam,3
centreon-sdk-python,https://github.com/guillaumewatteeux/centreon-sdk-python,9f207d5458afc3304e24f16988069467b19eab81,tests/test_hosts.py::TestHost::test_host_setparent,3
centreon-sdk-python,https://github.com/guillaumewatteeux/centreon-sdk-python,9f207d5458afc3304e24f16988069467b19eab81,tests/test_hosts.py::TestHost::test_host_settemplate,3
centreon-sdk-python,https://github.com/guillaumewatteeux/centreon-sdk-python,9f207d5458afc3304e24f16988069467b19eab81,tests/test_hosts.py::TestHosts::test_hosts_add,3
centreon-sdk-python,https://github.com/guillaumewatteeux/centreon-sdk-python,9f207d5458afc3304e24f16988069467b19eab81,tests/test_hosts.py::TestHosts::test_hosts_delete,3
centreon-sdk-python,https://github.com/guillaumewatteeux/centreon-sdk-python,9f207d5458afc3304e24f16988069467b19eab81,tests/test_hosts.py::TestHosts::test_hosts_delete_with_obj,3
centreon-sdk-python,https://github.com/guillaumewatteeux/centreon-sdk-python,9f207d5458afc3304e24f16988069467b19eab81,tests/test_hosts.py::TestHosts::test_hosts_list,3
centreon-sdk-python,https://github.com/guillaumewatteeux/centreon-sdk-python,9f207d5458afc3304e24f16988069467b19eab81,tests/test_hosts.py::TestHosts::test_hosts_not_exist,3
centreon-sdk-python,https://github.com/guillaumewatteeux/centreon-sdk-python,9f207d5458afc3304e24f16988069467b19eab81,tests/test_resourcecfg.py::TestResourceCFG::test_resourcecfg_add,3
centreon-sdk-python,https://github.com/guillaumewatteeux/centreon-sdk-python,9f207d5458afc3304e24f16988069467b19eab81,tests/test_resourcecfg.py::TestResourceCFG::test_resourcecfg_building_line,3
centreon-sdk-python,https://github.com/guillaumewatteeux/centreon-sdk-python,9f207d5458afc3304e24f16988069467b19eab81,tests/test_resourcecfg.py::TestResourceCFG::test_resourcecfg_delete,3
centreon-sdk-python,https://github.com/guillaumewatteeux/centreon-sdk-python,9f207d5458afc3304e24f16988069467b19eab81,tests/test_resourcecfg.py::TestResourceCFG::test_resourcecfg_get_one,3
centreon-sdk-python,https://github.com/guillaumewatteeux/centreon-sdk-python,9f207d5458afc3304e24f16988069467b19eab81,tests/test_resourcecfg.py::TestResourceCFG::test_resourcecfg_not_exist,3
centreon-sdk-python,https://github.com/guillaumewatteeux/centreon-sdk-python,9f207d5458afc3304e24f16988069467b19eab81,tests/test_resourcecfg.py::TestResourceCFG::test_resourcecfg_setparam,3
cfgsaver,https://github.com/prahladyeri/cfgsaver,9654076b418c96bcddbf2fddc5fdb0f6f4117278,test/test_cfgsaver.py::test_get,1
chazutsu,https://github.com/chakki-works/chazutsu,734828f2f05799a1d59d9280a032bf5996fe3261,tests/test_dataset.py::TestDataset::test_extract_file_zip,0
chazutsu,https://github.com/chakki-works/chazutsu,734828f2f05799a1d59d9280a032bf5996fe3261,tests/test_resource.py::TestResource::test_read_resource,49
cherry,https://github.com/Windsooon/cherry,bc6ae1f0284d837fb95279098538530312313534,tests/test_base.py::BaseTest::test_load_data_found,33
cherry,https://github.com/Windsooon/cherry,bc6ae1f0284d837fb95279098538530312313534,tests/test_base.py::BaseTest::test_load_local_data_from_local_with_cache,33
cherry,https://github.com/Windsooon/cherry,bc6ae1f0284d837fb95279098538530312313534,tests/test_base.py::BaseTest::test_load_local_data_from_local_with_cache_failed,33
cherry,https://github.com/Windsooon/cherry,bc6ae1f0284d837fb95279098538530312313534,tests/test_base.py::BaseTest::test_load_local_data_from_local_without_cache,33
cherry,https://github.com/Windsooon/cherry,bc6ae1f0284d837fb95279098538530312313534,tests/test_classify.py::ClassifyTest::test_load_cache,1
cloud-validation-framework,https://github.com/prancer-io/cloud-validation-framework,94522590d9881a5125d81da701a65f7f63383c0d,tests/processor/connector/test_snapshot_azure.py::test_get_node_happy,0
cloud-validation-framework,https://github.com/prancer-io/cloud-validation-framework,94522590d9881a5125d81da701a65f7f63383c0d,tests/processor/connector/test_snapshot_azure.py::test_get_version_for_type,0
cloud-validation-framework,https://github.com/prancer-io/cloud-validation-framework,94522590d9881a5125d81da701a65f7f63383c0d,tests/processor/helper/httpapi/test_http_utils.py::test_check_and_add_error,0
cloud-validation-framework,https://github.com/prancer-io/cloud-validation-framework,94522590d9881a5125d81da701a65f7f63383c0d,tests/processor/helper/httpapi/test_restapi_azure.py::test_web_client_data,0
cloud-validation-framework,https://github.com/prancer-io/cloud-validation-framework,94522590d9881a5125d81da701a65f7f63383c0d,tests/processor/template_processor/base/test_base_template_processor.py::test_populate_template_snapshot_false,0
cloudnetpy,https://github.com/tukiains/cloudnetpy,26f2607b890630146469cfa410fce99438ceee3f,tests/unit/test_classify.py::TestFindRain::test_3,1
cloudnetpy,https://github.com/tukiains/cloudnetpy,26f2607b890630146469cfa410fce99438ceee3f,tests/unit/test_drizzle.py::test_calc_fall_velocity,1
cloudnetpy,https://github.com/tukiains/cloudnetpy,26f2607b890630146469cfa410fce99438ceee3f,tests/unit/test_drizzle.py::test_calc_lwf,1
compilertools,https://github.com/JGoutin/compilertools,7b898cb6970f5f25c5356b15a2efd0cb2e54d566,tests/test_build.py::tests_patch___new__,13
cw-sdk-python,https://github.com/cryptowatch/cw-sdk-python,92bd90db16dfc116c0708d19d27208d9bfc990c1,tests/test_api.py::test_assets_endpoints,0
cw-sdk-python,https://github.com/cryptowatch/cw-sdk-python,92bd90db16dfc116c0708d19d27208d9bfc990c1,tests/test_api.py::test_exchanges_endpoints,0
cw-sdk-python,https://github.com/cryptowatch/cw-sdk-python,92bd90db16dfc116c0708d19d27208d9bfc990c1,tests/test_api.py::test_instruments_endpoints,0
cw-sdk-python,https://github.com/cryptowatch/cw-sdk-python,92bd90db16dfc116c0708d19d27208d9bfc990c1,tests/test_api.py::test_markets_endpoints,0
datapungibea,https://github.com/jjotterson/datapungibea,fe3b262b7e2ceffd12621693c94af9b6cc43e408,datapungibea/tests/test_driversCI.py::test_NIPAVintage,0
deezload,https://github.com/vanyakosmos/deezload,8a25f4657d648a3c70b6287a9828cec724c8fa0e,tests/test_base.py::BaseTests::test_playlist_writer,0
devtracker,https://github.com/ConSou/devtracker,ea892d6d48aa5d4627b429469b59ae3f0ce7f10f,devtracker/test_devtracker.py::test_current_status,2
devtracker,https://github.com/ConSou/devtracker,ea892d6d48aa5d4627b429469b59ae3f0ce7f10f,devtracker/test_devtracker.py::test_full_report,0
devtracker,https://github.com/ConSou/devtracker,ea892d6d48aa5d4627b429469b59ae3f0ce7f10f,devtracker/test_devtracker.py::test_make_project_csv_initalize,17
devtracker,https://github.com/ConSou/devtracker,ea892d6d48aa5d4627b429469b59ae3f0ce7f10f,devtracker/test_devtracker.py::test_start_time,1
dockerpy-creds,https://github.com/shin-/dockerpy-creds,9c0b66d2e445a838e1518f2c3273df7ddc7ec0d4,tests/store_test.py::TestStore::test_execute_with_env_override,0
draft,https://github.com/edelgm6/draft,bdd813dfeb914b91c857f8a6675c86c7972555b3,tests/test_cli.py::TestGenerateProject::test_generate_file_tree,0
draft,https://github.com/edelgm6/draft,bdd813dfeb914b91c857f8a6675c86c7972555b3,tests/test_generator.py::TestFileTree::test_generate_file_tree,0
dzonegit,https://github.com/oskar456/dzonegit,8f952086aa41aee4ebb7432926ed8c6a9211ac9f,test_dzonegit.py::test_get_altered_files,1
dzonegit,https://github.com/oskar456/dzonegit,8f952086aa41aee4ebb7432926ed8c6a9211ac9f,test_dzonegit.py::test_get_file_contents,1
dzonegit,https://github.com/oskar456/dzonegit,8f952086aa41aee4ebb7432926ed8c6a9211ac9f,test_dzonegit.py::test_post_receive,1
dzonegit,https://github.com/oskar456/dzonegit,8f952086aa41aee4ebb7432926ed8c6a9211ac9f,test_dzonegit.py::test_template_config,2
easy_python_requirements,https://github.com/tjdevries/easy_python_requirements,2bf905f34065637cbc781d17d8e5806892fb66d5,test/test_mock_functions.py::test_mock_class_update,15
HARK,https://github.com/econ-ark/HARK,c9138af45fd0a0d97c718c8558f3ea8d9f2ae820,HARK/ConsumptionSaving/tests/test_IndShockConsumerType.py::testIndShockConsumerType::test_getShocks,83
ecs-crd-cli,https://github.com/AdventielFr/ecs-crd-cli.git,7b296c64086a204d3540da272e3d8dd74721c6c4,tests/test_prepareDeploymentServiceDefinitionStep.py::test_process_application_autoscaling_scalable_target_max_capacity_invalid,2
edk2-pytool-library,https://github.com/tianocore/edk2-pytool-library,ab6bac82f297b4e8fe0a0d4dcde4711b3cb1bc88,edk2toollib/acpi/ivrs_parser_test.py::IvrsParserTest::test_ivrs_parser_ivrs_full,0
elife-tools,https://github.com/elifesciences/elife-tools,a5b93afbe4db7852bf1aa12265090d60140fca8e,elifetools/tests/test_xmlio.py::TestXmlio::test_input_output_1_elife_02833_v2_xml,0
elife-tools,https://github.com/elifesciences/elife-tools,a5b93afbe4db7852bf1aa12265090d60140fca8e,elifetools/tests/test_xmlio.py::TestXmlio::test_input_output_forcing_jats_doctype_1_elife_02833_v2_xml,0
enpyronments,https://github.com/stephen1000/enpyronments,0848c55a2a1b132b3beba94265c103ba49385c8f,tests/test_settings.py::test_save_to_environ[0-1],1
enpyronments,https://github.com/stephen1000/enpyronments,0848c55a2a1b132b3beba94265c103ba49385c8f,tests/test_settings.py::test_save_to_environ[2-0.0],1
enpyronments,https://github.com/stephen1000/enpyronments,0848c55a2a1b132b3beba94265c103ba49385c8f,tests/test_settings.py::test_save_to_environ[2-0],670
envyaml,https://github.com/thesimj/envyaml,79a220cabb69d71397310d941de205610cf5e4cb,tests/test_envyaml.py::test_it_should_not_fail_when_try_load_non_exist_default_file,0
eppy,https://github.com/santoshphilip/eppy,98e58583dce6c0fcec9c7b1ff1142bae0a67ddc7,eppy/tests/test_modeleditor.py::test_idd_index,84
etaprogress,https://github.com/Robpol86/etaprogress,224e8a248c2bf820bad218763281914ad3983fff,tests/test_progress_progressbar.py::test_defined_hour,0
etaprogress,https://github.com/Robpol86/etaprogress,224e8a248c2bf820bad218763281914ad3983fff,tests/test_progress_progressbar.py::test_defined_wont_fit,0
etaprogress,https://github.com/Robpol86/etaprogress,224e8a248c2bf820bad218763281914ad3983fff,tests/test_progress_progressbarbits.py::test_defined,0
etaprogress,https://github.com/Robpol86/etaprogress,224e8a248c2bf820bad218763281914ad3983fff,tests/test_progress_progressbarbits.py::test_defined_hour,0
etaprogress,https://github.com/Robpol86/etaprogress,224e8a248c2bf820bad218763281914ad3983fff,tests/test_progress_progressbarbits.py::test_defined_long,0
etaprogress,https://github.com/Robpol86/etaprogress,224e8a248c2bf820bad218763281914ad3983fff,tests/test_progress_progressbarbits.py::test_defined_rounded,0
etaprogress,https://github.com/Robpol86/etaprogress,224e8a248c2bf820bad218763281914ad3983fff,tests/test_progress_progressbarbits.py::test_defined_wont_fit,0
etaprogress,https://github.com/Robpol86/etaprogress,224e8a248c2bf820bad218763281914ad3983fff,tests/test_progress_progressbarbytes.py::test_defined,0
etaprogress,https://github.com/Robpol86/etaprogress,224e8a248c2bf820bad218763281914ad3983fff,tests/test_progress_progressbarbytes.py::test_defined_hour,0
etaprogress,https://github.com/Robpol86/etaprogress,224e8a248c2bf820bad218763281914ad3983fff,tests/test_progress_progressbarbytes.py::test_defined_long,0
etaprogress,https://github.com/Robpol86/etaprogress,224e8a248c2bf820bad218763281914ad3983fff,tests/test_progress_progressbarbytes.py::test_defined_rounded,0
etaprogress,https://github.com/Robpol86/etaprogress,224e8a248c2bf820bad218763281914ad3983fff,tests/test_progress_progressbarbytes.py::test_defined_wont_fit,0
etaprogress,https://github.com/Robpol86/etaprogress,224e8a248c2bf820bad218763281914ad3983fff,tests/test_progress_progressbarwget.py::test_defined,0
etaprogress,https://github.com/Robpol86/etaprogress,224e8a248c2bf820bad218763281914ad3983fff,tests/test_progress_progressbarwget.py::test_defined_hour,0
etaprogress,https://github.com/Robpol86/etaprogress,224e8a248c2bf820bad218763281914ad3983fff,tests/test_progress_progressbarwget.py::test_defined_rounded,0
etaprogress,https://github.com/Robpol86/etaprogress,224e8a248c2bf820bad218763281914ad3983fff,tests/test_progress_progressbarwget.py::test_defined_weeks,0
etaprogress,https://github.com/Robpol86/etaprogress,224e8a248c2bf820bad218763281914ad3983fff,tests/test_progress_progressbarwget.py::test_overflow_eta_caching,0
etaprogress,https://github.com/Robpol86/etaprogress,224e8a248c2bf820bad218763281914ad3983fff,tests/test_progress_progressbaryum.py::test_defined,0
etaprogress,https://github.com/Robpol86/etaprogress,224e8a248c2bf820bad218763281914ad3983fff,tests/test_progress_progressbaryum.py::test_defined_hour,0
etaprogress,https://github.com/Robpol86/etaprogress,224e8a248c2bf820bad218763281914ad3983fff,tests/test_progress_progressbaryum.py::test_defined_rounded,0
etaprogress,https://github.com/Robpol86/etaprogress,224e8a248c2bf820bad218763281914ad3983fff,tests/test_progress_progressbaryum.py::test_defined_weeks,0
exceltojson,https://github.com/malongge/exceltojson,6724c7de5153a7b125011e879419273589206d0d,tests/test_excel_2_json.py::TestProcessExcel::test_excel_process_not_patch_sheet_names,10
exceltojson,https://github.com/malongge/exceltojson,6724c7de5153a7b125011e879419273589206d0d,tests/test_excel_2_json.py::TestProcessExcel::test_excel_process_with_sheet_names,10
eyeflask,https://github.com/n8henrie/eyeflask,0fc6b042aac6e30885ecb2d6817fb67fad6e07d4,tests/test_eyeflask.py::test_photostatus,0
feature_engine,https://github.com/solegalli/feature_engine,ba4d7050b3923d620c1773b66cd4c51ed24498dd,tests/test_missing_data_imputer.py::test_EndTailImputer,0
feature_engine,https://github.com/solegalli/feature_engine,ba4d7050b3923d620c1773b66cd4c51ed24498dd,tests/test_missing_data_imputer.py::test_MeanMedianImputer,0
fileguard,https://github.com/iluxonchik/fileguard,73854b783faadb8e5370c407b897049131a42e50,tests/test_fileguard.py::TestFileGuardClassDecorator::test_decorated_class_restores_file_contents,17
fileguard,https://github.com/iluxonchik/fileguard,73854b783faadb8e5370c407b897049131a42e50,tests/test_fileguard.py::TestFileGuardClassDecorator::test_fileguarded_callables_calling_fileguarded_callables,17
fileguard,https://github.com/iluxonchik/fileguard,73854b783faadb8e5370c407b897049131a42e50,tests/test_fileguard.py::TestFileGuardContextManager::test_guard_change_text_file,17
fileguard,https://github.com/iluxonchik/fileguard,73854b783faadb8e5370c407b897049131a42e50,tests/test_fileguard.py::TestFileGuardDecorator::test_guard_change_text_file,17
fileguard,https://github.com/iluxonchik/fileguard,73854b783faadb8e5370c407b897049131a42e50,tests/test_fileguard.py::TestFileGuardDecorator::test_guard_deleted_file_restores_contents_test_file,17
fileguard,https://github.com/iluxonchik/fileguard,73854b783faadb8e5370c407b897049131a42e50,tests/test_fileguard.py::TestFileGuardDecorator::test_guard_if_function_not_changes_text_file,17
fileguard,https://github.com/iluxonchik/fileguard,73854b783faadb8e5370c407b897049131a42e50,tests/test_fileguard.py::TestFileGuardDecorator::test_guard_if_function_throws_exception_text_file,17
fileguard,https://github.com/iluxonchik/fileguard,73854b783faadb8e5370c407b897049131a42e50,tests/test_fileguard.py::TestFileGuardDecorator::test_that_decorator_calls_funcion,17
fileguard,https://github.com/iluxonchik/fileguard,73854b783faadb8e5370c407b897049131a42e50,tests/test_fileguard.py::TestFileGuardDecoratorMultipleFiles::test_guard_change_two_text_files,17
fileguard,https://github.com/iluxonchik/fileguard,73854b783faadb8e5370c407b897049131a42e50,tests/test_fileguard.py::TestFileGuardDecoratorMultipleFiles::test_guard_change_two_text_files_multiple_arguments,17
fileguard,https://github.com/iluxonchik/fileguard,73854b783faadb8e5370c407b897049131a42e50,tests/test_fileguard.py::TestFileGuardDecoratorWithBinaryFiles::test_binary_file_content_restored_on_change,17
fileguard,https://github.com/iluxonchik/fileguard,73854b783faadb8e5370c407b897049131a42e50,tests/test_fileguard.py::TestFileGuardDecoratorWithBinaryFiles::test_binary_file_content_restored_on_delete,17
fileguard,https://github.com/iluxonchik/fileguard,73854b783faadb8e5370c407b897049131a42e50,tests/test_fileguard.py::TestFileGuardDecoratorWithBinaryFiles::test_image_file_content_restored_on_change,17
fileguard,https://github.com/iluxonchik/fileguard,73854b783faadb8e5370c407b897049131a42e50,tests/test_fileguard.py::TestFileGuardDecoratorWithBinaryFiles::test_image_file_content_restored_on_delete,17
findatabroker,https://github.com/tomerten/findatabroker,204c433d51e2d2de5c132a4607cd504809fd4a71,FinDataBroker/tests/test_mongo.py::test__load___ok,1
fish_base,https://github.com/chinapnr/fish_base,1615ccff9106bf42fc6ae862cd13353c12c1b76d,test/test_logger.py::TestFishLogging::test_format3,0
fishbase,https://github.com/chinapnr/fishbase,1615ccff9106bf42fc6ae862cd13353c12c1b76d,test/test_logger.py::TestFishLogging::test_format3,0
flask-apify,https://github.com/vitalk/flask-apify,f486d2616575be0e460ccf354d22badb7d68b387,tests/test_serializers.py::TestJSONPSerializer::test_support_custom_callback_name,1
flask-apify,https://github.com/vitalk/flask-apify,f486d2616575be0e460ccf354d22badb7d68b387,tests/test_serializers.py::TestJSONPSerializer::test_use_callback_function_from_request_arguments_to_wrap_output,1
flask-ipban,https://github.com/Martlark/flask-ipban,882a25495be55609e5d9a058b8139b78836d64d4,flask_ipban/test_persistence.py::IpBanPersistence2::runTest,1
flask-request-logger,https://github.com/BbsonLin/flask-request-logger,26b87d56cf1dffb3f8d6a2ca8c2b1873b9d6a65e,tests/test_api.py::test_req_log,0
flask-request-logger,https://github.com/BbsonLin/flask-request-logger,26b87d56cf1dffb3f8d6a2ca8c2b1873b9d6a65e,tests/test_api.py::test_resp_log,0
flask-request-logger,https://github.com/BbsonLin/flask-request-logger,26b87d56cf1dffb3f8d6a2ca8c2b1873b9d6a65e,tests/test_database.py::test_db_exist,0
flask-request-logger,https://github.com/BbsonLin/flask-request-logger,26b87d56cf1dffb3f8d6a2ca8c2b1873b9d6a65e,tests/test_logging.py::test_logging,0
flask-rest-jsonapi,https://github.com/miLibris/flask-rest-jsonapi,b44bc08b11213d49fadae873650d3555889052ec,tests/test_sqlalchemy_data_layer.py::test_sqlalchemy_data_layer_get_relationship_field_not_found,0
flask-sqlalchemy-booster,https://github.com/SuryaSankar/flask-sqlalchemy-booster,e43980e29a18e725d791b87ce1b677470bbaf22c,tests/test_view_boosters/test_todo_list_api/test_api_endpoints.py::test_task_filtering,0
flask-sqlalchemy-booster,https://github.com/SuryaSankar/flask-sqlalchemy-booster,e43980e29a18e725d791b87ce1b677470bbaf22c,tests/test_view_boosters/test_todo_list_api/test_api_endpoints.py::test_task_get,0
flask-sqlalchemy-booster,https://github.com/SuryaSankar/flask-sqlalchemy-booster,e43980e29a18e725d791b87ce1b677470bbaf22c,tests/test_view_boosters/test_todo_list_api/test_api_endpoints.py::test_task_updation,0
flask-unchained,https://github.com/briancappello/flask-unchained,9004dc99db14813e20bea8c4023a45aa3a120965,tests/hooks/test_extension_hooks.py::TestRegisterExtensionsHook::test_process_objects,420
fooof,https://github.com/voytekresearch/fooof,7a520c4f8ac3a44f4f18dc025b5e5d40049c9f2b,fooof/tests/core/test_io.py::test_load_file_contents,1
fooof,https://github.com/voytekresearch/fooof,7a520c4f8ac3a44f4f18dc025b5e5d40049c9f2b,fooof/tests/core/test_io.py::test_load_json_fobj,1
fooof,https://github.com/voytekresearch/fooof,7a520c4f8ac3a44f4f18dc025b5e5d40049c9f2b,fooof/tests/core/test_io.py::test_load_json_str,1
fooof,https://github.com/voytekresearch/fooof,7a520c4f8ac3a44f4f18dc025b5e5d40049c9f2b,fooof/tests/core/test_io.py::test_load_jsonlines,1
fooof,https://github.com/voytekresearch/fooof,7a520c4f8ac3a44f4f18dc025b5e5d40049c9f2b,fooof/tests/objs/test_fit.py::test_fooof_load,1
fooof,https://github.com/voytekresearch/fooof,7a520c4f8ac3a44f4f18dc025b5e5d40049c9f2b,fooof/tests/objs/test_group.py::test_fg_load,1
fooof,https://github.com/voytekresearch/fooof,7a520c4f8ac3a44f4f18dc025b5e5d40049c9f2b,fooof/tests/utils/test_download.py::test_check_data_file,1
fooof,https://github.com/voytekresearch/fooof,7a520c4f8ac3a44f4f18dc025b5e5d40049c9f2b,fooof/tests/utils/test_io.py::test_load_fooof,1
fooof,https://github.com/voytekresearch/fooof,7a520c4f8ac3a44f4f18dc025b5e5d40049c9f2b,fooof/tests/utils/test_io.py::test_load_fooofgroup,1
fparser,https://github.com/stfc/fparser,4be91d2e1078fa5588e84a3299131f297afba675,src/fparser/one/tests/test_block_stmts.py::test_implicit_topyf,1
freesia,https://github.com/AuraiProject/freesia,16834c17725edac74eb50fc5ce2ff1db6f3f4840,tests/test_route.py::RouteTestCase::test_url_match,1
geom,https://github.com/josiest/geom,d12b381706ee620cba1c6a6cb45ab7815e5a1dc9,test_geom.py::test_veceq,2
gwopensci,https://github.com/duncanmmacleod/gwopensci,06b56ce506fda3af4857c8a1aae7bb60fb1925e9,gwosc/tests/test_datasets.py::test_find_datasets_type,0
hirefire,https://github.com/ryanhiebert/hirefire,cf8686d127cc914cea350350b5bfe8acfa4163ce,tests/contrib/django/test_middleware.py::TestHireFireMiddleware::test_token,0
iexfinance,https://github.com/addisonlynch/iexfinance,e502c671643a10121dd423c5665adc56b982199b,iexfinance/tests/stocks/test_endpoints.py::TestHistorical::test_invalid_dates,2
iexfinance,https://github.com/addisonlynch/iexfinance,e502c671643a10121dd423c5665adc56b982199b,iexfinance/tests/stocks/test_endpoints.py::TestHistorical::test_invalid_dates_batch,2
iexfinance,https://github.com/addisonlynch/iexfinance,e502c671643a10121dd423c5665adc56b982199b,iexfinance/tests/stocks/test_endpoints.py::TestHistorical::test_reader_chart_range,2
iexfinance,https://github.com/addisonlynch/iexfinance,e502c671643a10121dd423c5665adc56b982199b,iexfinance/tests/test_altdata.py::TestSocialSentiment::test_social_url[20190101-None-/stock/AAPL/sentiment/daily/20190101],2
iexfinance,https://github.com/addisonlynch/iexfinance,e502c671643a10121dd423c5665adc56b982199b,iexfinance/tests/test_altdata.py::TestSocialSentiment::test_social_url[20190101-minute-/stock/AAPL/sentiment/minute/20190101],2
iexfinance,https://github.com/addisonlynch/iexfinance,e502c671643a10121dd423c5665adc56b982199b,iexfinance/tests/test_altdata.py::TestSocialSentiment::test_social_url[None-None-/stock/AAPL/sentiment/daily],2
iexfinance,https://github.com/addisonlynch/iexfinance,e502c671643a10121dd423c5665adc56b982199b,iexfinance/tests/test_auth.py::TestAuth::test_cloud_fails_no_token,2
iexfinance,https://github.com/addisonlynch/iexfinance,e502c671643a10121dd423c5665adc56b982199b,iexfinance/tests/test_auth.py::TestAuth::test_stock_quote_fails_no_key,2
iexfinance,https://github.com/addisonlynch/iexfinance,e502c671643a10121dd423c5665adc56b982199b,iexfinance/tests/test_base.py::TestBase::test_all_defaults,2
iexfinance,https://github.com/addisonlynch/iexfinance,e502c671643a10121dd423c5665adc56b982199b,iexfinance/tests/test_base.py::TestBase::test_output_format_env,2
iexfinance,https://github.com/addisonlynch/iexfinance,e502c671643a10121dd423c5665adc56b982199b,iexfinance/tests/test_base.py::TestBase::test_output_format_passed,2
instabot,https://github.com/instagrambot/instabot,d68b55015322898c3842c92dcc5989581043252e,tests/test_bot_like.py::TestBotGet::test_like_medias[medias0],16
instabot,https://github.com/instagrambot/instabot,d68b55015322898c3842c92dcc5989581043252e,tests/test_bot_like.py::TestBotGet::test_like_user[12345678900],16
instabot,https://github.com/instagrambot/instabot,d68b55015322898c3842c92dcc5989581043252e,tests/test_bot_like.py::TestBotGet::test_like_user[12345678901],16
instabot,https://github.com/instagrambot/instabot,d68b55015322898c3842c92dcc5989581043252e,tests/test_bot_like.py::TestBotGet::test_like_users[user_ids0],16
instabot,https://github.com/instagrambot/instabot,d68b55015322898c3842c92dcc5989581043252e,tests/test_bot_like.py::TestBotGet::test_like_users[user_ids1],16
instabot,https://github.com/instagrambot/instabot,d68b55015322898c3842c92dcc5989581043252e,tests/test_bot_unlike.py::TestBotFilter::test_unlike_user,1
isle,https://github.com/dmkskn/isle,81397e6e8c75543f9fd2efd2c34928077542da2a,tests/test_objects/test_person.py::test_cast_attr,0
isle,https://github.com/dmkskn/isle,81397e6e8c75543f9fd2efd2c34928077542da2a,tests/test_objects/test_person.py::test_gender_attr,0
isle,https://github.com/dmkskn/isle,81397e6e8c75543f9fd2efd2c34928077542da2a,tests/test_objects/test_person.py::test_get_combined_credits,0
isle,https://github.com/dmkskn/isle,81397e6e8c75543f9fd2efd2c34928077542da2a,tests/test_objects/test_person.py::test_get_details,0
isle,https://github.com/dmkskn/isle,81397e6e8c75543f9fd2efd2c34928077542da2a,tests/test_objects/test_person.py::test_get_external_ids,0
isle,https://github.com/dmkskn/isle,81397e6e8c75543f9fd2efd2c34928077542da2a,tests/test_objects/test_person.py::test_get_images,0
isle,https://github.com/dmkskn/isle,81397e6e8c75543f9fd2efd2c34928077542da2a,tests/test_objects/test_person.py::test_get_movie_credits,0
isle,https://github.com/dmkskn/isle,81397e6e8c75543f9fd2efd2c34928077542da2a,tests/test_objects/test_person.py::test_get_show_credits,0
isle,https://github.com/dmkskn/isle,81397e6e8c75543f9fd2efd2c34928077542da2a,tests/test_objects/test_person.py::test_get_translations,0
isle,https://github.com/dmkskn/isle,81397e6e8c75543f9fd2efd2c34928077542da2a,tests/test_objects/test_person.py::test_is_adult_attr,0
isle,https://github.com/dmkskn/isle,81397e6e8c75543f9fd2efd2c34928077542da2a,tests/test_person.py::test_get_popular,0
isle,https://github.com/dmkskn/isle,81397e6e8c75543f9fd2efd2c34928077542da2a,tests/test_show.py::test_get_airing_today,0
isle,https://github.com/dmkskn/isle,81397e6e8c75543f9fd2efd2c34928077542da2a,tests/test_show.py::test_get_top_rated,0
jgutils,https://github.com/jerodg/jgutils,6c8ed6aca37d509af8ce1b57635fad62f1c846b4,jgutils/tests/test_persistentdict.py::TestPersistentDict::test_file_creation2,1
json-storage-manager,https://github.com/hefnawi/json-storage-manager,c7521fc4a576cf23a8c2454106bed6fb8c951b8d,tests/test_main.py::test_get_item,1
json-storage-manager,https://github.com/hefnawi/json-storage-manager,c7521fc4a576cf23a8c2454106bed6fb8c951b8d,tests/test_main.py::test_set_item_fail,1
json-storage-manager,https://github.com/hefnawi/json-storage-manager,c7521fc4a576cf23a8c2454106bed6fb8c951b8d,tests/test_main.py::test_update_item,2
jupytemplate,https://github.com/donlelef/jupytemplate,4e894f3b5ed8cdb00c181581840a12b002886677,tests/test_install.py::test_can_install,5
jupytemplate,https://github.com/donlelef/jupytemplate,4e894f3b5ed8cdb00c181581840a12b002886677,tests/test_install.py::test_can_uninstall,5
lazy_import,https://github.com/mnmelo/lazy_import,29c74c83e90adff62d363220fee8cf7d6f0dd3c9,lazy_import/test_lazy.py::test_lazyload[distutils.core],149
lcc-server,https://github.com/waqasbhatti/lcc-server,b8256bf28aee42e628abe27f0203d6f5361fb84b,lccserver/tests/test_cli.py::test_augcat_kdtree_databases,2229
linux_aio,https://github.com/isac322/linux_aio,007d033b42703e9bb4d7cd99ca50e54108215d46,test/test_non_vector_rw.py::TestRW::test_02_read,2
linux_aio,https://github.com/isac322/linux_aio,007d033b42703e9bb4d7cd99ca50e54108215d46,test/test_non_vector_rw.py::TestRW::test_02_read_2_str,2
linux_aio,https://github.com/isac322/linux_aio,007d033b42703e9bb4d7cd99ca50e54108215d46,test/test_non_vector_rw.py::TestRW::test_02_read_replace_file,2
linux_aio,https://github.com/isac322/linux_aio,007d033b42703e9bb4d7cd99ca50e54108215d46,test/test_non_vector_rw.py::TestRW::test_02_read_w_io_priority,2
linux_aio,https://github.com/isac322/linux_aio,007d033b42703e9bb4d7cd99ca50e54108215d46,test/test_non_vector_rw.py::TestRW::test_02_read_w_non_zero_offset,2
linux_aio,https://github.com/isac322/linux_aio,007d033b42703e9bb4d7cd99ca50e54108215d46,test/test_non_vector_rw.py::TestRW::test_02_read_w_rw_flags,0
litedb,https://github.com/JonathanVusich/litedb,2694bc39676d8398f669c0aed96aef89623dbc9a,tests/test_database/test_memory_database_hypothesis.py::TestMemoryDatabase::test_database_retrieve,1
lithoxyl,https://github.com/mahmoud/lithoxyl,9961553a065a1ad8bb7a2407fe74f2cfd6c79a20,lithoxyl/tests/test_stats.py::test_acc_random,1
logzero,https://github.com/metachris/logzero,b5d49fc2b118c370994c4ae5360d7c246d43ddc8,tests/test_logzero.py::test_default_logger_stderr_output,2
mccabe,https://github.com/pycqa/mccabe,e92e9e79799c5796f76f3da821dbb5aa56e41028,test_mccabe.py::RegressionTests::test_max_complexity_is_always_an_int,12
mihifepe,https://github.com/Craven-Biostat-Lab/mihifepe,7f03e4413d1e42e9265d790cb64c41f34dbea5ab,tests/test_mihifepe.py::test_simulation_gaussian_noise,0
mihifepe,https://github.com/Craven-Biostat-Lab/mihifepe,7f03e4413d1e42e9265d790cb64c41f34dbea5ab,tests/test_mihifepe.py::test_simulation_noisy_interactions,0
mihifepe,https://github.com/Craven-Biostat-Lab/mihifepe,7f03e4413d1e42e9265d790cb64c41f34dbea5ab,tests/test_mihifepe.py::test_simulation_random_hierarchy,0
mihifepe,https://github.com/Craven-Biostat-Lab/mihifepe,7f03e4413d1e42e9265d790cb64c41f34dbea5ab,tests/test_mihifepe.py::test_simulation_shuffling_interactions,0
model-sdk,https://github.com/runwayml/model-sdk,3132b2ab424f1020e8d30e4897057103ab3e6623,tests/test_model.py::test_inference_async_provide_id,0
moyasar-python,https://github.com/moyasar/moyasar-python,aa8716ae3f98f8782141abe6869dfbb90af98b62,tests/moyasar_test.py::test_request_should_return_json_object,15
multiindex,https://github.com/sushobhit27/multiindex,b631e60bd47558eca9067a0dc87f0e713cddc6f2,multiindex/tests/test_multiindex.py::test_remove,1
neon,https://github.com/mrmechko/neon,42ad78e3d79583a93abce6d06b81dafc29017514,tests/basic_tests.py::test_dont_memoize,1
netutils-linux,https://github.com/strizhechenko/netutils-linux,dfcb0900ffffa3020656338bbab123f6da00a168,netutils_linux_tuning/test_rx_buffers.py::RxBuffersTuneTest::test_all,0
neurodsp,https://github.com/neurodsp-tools/neurodsp,19aa50c71deaa19e4ed85efa192afa8ab63d0bf1,neurodsp/tests/utils/test_download.py::test_check_data_file,1
nxviz,https://github.com/ericmjl/nxviz,d2a2a622e834148a9f4337dbe1021a05c5f18548,tests/test_plots.py::test_matrix_plot,5
parse_it,https://github.com/naorlivne/parse_it,886d7de0e74e67edc136411a5220e35c1149e743,test/test_prase_it.py::BaseTests::test_parser_read_all_configuration_variables_raise_allowed_types_error,1
pdir2,https://github.com/laike9m/pdir2,ef5e2200074d68e2ca3df4ee441a1b9ea6ca5abc,tests/test_user_config.py::test_invalid_config_1,7
pdir2,https://github.com/laike9m/pdir2,ef5e2200074d68e2ca3df4ee441a1b9ea6ca5abc,tests/test_user_config.py::test_invalid_config_2,7
pdir2,https://github.com/laike9m/pdir2,ef5e2200074d68e2ca3df4ee441a1b9ea6ca5abc,tests/test_user_config.py::test_read_config,7
pdir2,https://github.com/laike9m/pdir2,ef5e2200074d68e2ca3df4ee441a1b9ea6ca5abc,tests/test_user_config.py::test_read_config_from_custom_location,7
pdir2,https://github.com/laike9m/pdir2,ef5e2200074d68e2ca3df4ee441a1b9ea6ca5abc,tests/test_user_config.py::test_set_env_without_config,7
pdir2,https://github.com/laike9m/pdir2,ef5e2200074d68e2ca3df4ee441a1b9ea6ca5abc,tests/test_user_config.py::test_uniform_color,7
pdl,https://github.com/zerotosingularity/pdl,fd39c391101b3fe315631565a0f4eb7c99890789,tests/test_pdl.py::test_no_archive_url,5
pidom,https://github.com/Oprax/pidom,b92741ee3c3e16cbaa2a2fa69ca1a103cfa52463,test_pidom.py::test_group,0
pidom,https://github.com/Oprax/pidom,b92741ee3c3e16cbaa2a2fa69ca1a103cfa52463,test_pidom.py::test_reset,0
pidom,https://github.com/Oprax/pidom,b92741ee3c3e16cbaa2a2fa69ca1a103cfa52463,test_pidom.py::test_switch,0
pidom,https://github.com/Oprax/pidom,b92741ee3c3e16cbaa2a2fa69ca1a103cfa52463,test_pidom.py::test_synchronize,0
pidom,https://github.com/Oprax/pidom,b92741ee3c3e16cbaa2a2fa69ca1a103cfa52463,test_pidom.py::test_toggle,0
pip-validate,https://github.com/ohjeah/pip-validate,9651b4dd6a252650c3a707218054b1baadc8b944,test_pip_validate.py::test_match_to_alias,0
pip-validate,https://github.com/ohjeah/pip-validate,9651b4dd6a252650c3a707218054b1baadc8b944,test_pip_validate.py::test_validate_imports_alias,0
primrose,https://github.com/ww-tech/primrose,bd9bb8d5d5aaf31d473d01645a862ac9d5fc6f8e,test/test_abstract_pipeline.py::test_execute_pipeline,0
primrose,https://github.com/ww-tech/primrose,bd9bb8d5d5aaf31d473d01645a862ac9d5fc6f8e,test/test_s3_writer.py::test_init_ok,0
promise,https://github.com/syrusakbary/promise,4627315476f6b9fc82818327ae09b04f89f9bda7,tests/test_dataloader.py::test_wrong_loader_return_type_does_not_block_async_instance,77
puppetboard,https://github.com/voxpupuli/puppetboard,974c51ad6c08d99662ba013789565f63cd431b03,test/test_app.py::test_catalogs_json,0
puppetboard,https://github.com/voxpupuli/puppetboard,974c51ad6c08d99662ba013789565f63cd431b03,test/test_app.py::test_catalogs_json_compare,0
puppetboard,https://github.com/voxpupuli/puppetboard,974c51ad6c08d99662ba013789565f63cd431b03,test/test_app.py::test_radiator_view_bad_env,6
pydbvolve,https://github.com/Teamworksapp/pydbvolve,e18bb8cf98997c52de0cf30a8e106c480ba0bb57,tests/unittests/test_01_migration_table.py::test_02_check_migration_table_bad_structure,0
pymdb,https://github.com/zembrodt/pymdb,bca5a414fdcdbbc1f86ed5b284945665c1edf43f,tests/test_scraper.py::TestGetCompany::test_get_company_multiple_pages,0
pymerkle,https://github.com/FoteinosMerg/pymerkle,5318009e04b2ae44e194b8435ef181aa67ab8b9a,tests/tree/test_structure.py::test_2_leaves,1
pynoorm,https://github.com/jpeyret/pynoorm,d6f7e0e102bb0eb4865beff75cf671b560ebc8b2,pynoorm/tests/test_pynoorm.py::Sqlite3::test_009_like,0
pyserverpilot,https://github.com/opper/pyserverpilot,b6b896fea1155fa95febde84f74e0d2230523ab0,tests/test_app.py::TestApp::test_add_ssl,1
pyserverpilot,https://github.com/opper/pyserverpilot,b6b896fea1155fa95febde84f74e0d2230523ab0,tests/test_app.py::TestApp::test_enable_force_ssl,0
pyserverpilot,https://github.com/opper/pyserverpilot,b6b896fea1155fa95febde84f74e0d2230523ab0,tests/test_app.py::TestApp::test_get_app,1
pyserverpilot,https://github.com/opper/pyserverpilot,b6b896fea1155fa95febde84f74e0d2230523ab0,tests/test_app.py::TestApp::test_update_app_validation,1
pyserverpilot,https://github.com/opper/pyserverpilot,b6b896fea1155fa95febde84f74e0d2230523ab0,tests/test_db.py::TestDb::test_get_db,1
pyserverpilot,https://github.com/opper/pyserverpilot,b6b896fea1155fa95febde84f74e0d2230523ab0,tests/test_db.py::TestDb::test_update_db,1
pytenable,https://github.com/tenable/pytenable,79c769cf22799125c39fa9fb86c5ef333beb96b4,tests/io/test_access_groups.py::test_access_group_edit_success,0
pytenable,https://github.com/tenable/pytenable,79c769cf22799125c39fa9fb86c5ef333beb96b4,tests/io/test_access_groups.py::test_access_groups_create_all_users_typeerror,0
pytenable,https://github.com/tenable/pytenable,79c769cf22799125c39fa9fb86c5ef333beb96b4,tests/io/test_access_groups.py::test_access_groups_create_success,0
pytenable,https://github.com/tenable/pytenable,79c769cf22799125c39fa9fb86c5ef333beb96b4,tests/io/test_access_groups.py::test_access_groups_delete_success,0
pytenable,https://github.com/tenable/pytenable,79c769cf22799125c39fa9fb86c5ef333beb96b4,tests/io/test_access_groups.py::test_access_groups_details_success,0
pytenable,https://github.com/tenable/pytenable,79c769cf22799125c39fa9fb86c5ef333beb96b4,tests/io/test_access_groups.py::test_access_groups_list,0
pytenable,https://github.com/tenable/pytenable,79c769cf22799125c39fa9fb86c5ef333beb96b4,tests/io/test_access_groups.py::test_access_groups_list_filter_name_typeerror,0
pytenable,https://github.com/tenable/pytenable,79c769cf22799125c39fa9fb86c5ef333beb96b4,tests/io/test_access_groups.py::test_access_groups_list_filter_operator_typeerror,0
pytenable,https://github.com/tenable/pytenable,79c769cf22799125c39fa9fb86c5ef333beb96b4,tests/io/test_access_groups.py::test_access_groups_list_filter_type_typeerror,0
pytenable,https://github.com/tenable/pytenable,79c769cf22799125c39fa9fb86c5ef333beb96b4,tests/io/test_access_groups.py::test_access_groups_list_filter_value_typeerror,0
pytenable,https://github.com/tenable/pytenable,79c769cf22799125c39fa9fb86c5ef333beb96b4,tests/io/test_access_groups.py::test_access_groups_list_limit_typeerror,0
pytenable,https://github.com/tenable/pytenable,79c769cf22799125c39fa9fb86c5ef333beb96b4,tests/io/test_access_groups.py::test_access_groups_list_sort_direction_typeerror,0
pytenable,https://github.com/tenable/pytenable,79c769cf22799125c39fa9fb86c5ef333beb96b4,tests/io/test_access_groups.py::test_access_groups_list_sort_direction_unexpectedvalue,0
pytenable,https://github.com/tenable/pytenable,79c769cf22799125c39fa9fb86c5ef333beb96b4,tests/io/test_access_groups.py::test_access_groups_list_sort_field_typeerror,0
pytenable,https://github.com/tenable/pytenable,79c769cf22799125c39fa9fb86c5ef333beb96b4,tests/io/test_access_groups.py::test_access_groups_list_wildcard_fields_typeerror,0
pytenable,https://github.com/tenable/pytenable,79c769cf22799125c39fa9fb86c5ef333beb96b4,tests/io/test_access_groups.py::test_access_groups_list_wildcard_typeerror,0
pytenable,https://github.com/tenable/pytenable,79c769cf22799125c39fa9fb86c5ef333beb96b4,tests/io/test_agent_groups.py::test_agentgroups_add_mult_agents_to_group,0
pytenable,https://github.com/tenable/pytenable,79c769cf22799125c39fa9fb86c5ef333beb96b4,tests/io/test_agent_groups.py::test_agentgroups_delete_agent_from_group,0
pytenable,https://github.com/tenable/pytenable,79c769cf22799125c39fa9fb86c5ef333beb96b4,tests/io/test_agent_groups.py::test_agentgroups_delete_mult_agents_from_group,0
pytenable,https://github.com/tenable/pytenable,79c769cf22799125c39fa9fb86c5ef333beb96b4,tests/io/test_agent_groups.py::test_agentgroups_task_status,0
pytenable,https://github.com/tenable/pytenable,79c769cf22799125c39fa9fb86c5ef333beb96b4,tests/io/test_agents.py::test_agents_details_agent_details,0
pytenable,https://github.com/tenable/pytenable,79c769cf22799125c39fa9fb86c5ef333beb96b4,tests/io/test_agents.py::test_agents_list,0
pytenable,https://github.com/tenable/pytenable,79c769cf22799125c39fa9fb86c5ef333beb96b4,tests/io/test_agents.py::test_agents_list_filter_name_typeerror,0
pytenable,https://github.com/tenable/pytenable,79c769cf22799125c39fa9fb86c5ef333beb96b4,tests/io/test_agents.py::test_agents_list_filter_operator_typeerror,0
pytenable,https://github.com/tenable/pytenable,79c769cf22799125c39fa9fb86c5ef333beb96b4,tests/io/test_agents.py::test_agents_list_filter_type_typeerror,0
pytenable,https://github.com/tenable/pytenable,79c769cf22799125c39fa9fb86c5ef333beb96b4,tests/io/test_agents.py::test_agents_list_filter_value_typeerror,0
pytenable,https://github.com/tenable/pytenable,79c769cf22799125c39fa9fb86c5ef333beb96b4,tests/io/test_agents.py::test_agents_list_limit_typeerror,0
pytenable,https://github.com/tenable/pytenable,79c769cf22799125c39fa9fb86c5ef333beb96b4,tests/io/test_agents.py::test_agents_list_sort_direction_typeerror,0
pytenable,https://github.com/tenable/pytenable,79c769cf22799125c39fa9fb86c5ef333beb96b4,tests/io/test_agents.py::test_agents_list_sort_direction_unexpectedvalue,0
pytenable,https://github.com/tenable/pytenable,79c769cf22799125c39fa9fb86c5ef333beb96b4,tests/io/test_agents.py::test_agents_list_sort_field_typeerror,0
pytenable,https://github.com/tenable/pytenable,79c769cf22799125c39fa9fb86c5ef333beb96b4,tests/io/test_agents.py::test_agents_list_wildcard_fields_typeerror,0
pytenable,https://github.com/tenable/pytenable,79c769cf22799125c39fa9fb86c5ef333beb96b4,tests/io/test_agents.py::test_agents_list_wildcard_typeerror,0
pytenable,https://github.com/tenable/pytenable,79c769cf22799125c39fa9fb86c5ef333beb96b4,tests/io/test_base.py::test_base_parse_filter_accessgroup,4
pytenable,https://github.com/tenable/pytenable,79c769cf22799125c39fa9fb86c5ef333beb96b4,tests/io/test_base.py::test_base_parse_filter_colon,4
pytenable,https://github.com/tenable/pytenable,79c769cf22799125c39fa9fb86c5ef333beb96b4,tests/io/test_base.py::test_base_parse_filter_sjson,4
pytenable,https://github.com/tenable/pytenable,79c769cf22799125c39fa9fb86c5ef333beb96b4,tests/io/test_base.py::test_base_parse_filters_json,4
pytenable,https://github.com/tenable/pytenable,79c769cf22799125c39fa9fb86c5ef333beb96b4,tests/io/test_scans.py::test_scan_export_bytesio,1
pytenable,https://github.com/tenable/pytenable,79c769cf22799125c39fa9fb86c5ef333beb96b4,tests/io/test_scans.py::test_scan_export_chapters_typeerror,1
pytenable,https://github.com/tenable/pytenable,79c769cf22799125c39fa9fb86c5ef333beb96b4,tests/io/test_scans.py::test_scan_export_chapters_unexpectedvalueerror,1
pytenable,https://github.com/tenable/pytenable,79c769cf22799125c39fa9fb86c5ef333beb96b4,tests/io/test_scans.py::test_scan_export_file_object,1
pytenable,https://github.com/tenable/pytenable,79c769cf22799125c39fa9fb86c5ef333beb96b4,tests/io/test_scans.py::test_scan_export_filter_type_typeerror,1
pytenable,https://github.com/tenable/pytenable,79c769cf22799125c39fa9fb86c5ef333beb96b4,tests/io/test_scans.py::test_scan_export_filter_type_unexpectedvalueerror,1
pytenable,https://github.com/tenable/pytenable,79c769cf22799125c39fa9fb86c5ef333beb96b4,tests/io/test_scans.py::test_scan_export_format_typeerror,1
pytenable,https://github.com/tenable/pytenable,79c769cf22799125c39fa9fb86c5ef333beb96b4,tests/io/test_scans.py::test_scan_export_format_unexpectedvalueerror,1
pytenable,https://github.com/tenable/pytenable,79c769cf22799125c39fa9fb86c5ef333beb96b4,tests/io/test_scans.py::test_scan_export_history_id_typeerror,1
pytenable,https://github.com/tenable/pytenable,79c769cf22799125c39fa9fb86c5ef333beb96b4,tests/io/test_scans.py::test_scan_export_password_typeerror,1
pytenable,https://github.com/tenable/pytenable,79c769cf22799125c39fa9fb86c5ef333beb96b4,tests/io/test_scans.py::test_scan_export_was,1
pytenable,https://github.com/tenable/pytenable,79c769cf22799125c39fa9fb86c5ef333beb96b4,tests/io/test_scans.py::test_scan_export_was_typeerror,1
pytenable,https://github.com/tenable/pytenable,79c769cf22799125c39fa9fb86c5ef333beb96b4,tests/io/test_scans.py::test_scan_import_scan,1
pytenable,https://github.com/tenable/pytenable,79c769cf22799125c39fa9fb86c5ef333beb96b4,tests/io/test_workbenches.py::test_workbench_asset_activity,0
pytenable,https://github.com/tenable/pytenable,79c769cf22799125c39fa9fb86c5ef333beb96b4,tests/io/test_workbenches.py::test_workbench_asset_info,0
pytenable,https://github.com/tenable/pytenable,79c769cf22799125c39fa9fb86c5ef333beb96b4,tests/io/test_workbenches.py::test_workbench_asset_vuln_info,0
pytenable,https://github.com/tenable/pytenable,79c769cf22799125c39fa9fb86c5ef333beb96b4,tests/io/test_workbenches.py::test_workbench_asset_vuln_info_age_typeerror,0
pytenable,https://github.com/tenable/pytenable,79c769cf22799125c39fa9fb86c5ef333beb96b4,tests/io/test_workbenches.py::test_workbench_asset_vuln_info_filter_type_typeerror,0
pytenable,https://github.com/tenable/pytenable,79c769cf22799125c39fa9fb86c5ef333beb96b4,tests/io/test_workbenches.py::test_workbench_asset_vuln_info_filter_type_unexpectedvalueerror,0
pytenable,https://github.com/tenable/pytenable,79c769cf22799125c39fa9fb86c5ef333beb96b4,tests/io/test_workbenches.py::test_workbench_asset_vuln_info_invalid_filter,0
pytenable,https://github.com/tenable/pytenable,79c769cf22799125c39fa9fb86c5ef333beb96b4,tests/io/test_workbenches.py::test_workbench_asset_vuln_info_plugin_id_typeerror,0
pytenable,https://github.com/tenable/pytenable,79c769cf22799125c39fa9fb86c5ef333beb96b4,tests/io/test_workbenches.py::test_workbench_asset_vuln_info_uuid_typeerror,0
pytenable,https://github.com/tenable/pytenable,79c769cf22799125c39fa9fb86c5ef333beb96b4,tests/io/test_workbenches.py::test_workbench_asset_vuln_info_uuid_unexpectedvalueerror,0
pytenable,https://github.com/tenable/pytenable,79c769cf22799125c39fa9fb86c5ef333beb96b4,tests/io/test_workbenches.py::test_workbench_asset_vuln_output,0
pytenable,https://github.com/tenable/pytenable,79c769cf22799125c39fa9fb86c5ef333beb96b4,tests/io/test_workbenches.py::test_workbench_asset_vuln_output_age_typeerror,0
pytenable,https://github.com/tenable/pytenable,79c769cf22799125c39fa9fb86c5ef333beb96b4,tests/io/test_workbenches.py::test_workbench_asset_vuln_output_filter_type_typeerror,0
pytenable,https://github.com/tenable/pytenable,79c769cf22799125c39fa9fb86c5ef333beb96b4,tests/io/test_workbenches.py::test_workbench_asset_vuln_output_filter_type_unexpectedvalueerror,0
pytenable,https://github.com/tenable/pytenable,79c769cf22799125c39fa9fb86c5ef333beb96b4,tests/io/test_workbenches.py::test_workbench_asset_vuln_output_invalid_filter,0
pytenable,https://github.com/tenable/pytenable,79c769cf22799125c39fa9fb86c5ef333beb96b4,tests/io/test_workbenches.py::test_workbench_asset_vuln_output_plugin_id_typeerror,0
pytenable,https://github.com/tenable/pytenable,79c769cf22799125c39fa9fb86c5ef333beb96b4,tests/io/test_workbenches.py::test_workbench_asset_vuln_output_uuid_typeerror,0
pytenable,https://github.com/tenable/pytenable,79c769cf22799125c39fa9fb86c5ef333beb96b4,tests/io/test_workbenches.py::test_workbench_asset_vuln_output_uuid_unexpectedvalueerror,0
pytenable,https://github.com/tenable/pytenable,79c769cf22799125c39fa9fb86c5ef333beb96b4,tests/io/test_workbenches.py::test_workbench_asset_vulns,0
pytenable,https://github.com/tenable/pytenable,79c769cf22799125c39fa9fb86c5ef333beb96b4,tests/io/test_workbenches.py::test_workbench_asset_vulns_age_typeerror,0
pytenable,https://github.com/tenable/pytenable,79c769cf22799125c39fa9fb86c5ef333beb96b4,tests/io/test_workbenches.py::test_workbench_asset_vulns_filter_type_typeerror,0
pytenable,https://github.com/tenable/pytenable,79c769cf22799125c39fa9fb86c5ef333beb96b4,tests/io/test_workbenches.py::test_workbench_asset_vulns_filter_type_unexpectedvalueerror,0
pytenable,https://github.com/tenable/pytenable,79c769cf22799125c39fa9fb86c5ef333beb96b4,tests/io/test_workbenches.py::test_workbench_asset_vulns_filtered,0
pytenable,https://github.com/tenable/pytenable,79c769cf22799125c39fa9fb86c5ef333beb96b4,tests/io/test_workbenches.py::test_workbench_asset_vulns_invalid_filter,0
pytenable,https://github.com/tenable/pytenable,79c769cf22799125c39fa9fb86c5ef333beb96b4,tests/io/test_workbenches.py::test_workbench_assets,0
pytenable,https://github.com/tenable/pytenable,79c769cf22799125c39fa9fb86c5ef333beb96b4,tests/io/test_workbenches.py::test_workbench_assets_bad_filter,0
pytenable,https://github.com/tenable/pytenable,79c769cf22799125c39fa9fb86c5ef333beb96b4,tests/io/test_workbenches.py::test_workbench_assets_filter_type_unexpectedvalueerror,0
pytenable,https://github.com/tenable/pytenable,79c769cf22799125c39fa9fb86c5ef333beb96b4,tests/io/test_workbenches.py::test_workbench_assets_filter_tyype_typeerror,0
pytenable,https://github.com/tenable/pytenable,79c769cf22799125c39fa9fb86c5ef333beb96b4,tests/io/test_workbenches.py::test_workbench_assets_filtered,0
pytenable,https://github.com/tenable/pytenable,79c769cf22799125c39fa9fb86c5ef333beb96b4,tests/io/test_workbenches.py::test_workbench_export,0
pytenable,https://github.com/tenable/pytenable,79c769cf22799125c39fa9fb86c5ef333beb96b4,tests/io/test_workbenches.py::test_workbench_export_asset_uuid,0
pytenable,https://github.com/tenable/pytenable,79c769cf22799125c39fa9fb86c5ef333beb96b4,tests/io/test_workbenches.py::test_workbench_export_asset_uuid_typeerror,0
pytenable,https://github.com/tenable/pytenable,79c769cf22799125c39fa9fb86c5ef333beb96b4,tests/io/test_workbenches.py::test_workbench_export_asset_uuid_unexpectedvalueerror,0
pytenable,https://github.com/tenable/pytenable,79c769cf22799125c39fa9fb86c5ef333beb96b4,tests/io/test_workbenches.py::test_workbench_export_chapters_typeerror,0
pytenable,https://github.com/tenable/pytenable,79c769cf22799125c39fa9fb86c5ef333beb96b4,tests/io/test_workbenches.py::test_workbench_export_chapters_unexpectedvalueerror,0
pytenable,https://github.com/tenable/pytenable,79c769cf22799125c39fa9fb86c5ef333beb96b4,tests/io/test_workbenches.py::test_workbench_export_filter_type_typeerror,0
pytenable,https://github.com/tenable/pytenable,79c769cf22799125c39fa9fb86c5ef333beb96b4,tests/io/test_workbenches.py::test_workbench_export_filter_type_unexpectedvalueerror,0
pytenable,https://github.com/tenable/pytenable,79c769cf22799125c39fa9fb86c5ef333beb96b4,tests/io/test_workbenches.py::test_workbench_export_format_typeerror,0
pytenable,https://github.com/tenable/pytenable,79c769cf22799125c39fa9fb86c5ef333beb96b4,tests/io/test_workbenches.py::test_workbench_export_format_unexpectedvalueerror,0
pytenable,https://github.com/tenable/pytenable,79c769cf22799125c39fa9fb86c5ef333beb96b4,tests/io/test_workbenches.py::test_workbench_export_missing_chapters,0
pytenable,https://github.com/tenable/pytenable,79c769cf22799125c39fa9fb86c5ef333beb96b4,tests/io/test_workbenches.py::test_workbench_export_plugin_id,0
pytenable,https://github.com/tenable/pytenable,79c769cf22799125c39fa9fb86c5ef333beb96b4,tests/io/test_workbenches.py::test_workbench_export_plugin_id_typeerror,0
pytenable,https://github.com/tenable/pytenable,79c769cf22799125c39fa9fb86c5ef333beb96b4,tests/io/test_workbenches.py::test_workbench_vuln_assets,0
pytenable,https://github.com/tenable/pytenable,79c769cf22799125c39fa9fb86c5ef333beb96b4,tests/io/test_workbenches.py::test_workbench_vuln_info,0
pytenable,https://github.com/tenable/pytenable,79c769cf22799125c39fa9fb86c5ef333beb96b4,tests/io/test_workbenches.py::test_workbench_vuln_info_age_typeerror,0
pytenable,https://github.com/tenable/pytenable,79c769cf22799125c39fa9fb86c5ef333beb96b4,tests/io/test_workbenches.py::test_workbench_vuln_info_filter_type_typeerror,0
pytenable,https://github.com/tenable/pytenable,79c769cf22799125c39fa9fb86c5ef333beb96b4,tests/io/test_workbenches.py::test_workbench_vuln_info_filter_type_unexpectedvalueerror,0
pytenable,https://github.com/tenable/pytenable,79c769cf22799125c39fa9fb86c5ef333beb96b4,tests/io/test_workbenches.py::test_workbench_vuln_info_plugin_id_typeerror,0
pytenable,https://github.com/tenable/pytenable,79c769cf22799125c39fa9fb86c5ef333beb96b4,tests/io/test_workbenches.py::test_workbench_vuln_outputs,0
pytenable,https://github.com/tenable/pytenable,79c769cf22799125c39fa9fb86c5ef333beb96b4,tests/io/test_workbenches.py::test_workbench_vuln_outputs_age_typeerror,0
pytenable,https://github.com/tenable/pytenable,79c769cf22799125c39fa9fb86c5ef333beb96b4,tests/io/test_workbenches.py::test_workbench_vuln_outputs_filter_type_typeerror,0
pytenable,https://github.com/tenable/pytenable,79c769cf22799125c39fa9fb86c5ef333beb96b4,tests/io/test_workbenches.py::test_workbench_vuln_outputs_filter_type_unexpectedvalueerror,0
pytenable,https://github.com/tenable/pytenable,79c769cf22799125c39fa9fb86c5ef333beb96b4,tests/io/test_workbenches.py::test_workbench_vuln_outputs_plugin_id_typeerror,0
pytenable,https://github.com/tenable/pytenable,79c769cf22799125c39fa9fb86c5ef333beb96b4,tests/io/test_workbenches.py::test_workbench_vulns,0
pytenable,https://github.com/tenable/pytenable,79c769cf22799125c39fa9fb86c5ef333beb96b4,tests/io/test_workbenches.py::test_workbench_vulns_age_typeerror,0
pytenable,https://github.com/tenable/pytenable,79c769cf22799125c39fa9fb86c5ef333beb96b4,tests/io/test_workbenches.py::test_workbench_vulns_authenticated_typeerror,0
pytenable,https://github.com/tenable/pytenable,79c769cf22799125c39fa9fb86c5ef333beb96b4,tests/io/test_workbenches.py::test_workbench_vulns_exploitable_typeerror,0
pytenable,https://github.com/tenable/pytenable,79c769cf22799125c39fa9fb86c5ef333beb96b4,tests/io/test_workbenches.py::test_workbench_vulns_filter_type_typeerror,0
pytenable,https://github.com/tenable/pytenable,79c769cf22799125c39fa9fb86c5ef333beb96b4,tests/io/test_workbenches.py::test_workbench_vulns_filter_type_unexpectedvalueerror,0
pytenable,https://github.com/tenable/pytenable,79c769cf22799125c39fa9fb86c5ef333beb96b4,tests/io/test_workbenches.py::test_workbench_vulns_invalid_filter,0
pytenable,https://github.com/tenable/pytenable,79c769cf22799125c39fa9fb86c5ef333beb96b4,tests/io/test_workbenches.py::test_workbench_vulns_resolvable_typeerror,0
pytenable,https://github.com/tenable/pytenable,79c769cf22799125c39fa9fb86c5ef333beb96b4,tests/io/test_workbenches.py::test_workbench_vulns_severity_typeerror,0
pytenable,https://github.com/tenable/pytenable,79c769cf22799125c39fa9fb86c5ef333beb96b4,tests/io/test_workbenches.py::test_workbench_vulns_severity_unexpectedvalueerror,0
pytest-django,https://github.com/pytest-dev/pytest-django,e613a885b019574e3c60f127539c878b187c914a,tests/test_fixtures.py::TestLiveServer::test_settings_restored,0
pytest-django,https://github.com/pytest-dev/pytest-django,e613a885b019574e3c60f127539c878b187c914a,tests/test_fixtures.py::Test_django_db_blocker::test_unblock_with_block,0
python-ansel,https://github.com/haney/python-ansel,afb2b28d8595beeb1f87e355b611f01e13b8e664,tests/test_incremental.py::test_decode_invalid_raising_error_handler[+],3
python-dugong,https://github.com/python-dugong/python-dugong,00dd4d5aab6eddb116cace2829a9f93bda153664,test/test_dugong.py::test_smallbuffer[plain-103],0
python-n26,https://github.com/femueller/python-n26,22cb609efbf5125e36879441ea20d5a1c2a51e98,tests/test_cards.py::CardsTests::test_block_card_cli_all,16
python-n26,https://github.com/femueller/python-n26,22cb609efbf5125e36879441ea20d5a1c2a51e98,tests/test_cards.py::CardsTests::test_block_card_cli_single,16
python-n26,https://github.com/femueller/python-n26,22cb609efbf5125e36879441ea20d5a1c2a51e98,tests/test_cards.py::CardsTests::test_unblock_card_cli_all,16
python-n26,https://github.com/femueller/python-n26,22cb609efbf5125e36879441ea20d5a1c2a51e98,tests/test_cards.py::CardsTests::test_unblock_card_cli_single,16
python-openflow,https://github.com/kytos/python-openflow,a3387a7b28d529a3605aa1506a028e03394e4526,tests/unit/v0x04/test_controller2switch/test_flow_mod.py::TestFlowMod::test_minimum_size,1
python-resource-container,https://github.com/unfoldingWord-dev/python-resource-container,64d87f900af969f47b20b798cf00c2861435b0d8,tests/container_test.py::TestResourceContainer::test_should_fail_to_load_missing_rc,11
python-resource-container,https://github.com/unfoldingWord-dev/python-resource-container,64d87f900af969f47b20b798cf00c2861435b0d8,tests/container_test.py::TestResourceContainer::test_should_load_a_missing_rc_when_not_in_strict_mode,11
python-telegram-handler,https://github.com/sashgorokhov/python-telegram-handler,4ac0e5cbb6ac3c3f81a57be6b3cea49dfd8e8ec4,tests/test_handlers.py::test_handler_init_without_chat,0
qer,https://github.com/sputt/qer,c77e6777967ee660447beb9522c867a7233ef78d,tests/repos/test_findlinks.py::test_find_links,0
redisqueue,https://github.com/DevKeh/redisqueue,feac4dfc30837e0ab1a55a8479443ea74b2793f2,tests/test_redisqueue.py::test_mock_queue_get_put_same_task,1
redisqueue,https://github.com/DevKeh/redisqueue,feac4dfc30837e0ab1a55a8479443ea74b2793f2,tests/test_redisqueue.py::test_mock_queue_put_get,1
redisqueue,https://github.com/DevKeh/redisqueue,feac4dfc30837e0ab1a55a8479443ea74b2793f2,tests/test_redisqueue.py::test_mock_queue_unique,1
reframe,https://github.com/eth-cscs/reframe,576eb3f1dcc015d1e6d7a10602c748d4f810da68,unittests/test_check_filters.py::TestCheckFilters::test_have_cpu_only,26
reframe,https://github.com/eth-cscs/reframe,576eb3f1dcc015d1e6d7a10602c748d4f810da68,unittests/test_check_filters.py::TestCheckFilters::test_have_gpu_only,26
reframe,https://github.com/eth-cscs/reframe,576eb3f1dcc015d1e6d7a10602c748d4f810da68,unittests/test_check_filters.py::TestCheckFilters::test_have_name,26
reframe,https://github.com/eth-cscs/reframe,576eb3f1dcc015d1e6d7a10602c748d4f810da68,unittests/test_check_filters.py::TestCheckFilters::test_have_not_name,26
reframe,https://github.com/eth-cscs/reframe,576eb3f1dcc015d1e6d7a10602c748d4f810da68,unittests/test_check_filters.py::TestCheckFilters::test_have_prgenv,26
reframe,https://github.com/eth-cscs/reframe,576eb3f1dcc015d1e6d7a10602c748d4f810da68,unittests/test_check_filters.py::TestCheckFilters::test_have_tags,26
reframe,https://github.com/eth-cscs/reframe,576eb3f1dcc015d1e6d7a10602c748d4f810da68,unittests/test_check_filters.py::TestCheckFilters::test_invalid_regex,26
reframe,https://github.com/eth-cscs/reframe,576eb3f1dcc015d1e6d7a10602c748d4f810da68,unittests/test_check_filters.py::TestCheckFilters::test_partition,26
reframe,https://github.com/eth-cscs/reframe,576eb3f1dcc015d1e6d7a10602c748d4f810da68,unittests/test_environments.py::TestEnvironment::test_environ_snapshot,26
reframe,https://github.com/eth-cscs/reframe,576eb3f1dcc015d1e6d7a10602c748d4f810da68,unittests/test_environments.py::TestEnvironment::test_immutability,26
reframe,https://github.com/eth-cscs/reframe,576eb3f1dcc015d1e6d7a10602c748d4f810da68,unittests/test_environments.py::TestEnvironment::test_load_non_overlapping,26
reframe,https://github.com/eth-cscs/reframe,576eb3f1dcc015d1e6d7a10602c748d4f810da68,unittests/test_environments.py::TestEnvironment::test_load_overlapping,26
reframe,https://github.com/eth-cscs/reframe,576eb3f1dcc015d1e6d7a10602c748d4f810da68,unittests/test_environments.py::TestEnvironment::test_load_restore,26
reframe,https://github.com/eth-cscs/reframe,576eb3f1dcc015d1e6d7a10602c748d4f810da68,unittests/test_environments.py::TestEnvironment::test_setup,26
reframe,https://github.com/eth-cscs/reframe,576eb3f1dcc015d1e6d7a10602c748d4f810da68,unittests/test_loader.py::TestRegressionCheckLoader::test_conflicted_checks,26
reframe,https://github.com/eth-cscs/reframe,576eb3f1dcc015d1e6d7a10602c748d4f810da68,unittests/test_loader.py::TestRegressionCheckLoader::test_load_all,26
reframe,https://github.com/eth-cscs/reframe,576eb3f1dcc015d1e6d7a10602c748d4f810da68,unittests/test_loader.py::TestRegressionCheckLoader::test_load_bad_init,26
reframe,https://github.com/eth-cscs/reframe,576eb3f1dcc015d1e6d7a10602c748d4f810da68,unittests/test_loader.py::TestRegressionCheckLoader::test_load_file_absolute,26
reframe,https://github.com/eth-cscs/reframe,576eb3f1dcc015d1e6d7a10602c748d4f810da68,unittests/test_loader.py::TestRegressionCheckLoader::test_load_file_relative,26
reframe,https://github.com/eth-cscs/reframe,576eb3f1dcc015d1e6d7a10602c748d4f810da68,unittests/test_loader.py::TestRegressionCheckLoader::test_load_new_syntax,26
reframe,https://github.com/eth-cscs/reframe,576eb3f1dcc015d1e6d7a10602c748d4f810da68,unittests/test_loader.py::TestRegressionCheckLoader::test_load_recursive,26
reframe,https://github.com/eth-cscs/reframe,576eb3f1dcc015d1e6d7a10602c748d4f810da68,unittests/test_logging.py::TestLogger::test_check_logger,26
reframe,https://github.com/eth-cscs/reframe,576eb3f1dcc015d1e6d7a10602c748d4f810da68,unittests/test_logging.py::TestLogger::test_custom_handler_levels,26
reframe,https://github.com/eth-cscs/reframe,576eb3f1dcc015d1e6d7a10602c748d4f810da68,unittests/test_logging.py::TestLogger::test_custom_loglevels,26
reframe,https://github.com/eth-cscs/reframe,576eb3f1dcc015d1e6d7a10602c748d4f810da68,unittests/test_logging.py::TestLogger::test_handler_types,26
reframe,https://github.com/eth-cscs/reframe,576eb3f1dcc015d1e6d7a10602c748d4f810da68,unittests/test_logging.py::TestLogger::test_invalid_loglevel,26
reframe,https://github.com/eth-cscs/reframe,576eb3f1dcc015d1e6d7a10602c748d4f810da68,unittests/test_logging.py::TestLogger::test_logger_levels,26
reframe,https://github.com/eth-cscs/reframe,576eb3f1dcc015d1e6d7a10602c748d4f810da68,unittests/test_logging.py::TestLogger::test_rfc3339_timezone_extension,26
reframe,https://github.com/eth-cscs/reframe,576eb3f1dcc015d1e6d7a10602c748d4f810da68,unittests/test_logging.py::TestLogger::test_rfc3339_timezone_wrong_directive,26
reframe,https://github.com/eth-cscs/reframe,576eb3f1dcc015d1e6d7a10602c748d4f810da68,unittests/test_pipeline.py::test_environ_setup,26
reframe,https://github.com/eth-cscs/reframe,576eb3f1dcc015d1e6d7a10602c748d4f810da68,unittests/test_pipeline.py::test_hellocheck_local,26
reframe,https://github.com/eth-cscs/reframe,576eb3f1dcc015d1e6d7a10602c748d4f810da68,unittests/test_pipeline.py::test_hellocheck_local_prepost_run,26
reframe,https://github.com/eth-cscs/reframe,576eb3f1dcc015d1e6d7a10602c748d4f810da68,unittests/test_pipeline.py::test_name_compileonly_test,26
reframe,https://github.com/eth-cscs/reframe,576eb3f1dcc015d1e6d7a10602c748d4f810da68,unittests/test_pipeline.py::test_name_runonly_test,26
reframe,https://github.com/eth-cscs/reframe,576eb3f1dcc015d1e6d7a10602c748d4f810da68,unittests/test_pipeline.py::test_name_user_inheritance,26
reframe,https://github.com/eth-cscs/reframe,576eb3f1dcc015d1e6d7a10602c748d4f810da68,unittests/test_pipeline.py::test_registration_of_tests,26
reframe,https://github.com/eth-cscs/reframe,576eb3f1dcc015d1e6d7a10602c748d4f810da68,unittests/test_pipeline.py::test_regression_test_name,26
reframe,https://github.com/eth-cscs/reframe,576eb3f1dcc015d1e6d7a10602c748d4f810da68,unittests/test_pipeline.py::test_strange_test_names,26
reframe,https://github.com/eth-cscs/reframe,576eb3f1dcc015d1e6d7a10602c748d4f810da68,unittests/test_pipeline.py::test_supports_environ,26
reframe,https://github.com/eth-cscs/reframe,576eb3f1dcc015d1e6d7a10602c748d4f810da68,unittests/test_pipeline.py::test_supports_system,26
reframe,https://github.com/eth-cscs/reframe,576eb3f1dcc015d1e6d7a10602c748d4f810da68,unittests/test_policies.py::test_dependencies[AsynchronousExecutionPolicy],18
reframe,https://github.com/eth-cscs/reframe,576eb3f1dcc015d1e6d7a10602c748d4f810da68,unittests/test_policies.py::test_dependencies[SerialExecutionPolicy],18
reframe,https://github.com/eth-cscs/reframe,576eb3f1dcc015d1e6d7a10602c748d4f810da68,unittests/test_policies.py::test_dependencies_with_retries[AsynchronousExecutionPolicy],18
reframe,https://github.com/eth-cscs/reframe,576eb3f1dcc015d1e6d7a10602c748d4f810da68,unittests/test_policies.py::test_dependencies_with_retries[SerialExecutionPolicy],18
reframe,https://github.com/eth-cscs/reframe,576eb3f1dcc015d1e6d7a10602c748d4f810da68,unittests/test_schedulers.py::test_cancel_before_submit[local],26
reframe,https://github.com/eth-cscs/reframe,576eb3f1dcc015d1e6d7a10602c748d4f810da68,unittests/test_schedulers.py::test_cancel_before_submit[pbs],26
reframe,https://github.com/eth-cscs/reframe,576eb3f1dcc015d1e6d7a10602c748d4f810da68,unittests/test_schedulers.py::test_cancel_before_submit[slurm],26
reframe,https://github.com/eth-cscs/reframe,576eb3f1dcc015d1e6d7a10602c748d4f810da68,unittests/test_schedulers.py::test_cancel_before_submit[squeue],26
reframe,https://github.com/eth-cscs/reframe,576eb3f1dcc015d1e6d7a10602c748d4f810da68,unittests/test_schedulers.py::test_cancel_before_submit[torque],26
reframe,https://github.com/eth-cscs/reframe,576eb3f1dcc015d1e6d7a10602c748d4f810da68,unittests/test_schedulers.py::test_cancel_term_ignore[local],26
reframe,https://github.com/eth-cscs/reframe,576eb3f1dcc015d1e6d7a10602c748d4f810da68,unittests/test_schedulers.py::test_cancel_with_grace[local],26
reframe,https://github.com/eth-cscs/reframe,576eb3f1dcc015d1e6d7a10602c748d4f810da68,unittests/test_schedulers.py::test_combined_access_constraint[slurm],26
reframe,https://github.com/eth-cscs/reframe,576eb3f1dcc015d1e6d7a10602c748d4f810da68,unittests/test_schedulers.py::test_combined_access_constraint[squeue],26
reframe,https://github.com/eth-cscs/reframe,576eb3f1dcc015d1e6d7a10602c748d4f810da68,unittests/test_schedulers.py::test_combined_access_multiple_constraints[slurm],26
reframe,https://github.com/eth-cscs/reframe,576eb3f1dcc015d1e6d7a10602c748d4f810da68,unittests/test_schedulers.py::test_combined_access_multiple_constraints[squeue],26
reframe,https://github.com/eth-cscs/reframe,576eb3f1dcc015d1e6d7a10602c748d4f810da68,unittests/test_schedulers.py::test_combined_access_verbatim_constraint[slurm],26
reframe,https://github.com/eth-cscs/reframe,576eb3f1dcc015d1e6d7a10602c748d4f810da68,unittests/test_schedulers.py::test_combined_access_verbatim_constraint[squeue],26
reframe,https://github.com/eth-cscs/reframe,576eb3f1dcc015d1e6d7a10602c748d4f810da68,unittests/test_schedulers.py::test_flex_alloc_constraint_idle,26
reframe,https://github.com/eth-cscs/reframe,576eb3f1dcc015d1e6d7a10602c748d4f810da68,unittests/test_schedulers.py::test_flex_alloc_default_partition_all,26
reframe,https://github.com/eth-cscs/reframe,576eb3f1dcc015d1e6d7a10602c748d4f810da68,unittests/test_schedulers.py::test_flex_alloc_enough_nodes_constraint_partition,26
reframe,https://github.com/eth-cscs/reframe,576eb3f1dcc015d1e6d7a10602c748d4f810da68,unittests/test_schedulers.py::test_flex_alloc_exclude_nodes_cmd,26
reframe,https://github.com/eth-cscs/reframe,576eb3f1dcc015d1e6d7a10602c748d4f810da68,unittests/test_schedulers.py::test_flex_alloc_exclude_nodes_opt,26
reframe,https://github.com/eth-cscs/reframe,576eb3f1dcc015d1e6d7a10602c748d4f810da68,unittests/test_schedulers.py::test_flex_alloc_invalid_constraint,26
reframe,https://github.com/eth-cscs/reframe,576eb3f1dcc015d1e6d7a10602c748d4f810da68,unittests/test_schedulers.py::test_flex_alloc_invalid_partition_cmd,26
reframe,https://github.com/eth-cscs/reframe,576eb3f1dcc015d1e6d7a10602c748d4f810da68,unittests/test_schedulers.py::test_flex_alloc_invalid_partition_opt,26
reframe,https://github.com/eth-cscs/reframe,576eb3f1dcc015d1e6d7a10602c748d4f810da68,unittests/test_schedulers.py::test_flex_alloc_maintenance_nodes,26
reframe,https://github.com/eth-cscs/reframe,576eb3f1dcc015d1e6d7a10602c748d4f810da68,unittests/test_schedulers.py::test_flex_alloc_no_num_tasks_per_node,26
reframe,https://github.com/eth-cscs/reframe,576eb3f1dcc015d1e6d7a10602c748d4f810da68,unittests/test_schedulers.py::test_flex_alloc_nodes_negative,26
reframe,https://github.com/eth-cscs/reframe,576eb3f1dcc015d1e6d7a10602c748d4f810da68,unittests/test_schedulers.py::test_flex_alloc_nodes_positive,26
reframe,https://github.com/eth-cscs/reframe,576eb3f1dcc015d1e6d7a10602c748d4f810da68,unittests/test_schedulers.py::test_flex_alloc_nodes_zero,26
reframe,https://github.com/eth-cscs/reframe,576eb3f1dcc015d1e6d7a10602c748d4f810da68,unittests/test_schedulers.py::test_flex_alloc_not_enough_idle_nodes,26
reframe,https://github.com/eth-cscs/reframe,576eb3f1dcc015d1e6d7a10602c748d4f810da68,unittests/test_schedulers.py::test_flex_alloc_not_enough_nodes_constraint_partition,26
reframe,https://github.com/eth-cscs/reframe,576eb3f1dcc015d1e6d7a10602c748d4f810da68,unittests/test_schedulers.py::test_flex_alloc_partition_idle,26
reframe,https://github.com/eth-cscs/reframe,576eb3f1dcc015d1e6d7a10602c748d4f810da68,unittests/test_schedulers.py::test_flex_alloc_sched_access_constraint_partition,26
reframe,https://github.com/eth-cscs/reframe,576eb3f1dcc015d1e6d7a10602c748d4f810da68,unittests/test_schedulers.py::test_flex_alloc_sched_access_idle,26
reframe,https://github.com/eth-cscs/reframe,576eb3f1dcc015d1e6d7a10602c748d4f810da68,unittests/test_schedulers.py::test_flex_alloc_sched_access_idle_sequence_view,26
reframe,https://github.com/eth-cscs/reframe,576eb3f1dcc015d1e6d7a10602c748d4f810da68,unittests/test_schedulers.py::test_flex_alloc_sched_access_partition,26
reframe,https://github.com/eth-cscs/reframe,576eb3f1dcc015d1e6d7a10602c748d4f810da68,unittests/test_schedulers.py::test_flex_alloc_valid_constraint_opt,26
reframe,https://github.com/eth-cscs/reframe,576eb3f1dcc015d1e6d7a10602c748d4f810da68,unittests/test_schedulers.py::test_flex_alloc_valid_constraint_partition,26
reframe,https://github.com/eth-cscs/reframe,576eb3f1dcc015d1e6d7a10602c748d4f810da68,unittests/test_schedulers.py::test_flex_alloc_valid_multiple_constraints,26
reframe,https://github.com/eth-cscs/reframe,576eb3f1dcc015d1e6d7a10602c748d4f810da68,unittests/test_schedulers.py::test_flex_alloc_valid_multiple_partitions,26
reframe,https://github.com/eth-cscs/reframe,576eb3f1dcc015d1e6d7a10602c748d4f810da68,unittests/test_schedulers.py::test_flex_alloc_valid_partition_cmd,26
reframe,https://github.com/eth-cscs/reframe,576eb3f1dcc015d1e6d7a10602c748d4f810da68,unittests/test_schedulers.py::test_flex_alloc_valid_partition_opt,26
reframe,https://github.com/eth-cscs/reframe,576eb3f1dcc015d1e6d7a10602c748d4f810da68,unittests/test_schedulers.py::test_flex_alloc_valid_reservation_cmd,26
reframe,https://github.com/eth-cscs/reframe,576eb3f1dcc015d1e6d7a10602c748d4f810da68,unittests/test_schedulers.py::test_flex_alloc_valid_reservation_option,26
reframe,https://github.com/eth-cscs/reframe,576eb3f1dcc015d1e6d7a10602c748d4f810da68,unittests/test_schedulers.py::test_guess_num_tasks[local],26
reframe,https://github.com/eth-cscs/reframe,576eb3f1dcc015d1e6d7a10602c748d4f810da68,unittests/test_schedulers.py::test_guess_num_tasks[pbs],26
reframe,https://github.com/eth-cscs/reframe,576eb3f1dcc015d1e6d7a10602c748d4f810da68,unittests/test_schedulers.py::test_guess_num_tasks[slurm],26
reframe,https://github.com/eth-cscs/reframe,576eb3f1dcc015d1e6d7a10602c748d4f810da68,unittests/test_schedulers.py::test_guess_num_tasks[squeue],26
reframe,https://github.com/eth-cscs/reframe,576eb3f1dcc015d1e6d7a10602c748d4f810da68,unittests/test_schedulers.py::test_guess_num_tasks[torque],26
reframe,https://github.com/eth-cscs/reframe,576eb3f1dcc015d1e6d7a10602c748d4f810da68,unittests/test_schedulers.py::test_no_empty_lines_in_preamble[pbs],26
reframe,https://github.com/eth-cscs/reframe,576eb3f1dcc015d1e6d7a10602c748d4f810da68,unittests/test_schedulers.py::test_no_empty_lines_in_preamble[slurm],26
reframe,https://github.com/eth-cscs/reframe,576eb3f1dcc015d1e6d7a10602c748d4f810da68,unittests/test_schedulers.py::test_no_empty_lines_in_preamble[squeue],26
reframe,https://github.com/eth-cscs/reframe,576eb3f1dcc015d1e6d7a10602c748d4f810da68,unittests/test_schedulers.py::test_no_empty_lines_in_preamble[torque],26
reframe,https://github.com/eth-cscs/reframe,576eb3f1dcc015d1e6d7a10602c748d4f810da68,unittests/test_schedulers.py::test_poll_before_submit[local],26
reframe,https://github.com/eth-cscs/reframe,576eb3f1dcc015d1e6d7a10602c748d4f810da68,unittests/test_schedulers.py::test_poll_before_submit[pbs],26
reframe,https://github.com/eth-cscs/reframe,576eb3f1dcc015d1e6d7a10602c748d4f810da68,unittests/test_schedulers.py::test_poll_before_submit[slurm],26
reframe,https://github.com/eth-cscs/reframe,576eb3f1dcc015d1e6d7a10602c748d4f810da68,unittests/test_schedulers.py::test_poll_before_submit[squeue],26
reframe,https://github.com/eth-cscs/reframe,576eb3f1dcc015d1e6d7a10602c748d4f810da68,unittests/test_schedulers.py::test_poll_before_submit[torque],26
reframe,https://github.com/eth-cscs/reframe,576eb3f1dcc015d1e6d7a10602c748d4f810da68,unittests/test_schedulers.py::test_prepare[local],26
reframe,https://github.com/eth-cscs/reframe,576eb3f1dcc015d1e6d7a10602c748d4f810da68,unittests/test_schedulers.py::test_prepare_no_exclusive[slurm],26
reframe,https://github.com/eth-cscs/reframe,576eb3f1dcc015d1e6d7a10602c748d4f810da68,unittests/test_schedulers.py::test_prepare_no_exclusive[squeue],26
reframe,https://github.com/eth-cscs/reframe,576eb3f1dcc015d1e6d7a10602c748d4f810da68,unittests/test_schedulers.py::test_prepare_no_smt[slurm],26
reframe,https://github.com/eth-cscs/reframe,576eb3f1dcc015d1e6d7a10602c748d4f810da68,unittests/test_schedulers.py::test_prepare_no_smt[squeue],26
reframe,https://github.com/eth-cscs/reframe,576eb3f1dcc015d1e6d7a10602c748d4f810da68,unittests/test_schedulers.py::test_prepare_with_smt[slurm],26
reframe,https://github.com/eth-cscs/reframe,576eb3f1dcc015d1e6d7a10602c748d4f810da68,unittests/test_schedulers.py::test_prepare_with_smt[squeue],26
reframe,https://github.com/eth-cscs/reframe,576eb3f1dcc015d1e6d7a10602c748d4f810da68,unittests/test_schedulers.py::test_prepare_without_smt[slurm],26
reframe,https://github.com/eth-cscs/reframe,576eb3f1dcc015d1e6d7a10602c748d4f810da68,unittests/test_schedulers.py::test_prepare_without_smt[squeue],26
reframe,https://github.com/eth-cscs/reframe,576eb3f1dcc015d1e6d7a10602c748d4f810da68,unittests/test_schedulers.py::test_submit_timelimit[local],26
reframe,https://github.com/eth-cscs/reframe,576eb3f1dcc015d1e6d7a10602c748d4f810da68,unittests/test_schedulers.py::test_wait_before_submit[local],26
reframe,https://github.com/eth-cscs/reframe,576eb3f1dcc015d1e6d7a10602c748d4f810da68,unittests/test_schedulers.py::test_wait_before_submit[pbs],26
reframe,https://github.com/eth-cscs/reframe,576eb3f1dcc015d1e6d7a10602c748d4f810da68,unittests/test_schedulers.py::test_wait_before_submit[slurm],26
reframe,https://github.com/eth-cscs/reframe,576eb3f1dcc015d1e6d7a10602c748d4f810da68,unittests/test_schedulers.py::test_wait_before_submit[squeue],26
reframe,https://github.com/eth-cscs/reframe,576eb3f1dcc015d1e6d7a10602c748d4f810da68,unittests/test_schedulers.py::test_wait_before_submit[torque],26
regex4ocr,https://github.com/juntossomosmais/regex4ocr,9f96e9c6fe6ffc3e1452b23103fdfa6a0f1dcede,tests/integration/test_type_casting.py::test_validate_types_removal,0
req-compile,https://github.com/sputt/req-compile,c77e6777967ee660447beb9522c867a7233ef78d,tests/repos/test_findlinks.py::test_find_links,0
ruTS,https://github.com/SergeyShk/ruTS,af02f627d9022f0f4825d9bed4ffc97d3d329f2d,tests/test_utils.py::test_extract_archive,0
runium,https://github.com/AGTGreg/runium,ba89015859976d3426d25a53af5fa4d8827c7483,tests/test_runium.py::TestStartIn::test_processing,1
runium,https://github.com/AGTGreg/runium,ba89015859976d3426d25a53af5fa4d8827c7483,tests/test_runium.py::TestTaskSkipping::test_processing,0
schemaindex,https://github.com/qiyangduan/schemaindex,83bfb96c78d194370b068e11f89a9e4d6af48a46,test/test_plugin_mysql_hdfs.py::test_plugin_hdfs_add,0
securenative-python,https://github.com/securenative/securenative-python,0eae99733b7565341487ad32f044be8dc51032cd,tests/configuration_manager_test.py::ConfigurationManagerTest::test_get_config_from_env_variables,4
securenative-python,https://github.com/securenative/securenative-python,0eae99733b7565341487ad32f044be8dc51032cd,tests/configuration_manager_test.py::ConfigurationManagerTest::test_load_default_config,1
serpextract,https://github.com/Parsely/serpextract/,aec8f2bd79c66953938569a24b05c693ab70b4ce,tests/test_serps.py::TestSERPs::test_custom_parser_implicit,10
serpextract,https://github.com/Parsely/serpextract/,aec8f2bd79c66953938569a24b05c693ab70b4ce,tests/test_serps.py::TestSERPs::test_custom_parser_implicit,10
sphinx-gallery,https://github.com/sphinx-gallery/sphinx-gallery,387900334ace5c0bf74e9e90aad1e8d2a54e6f17,sphinx_gallery/tests/test_full.py::test_embed_links_and_styles,0
sphinx-gallery,https://github.com/sphinx-gallery/sphinx-gallery,387900334ace5c0bf74e9e90aad1e8d2a54e6f17,sphinx_gallery/tests/test_full.py::test_minigallery_directive,0
sportsreference,https://github.com/roclark/sportsreference,0041953074d6c20f607049917f3b526c9af686a4,tests/integration/roster/test_ncaaf_roster.py::TestNCAAFPlayer::test_ncaaf_kicker_returns_expected_kicking_stats,0
sportsreference,https://github.com/roclark/sportsreference,0041953074d6c20f607049917f3b526c9af686a4,tests/integration/teams/test_nba_integration.py::TestNBAIntegration::test_pulling_team_directly,0
spylon-kernel,https://github.com/maxpoint/spylon-kernel,2d0ddf2aca1b91738f938b72a500c20293e3156c,test/test_scala_kernel.py::test_iscomplete,0
supertunnel,https://github.com/alexrudy/supertunnel,4c64e2fedda3382b809a2c3d01c711ec4961f933,supertunnel/ssh/continuous_test.py::test_backoff,6
supertunnel,https://github.com/alexrudy/supertunnel,4c64e2fedda3382b809a2c3d01c711ec4961f933,supertunnel/ssh/continuous_test.py::test_continuous_repr,6
supertunnel,https://github.com/alexrudy/supertunnel,4c64e2fedda3382b809a2c3d01c711ec4961f933,supertunnel/ssh/continuous_test.py::test_run,6
supertunnel,https://github.com/alexrudy/supertunnel,4c64e2fedda3382b809a2c3d01c711ec4961f933,supertunnel/ssh/continuous_test.py::test_run_continuous,6
supertunnel,https://github.com/alexrudy/supertunnel,4c64e2fedda3382b809a2c3d01c711ec4961f933,supertunnel/ssh/continuous_test.py::test_run_continuous_hang,6
supertunnel,https://github.com/alexrudy/supertunnel,4c64e2fedda3382b809a2c3d01c711ec4961f933,supertunnel/ssh/continuous_test.py::test_run_continuous_raise,6
todo-sync,https://github.com/tmurph/todo-sync,32915e9a1509aa2c4083613e256cb0d502c441aa,tests/test_org_to_asana.py::test_o2a_behind_make_fn[a_node0-expected_node0],11
todo-sync,https://github.com/tmurph/todo-sync,32915e9a1509aa2c4083613e256cb0d502c441aa,tests/test_org_to_asana.py::test_o2a_behind_make_fn[a_node1-expected_node1],11
todo-sync,https://github.com/tmurph/todo-sync,32915e9a1509aa2c4083613e256cb0d502c441aa,tests/test_org_to_asana.py::test_o2a_behind_make_fn[a_node10-expected_node10],11
todo-sync,https://github.com/tmurph/todo-sync,32915e9a1509aa2c4083613e256cb0d502c441aa,tests/test_org_to_asana.py::test_o2a_behind_make_fn[a_node2-expected_node2],11
todo-sync,https://github.com/tmurph/todo-sync,32915e9a1509aa2c4083613e256cb0d502c441aa,tests/test_org_to_asana.py::test_o2a_behind_make_fn[a_node3-expected_node3],11
todo-sync,https://github.com/tmurph/todo-sync,32915e9a1509aa2c4083613e256cb0d502c441aa,tests/test_org_to_asana.py::test_o2a_behind_make_fn[a_node4-expected_node4],11
todo-sync,https://github.com/tmurph/todo-sync,32915e9a1509aa2c4083613e256cb0d502c441aa,tests/test_org_to_asana.py::test_o2a_behind_make_fn[a_node5-expected_node5],11
todo-sync,https://github.com/tmurph/todo-sync,32915e9a1509aa2c4083613e256cb0d502c441aa,tests/test_org_to_asana.py::test_o2a_behind_make_fn[a_node6-expected_node6],11
todo-sync,https://github.com/tmurph/todo-sync,32915e9a1509aa2c4083613e256cb0d502c441aa,tests/test_org_to_asana.py::test_o2a_behind_make_fn[a_node7-expected_node7],11
todo-sync,https://github.com/tmurph/todo-sync,32915e9a1509aa2c4083613e256cb0d502c441aa,tests/test_org_to_asana.py::test_o2a_behind_make_fn[a_node8-expected_node8],11
todo-sync,https://github.com/tmurph/todo-sync,32915e9a1509aa2c4083613e256cb0d502c441aa,tests/test_org_to_asana.py::test_o2a_behind_make_fn[a_node9-expected_node9],11
token-io,https://github.com/overcat/token-io,f1b14fef9fd64989b9c9e5c076272f72253b39ed,tests/test_profile.py::TestProfile::test_read_profile_not_yours,0
token-io,https://github.com/overcat/token-io,f1b14fef9fd64989b9c9e5c076272f72253b39ed,tests/test_profile.py::TestProfile::test_set_profile,0
token-io,https://github.com/overcat/token-io,f1b14fef9fd64989b9c9e5c076272f72253b39ed,tests/test_profile.py::TestProfile::test_update_profile,0
tokendito,https://github.com/dowjones/tokendito,f5d8e5171ddcca0c62925263ddb80535f51aded3,tests/functional_test.py::test_package_exists,49
tokendito,https://github.com/dowjones/tokendito,f5d8e5171ddcca0c62925263ddb80535f51aded3,tests/functional_test.py::test_version[runnable2],49
ucal,https://github.com/timkostka/ucal,df0ccbc5f8af54fc69df56191bd810481a17b0e3,tests/test_ucal.py::TestSyntax::test_function_ln,4
ucal,https://github.com/timkostka/ucal,df0ccbc5f8af54fc69df56191bd810481a17b0e3,tests/test_ucal.py::TestSyntax::test_function_log,4
Utter-More,https://github.com/crumpstrr33/Utter-More,418cf5f5ef337700bf0897e746eff8bb275e6da6,test/test_utter_more.py::test_saving_utterances[alexa_test-csv-None],1
Utter-More,https://github.com/crumpstrr33/Utter-More,418cf5f5ef337700bf0897e746eff8bb275e6da6,test/test_utter_more.py::test_saving_utterances[csv_test-csv-None],1
Utter-More,https://github.com/crumpstrr33/Utter-More,418cf5f5ef337700bf0897e746eff8bb275e6da6,test/test_utter_more.py::test_saving_utterances[file_override_test-txt-csv],1
Utter-More,https://github.com/crumpstrr33/Utter-More,418cf5f5ef337700bf0897e746eff8bb275e6da6,test/test_utter_more.py::test_saving_utterances[txt_test-txt-None],1
wkr.py,https://github.com/wroberts/wkr.py,dbb3c1742c10bfaf697fa276d2cc8885e144ab43,tests/test_pd.py::test_memoize_pandas_parse_dates,0
wqio,https://github.com/Geosyntec/wqio,8fcd57cc8b8365208eeee0162438307db0ca0dbb,wqio/tests/test_features.py::test_location_stats_arrays[True-geomean_conf_interval],0
wqio,https://github.com/Geosyntec/wqio,8fcd57cc8b8365208eeee0162438307db0ca0dbb,wqio/tests/test_features.py::test_location_stats_arrays[True-logmean_conf_interval],0
yaml-resume,https://github.com/notsag/yaml-resume,25ad6695993a7dab540730e8743d88b28e52df0e,tests/test_cli.py::test_validate,23
