Coinsta,https://github.com/PyDataBlog/Coinsta,7cdce24669e5ab40852f0b88329c68e5bb568f5b,tests/test_coinsta.py,TestCoinsta,test_get_current,,True,Passed,Passed
DESlib,https://github.com/Menelau/DESlib,77d0ccb491c522e7505d9ac6081b72cac001cb9e,deslib/tests/des/test_probabilistic.py,,test_check_estimator_Logarithmic,,True,Passed,Passed
JavPy,https://github.com/TheodoreKrypton/JavPy,61df53aafbfbd05ed1efa8c51a08d6e9252cb533,JavPy/tests/test_sources.py,,test_avsox_net,,True,Failed,Flaky
MusicAPI,https://github.com/kushao1267/MusicAPI,c6340d5dd6df869a90a44a311d3cd7a383bd4cf4,tests/music_test.py,,test_xiami_music_id,,True,Failed,Failed
MusicAPI,https://github.com/kushao1267/MusicAPI,c6340d5dd6df869a90a44a311d3cd7a383bd4cf4,tests/music_test.py,,test_xiami_music_link,,True,Failed,Failed
NeuroKit.py,https://github.com/neuropsychology/NeuroKit.py,fc77dc94e421d5b166a5516b7186bae483d753bd,tests/test_ecg.py,TestEcg,test_ecg_process,,True,Passed,Passed
PyInvestor,https://github.com/SamurAi-sarl/PyInvestor,09259ad387dab597a7a525ae73090dffb886968f,PyInvestor/test_stock.py,StockTest,test_timeseries,,True,Passed,Passed
aiotasks,https://github.com/cr0hn/aiotasks,ec485c84db55227c9283319a9c58401e294a06ff,tests/unittesting/tasks/redis/test_delay.py,,test_redis_delay_add_task_non_coroutine_as_input,,True,Passed,Failed
aiotasks,https://github.com/cr0hn/aiotasks,ec485c84db55227c9283319a9c58401e294a06ff,tests/unittesting/tasks/redis/test_delay.py,,test_redis_delay_task_decorator_invalid_function,,True,Passed,Failed
aiotasks,https://github.com/cr0hn/aiotasks,ec485c84db55227c9283319a9c58401e294a06ff,tests/unittesting/tasks/redis/test_delay.py,,test_redis_delay_task_decorator_invalid_task_id_format,,True,Passed,Failed
aiotasks,https://github.com/cr0hn/aiotasks,ec485c84db55227c9283319a9c58401e294a06ff,tests/unittesting/tasks/redis/test_delay.py,,test_redis_delay_task_decorator_no_port_gotten,,True,Passed,Passed
aiotasks,https://github.com/cr0hn/aiotasks,ec485c84db55227c9283319a9c58401e294a06ff,tests/unittesting/tasks/redis/test_subscribers.py,,test_redis_subscribers_empty_topics,,True,Passed,Failed
authnzerver,https://github.com/waqasbhatti/authnzerver,bc735a1c9e1c084c40854a539a000d69a50ed486,authnzerver/tests/test_email.py,,test_create_user_with_email,,True,Passed,Passed
authnzerver,https://github.com/waqasbhatti/authnzerver,bc735a1c9e1c084c40854a539a000d69a50ed486,authnzerver/tests/test_email.py,,test_email_works,,True,Passed,Passed
autoclasswrapper,https://github.com/pierrepo/autoclasswrapper,af43dd833e5586386098d1793a59332e968069da,tests/test_output.py,TestOutputClass,test_aggregate_input_data,,True,Passed,Passed
autoclasswrapper,https://github.com/pierrepo/autoclasswrapper,af43dd833e5586386098d1793a59332e968069da,tests/test_output.py,TestOutputClass,test_write_cdt,,True,Passed,Passed
autoclasswrapper,https://github.com/pierrepo/autoclasswrapper,af43dd833e5586386098d1793a59332e968069da,tests/test_output.py,TestOutputClass,test_write_cdt_with_proba,,True,Passed,Passed
autoclasswrapper,https://github.com/pierrepo/autoclasswrapper,af43dd833e5586386098d1793a59332e968069da,tests/test_output.py,TestOutputClass,test_write_cluster_stats,,True,Passed,Passed
autoclasswrapper,https://github.com/pierrepo/autoclasswrapper,af43dd833e5586386098d1793a59332e968069da,tests/test_output.py,TestOutputClass,test_write_dendrogram,,True,Failed,Passed
cdQA,https://github.com/cdqa-suite/cdQA,40387925db8f0da44a5bd2fe549cde675a92d479,tests/test_evaluation.py,,test_evaluate_reader,,True,Failed,Flaky
chazutsu,https://github.com/chakki-works/chazutsu,734828f2f05799a1d59d9280a032bf5996fe3261,tests/test_dataset.py,TestDataset,test_extract_file_zip,,True,Passed,Failed
chazutsu,https://github.com/chakki-works/chazutsu,734828f2f05799a1d59d9280a032bf5996fe3261,tests/test_resource.py,TestResource,test_read_resource,,True,Passed,Flaky
chuda,https://github.com/Varkal/chuda,bd4d30c0f809d5349752ab2f322f30b01ab6b4a4,tests/test_app.py,,test_output,[argv0],True,Passed,Passed
cloud-validation-framework,https://github.com/prancer-io/cloud-validation-framework,94522590d9881a5125d81da701a65f7f63383c0d,tests/processor/connector/test_snapshot_azure.py,,test_get_node_happy,,True,Failed,Passed
cloud-validation-framework,https://github.com/prancer-io/cloud-validation-framework,94522590d9881a5125d81da701a65f7f63383c0d,tests/processor/connector/test_snapshot_azure.py,,test_get_version_for_type,,True,Failed,Passed
cloud-validation-framework,https://github.com/prancer-io/cloud-validation-framework,94522590d9881a5125d81da701a65f7f63383c0d,tests/processor/helper/httpapi/test_http_utils.py,,test_check_and_add_error,,True,Failed,Passed
cloud-validation-framework,https://github.com/prancer-io/cloud-validation-framework,94522590d9881a5125d81da701a65f7f63383c0d,tests/processor/helper/httpapi/test_restapi_azure.py,,test_web_client_data,,True,Failed,Passed
cloud-validation-framework,https://github.com/prancer-io/cloud-validation-framework,94522590d9881a5125d81da701a65f7f63383c0d,tests/processor/template_processor/base/test_base_template_processor.py,,test_populate_template_snapshot_false,,True,Failed,Passed
codespell,https://github.com/codespell-project/codespell/,88c768b084353662c255a58d122f46fbbe3d8de4,codespell_lib/tests/test_dictionary.py,,test_ran_all,,True,Failed,Passed
datapungibea,https://github.com/jjotterson/datapungibea,fe3b262b7e2ceffd12621693c94af9b6cc43e408,datapungibea/tests/test_driversCI.py,,test_NIPAVintage,,True,Failed,Passed
dockerpy-creds,https://github.com/shin-/dockerpy-creds,9c0b66d2e445a838e1518f2c3273df7ddc7ec0d4,tests/store_test.py,TestStore,test_execute_with_env_override,,True,Error,Flaky
dynastes,https://github.com/dynastes-team/dynastes,931b6d9ac83862eb39c2f5144c95b952e9efcd8e,tests/attention_blocks_test.py,SelfAttentionBlock1DTest,test_simple,,True,Failed,Passed
dynastes,https://github.com/dynastes-team/dynastes,931b6d9ac83862eb39c2f5144c95b952e9efcd8e,tests/base_layers_test.py,DynastesDenseTest1D,test_simple,,True,Passed,Passed
dynastes,https://github.com/dynastes-team/dynastes,931b6d9ac83862eb39c2f5144c95b952e9efcd8e,tests/base_layers_test.py,DynastesDenseTest1D,test_specnorm,,True,Passed,Passed
dynastes,https://github.com/dynastes-team/dynastes,931b6d9ac83862eb39c2f5144c95b952e9efcd8e,tests/conv_layers_test.py,DynastesConv1DTest,test_simple,,True,Passed,Passed
dynastes,https://github.com/dynastes-team/dynastes,931b6d9ac83862eb39c2f5144c95b952e9efcd8e,tests/conv_layers_test.py,DynastesConv1DTest,test_specnorm,,True,Passed,Passed
dynastes,https://github.com/dynastes-team/dynastes,931b6d9ac83862eb39c2f5144c95b952e9efcd8e,tests/conv_layers_test.py,DynastesConv1DTransposeTest,test_simple,,True,Passed,Passed
dynastes,https://github.com/dynastes-team/dynastes,931b6d9ac83862eb39c2f5144c95b952e9efcd8e,tests/conv_layers_test.py,DynastesConv1DTransposeTest,test_specnorm,,True,Passed,Passed
dynastes,https://github.com/dynastes-team/dynastes,931b6d9ac83862eb39c2f5144c95b952e9efcd8e,tests/conv_layers_test.py,DynastesConv2DTest,test_simple,,True,Passed,Passed
dynastes,https://github.com/dynastes-team/dynastes,931b6d9ac83862eb39c2f5144c95b952e9efcd8e,tests/conv_layers_test.py,DynastesConv2DTest,test_specnorm,,True,Failed,Passed
dynastes,https://github.com/dynastes-team/dynastes,931b6d9ac83862eb39c2f5144c95b952e9efcd8e,tests/conv_layers_test.py,DynastesConv2DTransposeTest,test_simple,,True,NotAnalysed,Passed
dynastes,https://github.com/dynastes-team/dynastes,931b6d9ac83862eb39c2f5144c95b952e9efcd8e,tests/conv_layers_test.py,DynastesConv2DTransposeTest,test_specnorm,,True,NotAnalysed,Passed
dynastes,https://github.com/dynastes-team/dynastes,931b6d9ac83862eb39c2f5144c95b952e9efcd8e,tests/conv_layers_test.py,DynastesDepthwiseConv1DTest,test_simple,,True,Passed,Passed
dynastes,https://github.com/dynastes-team/dynastes,931b6d9ac83862eb39c2f5144c95b952e9efcd8e,tests/conv_layers_test.py,DynastesDepthwiseConv1DTest,test_specnorm,,True,Failed,Passed
dynastes,https://github.com/dynastes-team/dynastes,931b6d9ac83862eb39c2f5144c95b952e9efcd8e,tests/conv_layers_test.py,DynastesDepthwiseConv2DTest,test_simple,,True,Passed,Passed
dynastes,https://github.com/dynastes-team/dynastes,931b6d9ac83862eb39c2f5144c95b952e9efcd8e,tests/conv_layers_test.py,DynastesDepthwiseConv2DTest,test_specnorm,,True,Passed,Passed
dynastes,https://github.com/dynastes-team/dynastes,931b6d9ac83862eb39c2f5144c95b952e9efcd8e,tests/spectral_layers_test.py,STFT2MelSpecLayerTest,test_simple,,True,Passed,Passed
dynastes,https://github.com/dynastes-team/dynastes,931b6d9ac83862eb39c2f5144c95b952e9efcd8e,tests/time_delay_layers_test.py,SeparableTimeDelayLayer1DTest,test_simple,,True,Passed,Passed
dynastes,https://github.com/dynastes-team/dynastes,931b6d9ac83862eb39c2f5144c95b952e9efcd8e,tests/time_delay_layers_test.py,SeparableTimeDelayLayerFake2DTest,test_simple,,True,Passed,Passed
dynastes,https://github.com/dynastes-team/dynastes,931b6d9ac83862eb39c2f5144c95b952e9efcd8e,tests/time_delay_layers_test.py,TimeDelayLayer1DTest,test_simple,,True,Passed,Passed
dynastes,https://github.com/dynastes-team/dynastes,931b6d9ac83862eb39c2f5144c95b952e9efcd8e,tests/time_delay_layers_test.py,TimeDelayLayer1DTest,test_specnorm,,True,Passed,Passed
dynastes,https://github.com/dynastes-team/dynastes,931b6d9ac83862eb39c2f5144c95b952e9efcd8e,tests/time_delay_layers_test.py,TimeDelayLayerFake2DTest,test_simple,,True,Failed,Passed
easyagents,https://github.com/christianhidber/easyagents,d6639e82566c0f8bea6ca714d12643143f919788,easyagents/agents_test.py,DqnAgentsTest,test_dqn,,True,Passed,Passed
easyagents,https://github.com/christianhidber/easyagents,d6639e82566c0f8bea6ca714d12643143f919788,easyagents/agents_test.py,DqnAgentsTest,test_dqn_tforce,,True,Passed,Failed
easyagents,https://github.com/christianhidber/easyagents,d6639e82566c0f8bea6ca714d12643143f919788,easyagents/agents_test.py,DqnAgentsTest,test_dueling_dqn_tforce,,True,Passed,Failed
easyagents,https://github.com/christianhidber/easyagents,d6639e82566c0f8bea6ca714d12643143f919788,easyagents/agents_test.py,PpoAgentTest,test_save_load_tforce,,True,Passed,Failed
easyagents,https://github.com/christianhidber/easyagents,d6639e82566c0f8bea6ca714d12643143f919788,easyagents/agents_test.py,PpoAgentTest,test_train_tforce,,True,Passed,Failed
easyagents,https://github.com/christianhidber/easyagents,d6639e82566c0f8bea6ca714d12643143f919788,easyagents/agents_test.py,ReinforceAgentTest,test_train_tforce,,True,Passed,Failed
easyagents,https://github.com/christianhidber/easyagents,d6639e82566c0f8bea6ca714d12643143f919788,easyagents/backends/tfagents_test.py,TfDqnAgentTest,test_train,,True,NotAnalysed,Failed
easyagents,https://github.com/christianhidber/easyagents,d6639e82566c0f8bea6ca714d12643143f919788,easyagents/backends/tforce_test.py,TensorforceAgentTest,test_dqn_train,,True,NotAnalysed,Failed
easyagents,https://github.com/christianhidber/easyagents,d6639e82566c0f8bea6ca714d12643143f919788,easyagents/backends/tforce_test.py,TensorforceAgentTest,test_dueling_dqn_train,,True,NotAnalysed,Failed
easyagents,https://github.com/christianhidber/easyagents,d6639e82566c0f8bea6ca714d12643143f919788,easyagents/backends/tforce_test.py,TensorforceAgentTest,test_ppo_train,,True,NotAnalysed,Failed
easyagents,https://github.com/christianhidber/easyagents,d6639e82566c0f8bea6ca714d12643143f919788,easyagents/backends/tforce_test.py,TensorforceAgentTest,test_reinforce_train,,True,NotAnalysed,Failed
easyagents,https://github.com/christianhidber/easyagents,d6639e82566c0f8bea6ca714d12643143f919788,easyagents/backends/tforce_test.py,TensorforceAgentTest,test_save_,,True,NotAnalysed,Failed
edk2-pytool-library,https://github.com/tianocore/edk2-pytool-library,ab6bac82f297b4e8fe0a0d4dcde4711b3cb1bc88,edk2toollib/acpi/ivrs_parser_test.py,IvrsParserTest,test_ivrs_parser_ivrs_full,,True,Failed,Passed
epic-lib,https://github.com/epic-kitchens/epic-lib,7f2499aff5fdb62a66e6da92322e5c060ea4a414,tests/unit/internal/test_loading.py,TestHttpFolder,test_load_file_caches_file_load,,True,Error,Passed
epic-lib,https://github.com/epic-kitchens/epic-lib,7f2499aff5fdb62a66e6da92322e5c060ea4a414,tests/unit/internal/test_loading.py,TestHttpFolder,test_load_file_creates_parent_dir_if_it_doesnt_exist,,True,Error,Passed
epic-lib,https://github.com/epic-kitchens/epic-lib,7f2499aff5fdb62a66e6da92322e5c060ea4a414,tests/unit/internal/test_loading.py,TestHttpFolder,test_load_file_downloads_file_if_it_doesnt_exist,,True,Error,Passed
epic-lib,https://github.com/epic-kitchens/epic-lib,7f2499aff5fdb62a66e6da92322e5c060ea4a414,tests/unit/internal/test_loading.py,TestHttpFolder,test_load_file_uses_loader_for_file,,True,Error,Passed
feature_engine,https://github.com/solegalli/feature_engine,ba4d7050b3923d620c1773b66cd4c51ed24498dd,tests/test_missing_data_imputer.py,,test_EndTailImputer,,True,Passed,Passed
feature_engine,https://github.com/solegalli/feature_engine,ba4d7050b3923d620c1773b66cd4c51ed24498dd,tests/test_missing_data_imputer.py,,test_MeanMedianImputer,,True,Passed,Passed
gwopensci,https://github.com/duncanmmacleod/gwopensci,06b56ce506fda3af4857c8a1aae7bb60fb1925e9,gwosc/tests/test_datasets.py,,test_find_datasets_type,,True,Passed,Passed
hirefire,https://github.com/ryanhiebert/hirefire,cf8686d127cc914cea350350b5bfe8acfa4163ce,tests/contrib/django/test_middleware.py,TestHireFireMiddleware,test_token,,True,Failed,Failed
iexfinance,https://github.com/addisonlynch/iexfinance,e502c671643a10121dd423c5665adc56b982199b,iexfinance/tests/stocks/test_endpoints.py,TestHistorical,test_invalid_dates,,True,Failed,Passed
iexfinance,https://github.com/addisonlynch/iexfinance,e502c671643a10121dd423c5665adc56b982199b,iexfinance/tests/stocks/test_endpoints.py,TestHistorical,test_invalid_dates_batch,,True,Failed,Passed
iexfinance,https://github.com/addisonlynch/iexfinance,e502c671643a10121dd423c5665adc56b982199b,iexfinance/tests/stocks/test_endpoints.py,TestHistorical,test_reader_chart_range,,True,Failed,Passed
iexfinance,https://github.com/addisonlynch/iexfinance,e502c671643a10121dd423c5665adc56b982199b,iexfinance/tests/test_altdata.py,TestSocialSentiment,test_social_url,[20190101-None-/stock/AAPL/sentiment/daily/20190101],True,Failed,Failed
iexfinance,https://github.com/addisonlynch/iexfinance,e502c671643a10121dd423c5665adc56b982199b,iexfinance/tests/test_altdata.py,TestSocialSentiment,test_social_url,[20190101-minute-/stock/AAPL/sentiment/minute/20190101],True,Failed,Failed
iexfinance,https://github.com/addisonlynch/iexfinance,e502c671643a10121dd423c5665adc56b982199b,iexfinance/tests/test_altdata.py,TestSocialSentiment,test_social_url,[None-None-/stock/AAPL/sentiment/daily],True,Failed,Failed
iexfinance,https://github.com/addisonlynch/iexfinance,e502c671643a10121dd423c5665adc56b982199b,iexfinance/tests/test_auth.py,TestAuth,test_cloud_fails_no_token,,True,Error,Error
iexfinance,https://github.com/addisonlynch/iexfinance,e502c671643a10121dd423c5665adc56b982199b,iexfinance/tests/test_auth.py,TestAuth,test_stock_quote_fails_no_key,,True,Error,Passed
iexfinance,https://github.com/addisonlynch/iexfinance,e502c671643a10121dd423c5665adc56b982199b,iexfinance/tests/test_base.py,TestBase,test_all_defaults,,True,Failed,Passed
iexfinance,https://github.com/addisonlynch/iexfinance,e502c671643a10121dd423c5665adc56b982199b,iexfinance/tests/test_base.py,TestBase,test_output_format_env,,True,Failed,Passed
iexfinance,https://github.com/addisonlynch/iexfinance,e502c671643a10121dd423c5665adc56b982199b,iexfinance/tests/test_base.py,TestBase,test_output_format_passed,,True,Failed,Passed
kool,https://github.com/edasi/kool,efe847a05c1a07af5eddeeeb700fdefcb6c9ced9,tests/contrib/quizzes/test_question.py,TestQuestion,test_add_answers,,True,Flaky,Passed
kool,https://github.com/edasi/kool,efe847a05c1a07af5eddeeeb700fdefcb6c9ced9,tests/db/flatfile/test_database.py,TestFlatFile,test_tables,,True,Flaky,Passed
lcc-server,https://github.com/waqasbhatti/lcc-server,b8256bf28aee42e628abe27f0203d6f5361fb84b,lccserver/tests/test_cli.py,,test_augcat_kdtree_databases,,True,Passed,Passed
model-sdk,https://github.com/runwayml/model-sdk,3132b2ab424f1020e8d30e4897057103ab3e6623,tests/test_model.py,,test_inference_async_provide_id,,True,Passed,Passed
msticpy,https://github.com/microsoft/msticpy,e159059b7086d03289e2bc31a905014811c3095c,tests/nbtools/test_nbinit.py,,test_check_config,,True,NotAnalysed,Passed
novelWriter,https://github.com/vkbo/novelWriter,559f2e53e410f9793ab08c2ef7ed308f75c92985,tests/test_item.py,,testItemXMLPackUnpack,,True,Failed,Passed
novelWriter,https://github.com/vkbo/novelWriter,559f2e53e410f9793ab08c2ef7ed308f75c92985,tests/test_project.py,,testProjectSave,,True,Failed,Passed
nxviz,https://github.com/ericmjl/nxviz,d2a2a622e834148a9f4337dbe1021a05c5f18548,tests/test_plots.py,,test_matrix_plot,,True,Failed,Passed
pip-validate,https://github.com/ohjeah/pip-validate,9651b4dd6a252650c3a707218054b1baadc8b944,test_pip_validate.py,,test_match_to_alias,,True,Passed,Passed
pip-validate,https://github.com/ohjeah/pip-validate,9651b4dd6a252650c3a707218054b1baadc8b944,test_pip_validate.py,,test_validate_imports_alias,,True,Passed,Passed
puppetboard,https://github.com/voxpupuli/puppetboard,974c51ad6c08d99662ba013789565f63cd431b03,test/test_app.py,,test_radiator_view_bad_env,,True,Failed,Passed
pyrieef,https://github.com/humans-to-robots-motion/pyrieef,73a82d3250db8b48a1602bd5422bb3902fc11e57,tests/test_workspace.py,,test_axis_aligned_box,,True,Failed,Passed
pytenable,https://github.com/tenable/pytenable,79c769cf22799125c39fa9fb86c5ef333beb96b4,tests/io/test_base.py,,test_base_parse_filter_accessgroup,,True,Error,Passed
pytenable,https://github.com/tenable/pytenable,79c769cf22799125c39fa9fb86c5ef333beb96b4,tests/io/test_base.py,,test_base_parse_filter_colon,,True,Error,Passed
pytenable,https://github.com/tenable/pytenable,79c769cf22799125c39fa9fb86c5ef333beb96b4,tests/io/test_base.py,,test_base_parse_filter_sjson,,True,Error,Passed
pytenable,https://github.com/tenable/pytenable,79c769cf22799125c39fa9fb86c5ef333beb96b4,tests/io/test_base.py,,test_base_parse_filters_json,,True,Error,Passed
pytenable,https://github.com/tenable/pytenable,79c769cf22799125c39fa9fb86c5ef333beb96b4,tests/io/test_scans.py,,test_scan_export_bytesio,,True,Failed,Passed
pytenable,https://github.com/tenable/pytenable,79c769cf22799125c39fa9fb86c5ef333beb96b4,tests/io/test_scans.py,,test_scan_export_chapters_typeerror,,True,Failed,Passed
pytenable,https://github.com/tenable/pytenable,79c769cf22799125c39fa9fb86c5ef333beb96b4,tests/io/test_scans.py,,test_scan_export_chapters_unexpectedvalueerror,,True,Failed,Passed
pytenable,https://github.com/tenable/pytenable,79c769cf22799125c39fa9fb86c5ef333beb96b4,tests/io/test_scans.py,,test_scan_export_file_object,,True,Failed,Passed
pytenable,https://github.com/tenable/pytenable,79c769cf22799125c39fa9fb86c5ef333beb96b4,tests/io/test_scans.py,,test_scan_export_filter_type_typeerror,,True,Failed,Passed
pytenable,https://github.com/tenable/pytenable,79c769cf22799125c39fa9fb86c5ef333beb96b4,tests/io/test_scans.py,,test_scan_export_filter_type_unexpectedvalueerror,,True,Failed,Passed
pytenable,https://github.com/tenable/pytenable,79c769cf22799125c39fa9fb86c5ef333beb96b4,tests/io/test_scans.py,,test_scan_export_format_typeerror,,True,Failed,Passed
pytenable,https://github.com/tenable/pytenable,79c769cf22799125c39fa9fb86c5ef333beb96b4,tests/io/test_scans.py,,test_scan_export_format_unexpectedvalueerror,,True,Failed,Passed
pytenable,https://github.com/tenable/pytenable,79c769cf22799125c39fa9fb86c5ef333beb96b4,tests/io/test_scans.py,,test_scan_export_history_id_typeerror,,True,Failed,Passed
pytenable,https://github.com/tenable/pytenable,79c769cf22799125c39fa9fb86c5ef333beb96b4,tests/io/test_scans.py,,test_scan_export_password_typeerror,,True,Failed,Passed
pytenable,https://github.com/tenable/pytenable,79c769cf22799125c39fa9fb86c5ef333beb96b4,tests/io/test_scans.py,,test_scan_export_was,,True,Failed,Passed
pytenable,https://github.com/tenable/pytenable,79c769cf22799125c39fa9fb86c5ef333beb96b4,tests/io/test_scans.py,,test_scan_export_was_typeerror,,True,Failed,Passed
pytenable,https://github.com/tenable/pytenable,79c769cf22799125c39fa9fb86c5ef333beb96b4,tests/io/test_scans.py,,test_scan_import_scan,,True,Failed,Passed
pytenable,https://github.com/tenable/pytenable,79c769cf22799125c39fa9fb86c5ef333beb96b4,tests/io/test_workbenches.py,,test_workbench_asset_vuln_info,,True,Failed,Passed
pytenable,https://github.com/tenable/pytenable,79c769cf22799125c39fa9fb86c5ef333beb96b4,tests/io/test_workbenches.py,,test_workbench_asset_vuln_output,,True,Failed,Passed
pytenable,https://github.com/tenable/pytenable,79c769cf22799125c39fa9fb86c5ef333beb96b4,tests/io/test_workbenches.py,,test_workbench_asset_vulns,,True,Failed,Passed
pytenable,https://github.com/tenable/pytenable,79c769cf22799125c39fa9fb86c5ef333beb96b4,tests/io/test_workbenches.py,,test_workbench_asset_vulns_filtered,,True,Failed,Passed
pytenable,https://github.com/tenable/pytenable,79c769cf22799125c39fa9fb86c5ef333beb96b4,tests/io/test_workbenches.py,,test_workbench_export_asset_uuid,,True,Failed,Passed
rosey,https://github.com/arose13/rosey,c35398b4ad4f334f4b40a075d18b33a262ce1d7d,tests/test_models.py,,test_biplot,,True,Failed,Passed
sphinx-gallery,https://github.com/sphinx-gallery/sphinx-gallery,387900334ace5c0bf74e9e90aad1e8d2a54e6f17,sphinx_gallery/tests/test_full.py,,test_embed_links_and_styles,,True,Passed,Passed
sphinx-gallery,https://github.com/sphinx-gallery/sphinx-gallery,387900334ace5c0bf74e9e90aad1e8d2a54e6f17,sphinx_gallery/tests/test_full.py,,test_minigallery_directive,,True,Passed,Passed
sportsreference,https://github.com/roclark/sportsreference,0041953074d6c20f607049917f3b526c9af686a4,tests/integration/roster/test_ncaaf_roster.py,TestNCAAFPlayer,test_ncaaf_kicker_returns_expected_kicking_stats,,True,Passed,Passed
sportsreference,https://github.com/roclark/sportsreference,0041953074d6c20f607049917f3b526c9af686a4,tests/integration/teams/test_nba_integration.py,TestNBAIntegration,test_pulling_team_directly,,True,Passed,Passed
supertunnel,https://github.com/alexrudy/supertunnel,4c64e2fedda3382b809a2c3d01c711ec4961f933,supertunnel/ssh/continuous_test.py,,test_backoff,,True,Error,Passed
supertunnel,https://github.com/alexrudy/supertunnel,4c64e2fedda3382b809a2c3d01c711ec4961f933,supertunnel/ssh/continuous_test.py,,test_continuous_repr,,True,Error,Passed
supertunnel,https://github.com/alexrudy/supertunnel,4c64e2fedda3382b809a2c3d01c711ec4961f933,supertunnel/ssh/continuous_test.py,,test_run,,True,Error,Passed
supertunnel,https://github.com/alexrudy/supertunnel,4c64e2fedda3382b809a2c3d01c711ec4961f933,supertunnel/ssh/continuous_test.py,,test_run_continuous,,True,Error,Passed
supertunnel,https://github.com/alexrudy/supertunnel,4c64e2fedda3382b809a2c3d01c711ec4961f933,supertunnel/ssh/continuous_test.py,,test_run_continuous_hang,,True,Error,Passed
supertunnel,https://github.com/alexrudy/supertunnel,4c64e2fedda3382b809a2c3d01c711ec4961f933,supertunnel/ssh/continuous_test.py,,test_run_continuous_raise,,True,Error,Passed
sxdm,https://github.com/WilliamJudge94/sxdm,01414186626e1f22d51a7d25fe73f64680cb796e,tests/test_h5.py,H5TestCase,test_h5get_image_destination,,True,Error,Passed
tight,https://github.com/michaelorionmcmanus/tight,34a332dd6096807e373ea8050df4f795411e6b74,tests/unit/providers/aws/clients/test_dynamo_db_unit.py,,test_dynamo_db_connect_prod,,True,Failed,Passed
wkr.py,https://github.com/wroberts/wkr.py,dbb3c1742c10bfaf697fa276d2cc8885e144ab43,tests/test_pd.py,,test_memoize_pandas_parse_dates,,True,Passed,Passed
wqio,https://github.com/Geosyntec/wqio,8fcd57cc8b8365208eeee0162438307db0ca0dbb,wqio/tests/test_features.py,,test_location_stats_arrays,[True-logmean_conf_interval],True,Failed,Passed
yadll,https://github.com/pchavanne/yadll,6114234a8a25cfda7a596b9a6e75bb121de6f4d2,tests/test_model.py,TestModel,test_no_network,,True,Passed,Passed
yawast,https://github.com/adamcaudill/yawast,5e9e7a37831c030530adb971925ee135e9bfcafb,tests/test_http.py,TestHttpBasic,test_response_scanner,,True,Passed,Flaky
yawast,https://github.com/adamcaudill/yawast,5e9e7a37831c030530adb971925ee135e9bfcafb,tests/test_http.py,TestHttpBasic,test_wp_json_user_enum,,True,Passed,Flaky
