Project_Name,Project_URL,Project_Hash,Test_filename,Test1,Status1,Test2,Status2,Conflict
Breathe,https://github.com/mrob95/Breathe,4600818e24f4156cd7bb8cc0f43886b27323968e,tests/test_loading.py,tests/test_merger.py::test_core_commands,passed,tests/test_loading.py::test_loading_failure,failed,False
Breathe,https://github.com/mrob95/Breathe,4600818e24f4156cd7bb8cc0f43886b27323968e,tests/test_loading.py,tests/test_merger.py::test_kaldi_weight_passthrough,passed,tests/test_loading.py::test_loading_failure,failed,False
Breathe,https://github.com/mrob95/Breathe,4600818e24f4156cd7bb8cc0f43886b27323968e,tests/test_loading.py,tests/test_top_level.py::test_top_level_command,passed,tests/test_loading.py::test_loading_failure,failed,False
Breathe,https://github.com/mrob95/Breathe,4600818e24f4156cd7bb8cc0f43886b27323968e,tests/test_merger.py,tests/test_command_context.py::test_manual_context,passed,tests/test_merger.py::test_core_commands,failed,False
accessify,https://github.com/dmytrostriletskyi/accessify,6b7cf8657ffe18cd6a43c6cfb73b071084f0331e,tests/interfaces/test_implements.py,tests/disabling/test_disable.py::test_disabling_accessify,passed,tests/interfaces/test_implements.py::test_implements_no_implementation_deleter,failed,False
accessify,https://github.com/dmytrostriletskyi/accessify,6b7cf8657ffe18cd6a43c6cfb73b071084f0331e,tests/interfaces/test_implements.py,tests/disabling/test_disable.py::test_disabling_accessify,passed,tests/interfaces/test_implements.py::test_implements_no_implementation_getter,failed,False
accessify,https://github.com/dmytrostriletskyi/accessify,6b7cf8657ffe18cd6a43c6cfb73b071084f0331e,tests/interfaces/test_implements.py,tests/disabling/test_disable.py::test_disabling_accessify,passed,tests/interfaces/test_implements.py::test_implements_no_implementation_instance_method,failed,False
accessify,https://github.com/dmytrostriletskyi/accessify,6b7cf8657ffe18cd6a43c6cfb73b071084f0331e,tests/interfaces/test_implements.py,tests/disabling/test_disable.py::test_disabling_accessify,passed,tests/interfaces/test_implements.py::test_implements_no_implementation_setter,failed,False
accessify,https://github.com/dmytrostriletskyi/accessify,6b7cf8657ffe18cd6a43c6cfb73b071084f0331e,tests/interfaces/test_implements.py,tests/disabling/test_disable.py::test_disabling_accessify,passed,tests/interfaces/test_implements.py::test_implements_no_implementation_static_method,failed,False
accessify,https://github.com/dmytrostriletskyi/accessify,6b7cf8657ffe18cd6a43c6cfb73b071084f0331e,tests/interfaces/test_implements.py,tests/disabling/test_disable.py::test_disabling_accessify,passed,tests/interfaces/test_implements.py::test_implements_not_cls_convention,failed,False
accessify,https://github.com/dmytrostriletskyi/accessify,6b7cf8657ffe18cd6a43c6cfb73b071084f0331e,tests/interfaces/test_implements.py,tests/disabling/test_disable.py::test_disabling_accessify,passed,tests/interfaces/test_implements.py::test_implements_not_self_convention,failed,False
accessify,https://github.com/dmytrostriletskyi/accessify,6b7cf8657ffe18cd6a43c6cfb73b071084f0331e,tests/interfaces/test_implements.py,tests/disabling/test_disable.py::test_disabling_accessify,passed,tests/interfaces/test_implements.py::test_implements_not_self_convention_in_deleter,failed,False
accessify,https://github.com/dmytrostriletskyi/accessify,6b7cf8657ffe18cd6a43c6cfb73b071084f0331e,tests/interfaces/test_implements.py,tests/disabling/test_disable.py::test_disabling_accessify,passed,tests/interfaces/test_implements.py::test_implements_not_self_convention_in_getter,failed,False
accessify,https://github.com/dmytrostriletskyi/accessify,6b7cf8657ffe18cd6a43c6cfb73b071084f0331e,tests/interfaces/test_implements.py,tests/disabling/test_disable.py::test_disabling_accessify,passed,tests/interfaces/test_implements.py::test_implements_not_self_convention_in_setter,failed,False
accessify,https://github.com/dmytrostriletskyi/accessify,6b7cf8657ffe18cd6a43c6cfb73b071084f0331e,tests/interfaces/test_implements.py,tests/disabling/test_disable.py::test_disabling_accessify,passed,tests/interfaces/test_implements.py::test_not_implements_private_access,failed,False
accessify,https://github.com/dmytrostriletskyi/accessify,6b7cf8657ffe18cd6a43c6cfb73b071084f0331e,tests/interfaces/test_implements.py,tests/disabling/test_disable.py::test_disabling_accessify,passed,tests/interfaces/test_implements.py::test_not_implements_protected_access,failed,False
