Project_Name,Project_URL,Project_Hash,Test_id,Verdict_Isolated,Conflict
Breathe,https://github.com/mrob95/Breathe,4600818e24f4156cd7bb8cc0f43886b27323968e,tests/test_command_context.py::test_manual_context_noccr,failed,False
Breathe,https://github.com/mrob95/Breathe,4600818e24f4156cd7bb8cc0f43886b27323968e,tests/test_loading.py::test_loading,failed,False
Breathe,https://github.com/mrob95/Breathe,4600818e24f4156cd7bb8cc0f43886b27323968e,tests/test_loading.py::test_reloading,failed,False
Breathe,https://github.com/mrob95/Breathe,4600818e24f4156cd7bb8cc0f43886b27323968e,tests/test_merger.py::test_context_commands,failed,False
Breathe,https://github.com/mrob95/Breathe,4600818e24f4156cd7bb8cc0f43886b27323968e,tests/test_merger.py::test_grammar_numbers,failed,False
Breathe,https://github.com/mrob95/Breathe,4600818e24f4156cd7bb8cc0f43886b27323968e,tests/test_merger.py::test_invalid,failed,False
Breathe,https://github.com/mrob95/Breathe,4600818e24f4156cd7bb8cc0f43886b27323968e,tests/test_merger.py::test_noccr_commands,failed,False
Breathe,https://github.com/mrob95/Breathe,4600818e24f4156cd7bb8cc0f43886b27323968e,tests/test_top_level.py::test_recognition,failed,False
Breathe,https://github.com/mrob95/Breathe,4600818e24f4156cd7bb8cc0f43886b27323968e,tests/test_top_level.py::test_top_level_command_failure,failed,False
GOApy,https://github.com/leopepe/GOApy,a8e0dfe5f0f593107884ad54f89a27f67ee28129,tests/Sensor_test.py::SensorsTest::test_remove_sensor_success,failed,False
HikLoad,https://github.com/Tedyst/HikLoad,b3eb7be65bd34040992e1b7b15f23ff4ce2e8dc4,tests/test_config.py::test_envvar,failed,False
JavPy,https://github.com/TheodoreKrypton/JavPy,61df53aafbfbd05ed1efa8c51a08d6e9252cb533,JavPy/tests/test_sources.py::test_avsox_net,failed,False
MusicAPI,https://github.com/kushao1267/MusicAPI,c6340d5dd6df869a90a44a311d3cd7a383bd4cf4,tests/music_test.py::test_xiami_music_id,failed,False
MusicAPI,https://github.com/kushao1267/MusicAPI,c6340d5dd6df869a90a44a311d3cd7a383bd4cf4,tests/music_test.py::test_xiami_music_link,failed,False
PyInvestor,https://github.com/SamurAi-sarl/PyInvestor,09259ad387dab597a7a525ae73090dffb886968f,PyInvestor/test_stock.py::StockTest::test_timeseries,failed,True
Tale,https://github.com/irmen/Tale,a2a26443465ab6978b32d9253e833471500e7b68,tests/test_mudobjects.py::TestLiving::test_move_notify,failed,False
YAROM,https://github.com/openworm/YAROM,cd4fb6cb8fac72a198858225ce89ad8b9c9175fd,tests/test_mapper.py::MapperTest::test_children_are_added,failed,False
YAROM,https://github.com/openworm/YAROM,cd4fb6cb8fac72a198858225ce89ad8b9c9175fd,tests/test_mapper.py::MapperTest::test_children_are_deregistered,failed,False
YAROM,https://github.com/openworm/YAROM,cd4fb6cb8fac72a198858225ce89ad8b9c9175fd,tests/test_mapper.py::MapperTest::test_object_from_id_class,failed,False
aiotasks,https://github.com/cr0hn/aiotasks,ec485c84db55227c9283319a9c58401e294a06ff,tests/unittesting/tasks/redis/test_delay.py::test_redis_delay_add_task_non_coroutine_as_input,failed,True
aiotasks,https://github.com/cr0hn/aiotasks,ec485c84db55227c9283319a9c58401e294a06ff,tests/unittesting/tasks/redis/test_delay.py::test_redis_delay_task_decorator_invalid_function,failed,True
aiotasks,https://github.com/cr0hn/aiotasks,ec485c84db55227c9283319a9c58401e294a06ff,tests/unittesting/tasks/redis/test_delay.py::test_redis_delay_task_decorator_invalid_task_id_format,failed,True
aiotasks,https://github.com/cr0hn/aiotasks,ec485c84db55227c9283319a9c58401e294a06ff,tests/unittesting/tasks/redis/test_delay.py::test_redis_delay_task_decorator_no_port_gotten,failed,True
aiotasks,https://github.com/cr0hn/aiotasks,ec485c84db55227c9283319a9c58401e294a06ff,tests/unittesting/tasks/redis/test_subscribers.py::test_redis_subscribers_empty_topics,failed,True
api-python,https://github.com/datacommonsorg/api-python,6d09ca1557da0af893f008f7302801f12afc2d46,datacommons/test/set_api_key_test.py::TestApiKey::test_query_no_api_key,failed,False
api-python,https://github.com/datacommonsorg/api-python,6d09ca1557da0af893f008f7302801f12afc2d46,datacommons/test/set_api_key_test.py::TestApiKey::test_send_request_no_api_key,failed,False
argutil,https://github.com/cmccandless/argutil,15b4d309fefe7a2d7648dac3974bd22ba7b1030a,tests/get_parser_test.py::GetParserTest::test_default_from_file,error,True
argutil,https://github.com/cmccandless/argutil,15b4d309fefe7a2d7648dac3974bd22ba7b1030a,tests/get_parser_test.py::GetParserTest::test_env_type_option,error,True
argutil,https://github.com/cmccandless/argutil,15b4d309fefe7a2d7648dac3974bd22ba7b1030a,tests/get_parser_test.py::GetParserTest::test_flag,error,True
argutil,https://github.com/cmccandless/argutil,15b4d309fefe7a2d7648dac3974bd22ba7b1030a,tests/get_parser_test.py::GetParserTest::test_global_env_type_option,error,True
argutil,https://github.com/cmccandless/argutil,15b4d309fefe7a2d7648dac3974bd22ba7b1030a,tests/get_parser_test.py::GetParserTest::test_list_option,error,True
argutil,https://github.com/cmccandless/argutil,15b4d309fefe7a2d7648dac3974bd22ba7b1030a,tests/get_parser_test.py::GetParserTest::test_list_option_with_default,error,True
argutil,https://github.com/cmccandless/argutil,15b4d309fefe7a2d7648dac3974bd22ba7b1030a,tests/get_parser_test.py::GetParserTest::test_parser_definition_type_option,error,True
argutil,https://github.com/cmccandless/argutil,15b4d309fefe7a2d7648dac3974bd22ba7b1030a,tests/get_parser_test.py::GetParserTest::test_positional,error,True
argutil,https://github.com/cmccandless/argutil,15b4d309fefe7a2d7648dac3974bd22ba7b1030a,tests/get_parser_test.py::GetParserTest::test_positional_list,error,True
argutil,https://github.com/cmccandless/argutil,15b4d309fefe7a2d7648dac3974bd22ba7b1030a,tests/get_parser_test.py::GetParserTest::test_positional_required,error,True
argutil,https://github.com/cmccandless/argutil,15b4d309fefe7a2d7648dac3974bd22ba7b1030a,tests/get_parser_test.py::GetParserTest::test_positional_required_with_optional,error,True
asv,https://github.com/airspeed-velocity/asv,a131ca742daf53c4521fbfefeb53507b5c140c84,test/test_compare.py::test_compare_name_lookup[hg],skipped,True
asv,https://github.com/airspeed-velocity/asv,a131ca742daf53c4521fbfefeb53507b5c140c84,test/test_gh_pages.py::test_gh_pages[hg-no-rewrite],skipped,False
asv,https://github.com/airspeed-velocity/asv,a131ca742daf53c4521fbfefeb53507b5c140c84,test/test_gh_pages.py::test_gh_pages[hg-rewrite],skipped,True
async-kinesis-client,https://github.com/whale2/async-kinesis-client,e7df499141854b8b7638a7ab0adce14a4d28201e,tests/test_dynamodb.py::TestConsumerWithDynamoDB::test_consumer_with_dynamodb,failed,True
async-kinesis-client,https://github.com/whale2/async-kinesis-client,e7df499141854b8b7638a7ab0adce14a4d28201e,tests/test_dynamodb.py::TestConsumerWithDynamoDB::test_dropping_seq,failed,False
aud,https://github.com/zdhoward/aud,2dfc81dad3da78537e1b1c6f5cc5630ba5b837f9,aud/test_aud.py::test_config,failed,False
aud,https://github.com/zdhoward/aud,2dfc81dad3da78537e1b1c6f5cc5630ba5b837f9,aud/test_aud.py::test_dir,failed,False
aud,https://github.com/zdhoward/aud,2dfc81dad3da78537e1b1c6f5cc5630ba5b837f9,aud/test_aud.py::test_name,failed,False
authnzerver,https://github.com/waqasbhatti/authnzerver,bc735a1c9e1c084c40854a539a000d69a50ed486,authnzerver/tests/test_email.py::test_create_user_with_email,failed,True
authnzerver,https://github.com/waqasbhatti/authnzerver,bc735a1c9e1c084c40854a539a000d69a50ed486,authnzerver/tests/test_email.py::test_email_works,failed,True
autoclasswrapper,https://github.com/pierrepo/autoclasswrapper,af43dd833e5586386098d1793a59332e968069da,tests/test_output.py::TestOutputClass::test_aggregate_input_data,failed,True
autoclasswrapper,https://github.com/pierrepo/autoclasswrapper,af43dd833e5586386098d1793a59332e968069da,tests/test_output.py::TestOutputClass::test_write_cdt,failed,True
autoclasswrapper,https://github.com/pierrepo/autoclasswrapper,af43dd833e5586386098d1793a59332e968069da,tests/test_output.py::TestOutputClass::test_write_cdt_with_proba,failed,True
autoclasswrapper,https://github.com/pierrepo/autoclasswrapper,af43dd833e5586386098d1793a59332e968069da,tests/test_output.py::TestOutputClass::test_write_cluster_stats,failed,True
autoclasswrapper,https://github.com/pierrepo/autoclasswrapper,af43dd833e5586386098d1793a59332e968069da,tests/test_output.py::TestOutputClass::test_write_dendrogram,failed,False
autoyaml,https://github.com/martyni/autoyaml,be3f450667bcca477683e63bcc49c67c5d170855,tests/autoyaml_test.py::TestAutoyamlMethods::test_b_decrypt_config,failed,False
autoyaml,https://github.com/martyni/autoyaml,be3f450667bcca477683e63bcc49c67c5d170855,tests/autoyaml_test.py::TestEncryptorMethods::test_b_decrypt,failed,False
aws-lambda-decorators,https://github.com/gridsmartercities/aws-lambda-decorators,bbd25a7002b99e57fe7da225b6aad06cb1e43b9c,tests/test_decoders.py::DecodersTests::test_extract_multiple_parameters_from_jwt_hits_cache,failed,True
bluebees,https://github.com/matheuswhite/bluebees,ca18ee6dae60393480bac3893038790957727748,tests/test_application_data.py::test_cleanup,failed,False
bluebees,https://github.com/matheuswhite/bluebees,ca18ee6dae60393480bac3893038790957727748,tests/test_file_helper.py::test_cleanup,failed,False
bluebees,https://github.com/matheuswhite/bluebees,ca18ee6dae60393480bac3893038790957727748,tests/test_network_data.py::test_cleanup,failed,False
bluebees,https://github.com/matheuswhite/bluebees,ca18ee6dae60393480bac3893038790957727748,tests/test_node_data.py::test_cleanup,failed,False
bomweather,https://github.com/aguinane/bomweather,cfe945a64900a9207a44c42551ec2c365916b7d2,tests/test_stations.py::test_closest_obs_station_uncached,failed,True
cBinder,https://github.com/Tetrite/cBinder,940e8c78eb9cf2eda1bc69427a6279b8b832bfe1,tests/simplecases/externaldeps/test_StaticDependences.py::StaticDependencesOnLinux64::test_generate_bindings_to_gsl_sf_bessel_J,failed,False
centreon-sdk-python,https://github.com/guillaumewatteeux/centreon-sdk-python,9f207d5458afc3304e24f16988069467b19eab81,tests/test_command.py::TestCommands::test_command_add,failed,False
centreon-sdk-python,https://github.com/guillaumewatteeux/centreon-sdk-python,9f207d5458afc3304e24f16988069467b19eab81,tests/test_command.py::TestCommands::test_command_delete,failed,False
centreon-sdk-python,https://github.com/guillaumewatteeux/centreon-sdk-python,9f207d5458afc3304e24f16988069467b19eab81,tests/test_command.py::TestCommands::test_command_list,failed,False
centreon-sdk-python,https://github.com/guillaumewatteeux/centreon-sdk-python,9f207d5458afc3304e24f16988069467b19eab81,tests/test_command.py::TestCommands::test_command_not_exist,failed,False
centreon-sdk-python,https://github.com/guillaumewatteeux/centreon-sdk-python,9f207d5458afc3304e24f16988069467b19eab81,tests/test_command.py::TestCommands::test_command_setparam,failed,False
centreon-sdk-python,https://github.com/guillaumewatteeux/centreon-sdk-python,9f207d5458afc3304e24f16988069467b19eab81,tests/test_hosts.py::TestHost::test_host_addcontact,error,False
centreon-sdk-python,https://github.com/guillaumewatteeux/centreon-sdk-python,9f207d5458afc3304e24f16988069467b19eab81,tests/test_hosts.py::TestHost::test_host_addcontactgroupt,error,False
centreon-sdk-python,https://github.com/guillaumewatteeux/centreon-sdk-python,9f207d5458afc3304e24f16988069467b19eab81,tests/test_hosts.py::TestHost::test_host_addparent,error,False
centreon-sdk-python,https://github.com/guillaumewatteeux/centreon-sdk-python,9f207d5458afc3304e24f16988069467b19eab81,tests/test_hosts.py::TestHost::test_host_addtemplate,error,False
centreon-sdk-python,https://github.com/guillaumewatteeux/centreon-sdk-python,9f207d5458afc3304e24f16988069467b19eab81,tests/test_hosts.py::TestHost::test_host_applytemplate,error,False
centreon-sdk-python,https://github.com/guillaumewatteeux/centreon-sdk-python,9f207d5458afc3304e24f16988069467b19eab81,tests/test_hosts.py::TestHost::test_host_deletecontact,error,False
centreon-sdk-python,https://github.com/guillaumewatteeux/centreon-sdk-python,9f207d5458afc3304e24f16988069467b19eab81,tests/test_hosts.py::TestHost::test_host_deletecontactgroup,error,False
centreon-sdk-python,https://github.com/guillaumewatteeux/centreon-sdk-python,9f207d5458afc3304e24f16988069467b19eab81,tests/test_hosts.py::TestHost::test_host_deletehostgroup,error,False
centreon-sdk-python,https://github.com/guillaumewatteeux/centreon-sdk-python,9f207d5458afc3304e24f16988069467b19eab81,tests/test_hosts.py::TestHost::test_host_delmacro,error,False
centreon-sdk-python,https://github.com/guillaumewatteeux/centreon-sdk-python,9f207d5458afc3304e24f16988069467b19eab81,tests/test_hosts.py::TestHost::test_host_deteletemplate,error,False
centreon-sdk-python,https://github.com/guillaumewatteeux/centreon-sdk-python,9f207d5458afc3304e24f16988069467b19eab81,tests/test_hosts.py::TestHost::test_host_disable,error,False
centreon-sdk-python,https://github.com/guillaumewatteeux/centreon-sdk-python,9f207d5458afc3304e24f16988069467b19eab81,tests/test_hosts.py::TestHost::test_host_enable,error,False
centreon-sdk-python,https://github.com/guillaumewatteeux/centreon-sdk-python,9f207d5458afc3304e24f16988069467b19eab81,tests/test_hosts.py::TestHost::test_host_getcontact,error,False
centreon-sdk-python,https://github.com/guillaumewatteeux/centreon-sdk-python,9f207d5458afc3304e24f16988069467b19eab81,tests/test_hosts.py::TestHost::test_host_getcontactgroup,error,False
centreon-sdk-python,https://github.com/guillaumewatteeux/centreon-sdk-python,9f207d5458afc3304e24f16988069467b19eab81,tests/test_hosts.py::TestHost::test_host_gethostgroup,error,False
centreon-sdk-python,https://github.com/guillaumewatteeux/centreon-sdk-python,9f207d5458afc3304e24f16988069467b19eab81,tests/test_hosts.py::TestHost::test_host_getmacro,error,False
centreon-sdk-python,https://github.com/guillaumewatteeux/centreon-sdk-python,9f207d5458afc3304e24f16988069467b19eab81,tests/test_hosts.py::TestHost::test_host_getparents,error,False
centreon-sdk-python,https://github.com/guillaumewatteeux/centreon-sdk-python,9f207d5458afc3304e24f16988069467b19eab81,tests/test_hosts.py::TestHost::test_host_gettemplate,error,False
centreon-sdk-python,https://github.com/guillaumewatteeux/centreon-sdk-python,9f207d5458afc3304e24f16988069467b19eab81,tests/test_hosts.py::TestHost::test_host_setcontact,error,False
centreon-sdk-python,https://github.com/guillaumewatteeux/centreon-sdk-python,9f207d5458afc3304e24f16988069467b19eab81,tests/test_hosts.py::TestHost::test_host_setcontactgroup,error,False
centreon-sdk-python,https://github.com/guillaumewatteeux/centreon-sdk-python,9f207d5458afc3304e24f16988069467b19eab81,tests/test_hosts.py::TestHost::test_host_setinstance,error,False
centreon-sdk-python,https://github.com/guillaumewatteeux/centreon-sdk-python,9f207d5458afc3304e24f16988069467b19eab81,tests/test_hosts.py::TestHost::test_host_setmacro,error,False
centreon-sdk-python,https://github.com/guillaumewatteeux/centreon-sdk-python,9f207d5458afc3304e24f16988069467b19eab81,tests/test_hosts.py::TestHost::test_host_setparam,error,False
centreon-sdk-python,https://github.com/guillaumewatteeux/centreon-sdk-python,9f207d5458afc3304e24f16988069467b19eab81,tests/test_hosts.py::TestHost::test_host_setparent,error,False
centreon-sdk-python,https://github.com/guillaumewatteeux/centreon-sdk-python,9f207d5458afc3304e24f16988069467b19eab81,tests/test_hosts.py::TestHost::test_host_settemplate,error,False
centreon-sdk-python,https://github.com/guillaumewatteeux/centreon-sdk-python,9f207d5458afc3304e24f16988069467b19eab81,tests/test_hosts.py::TestHosts::test_hosts_add,failed,False
centreon-sdk-python,https://github.com/guillaumewatteeux/centreon-sdk-python,9f207d5458afc3304e24f16988069467b19eab81,tests/test_hosts.py::TestHosts::test_hosts_delete,failed,False
centreon-sdk-python,https://github.com/guillaumewatteeux/centreon-sdk-python,9f207d5458afc3304e24f16988069467b19eab81,tests/test_hosts.py::TestHosts::test_hosts_delete_with_obj,failed,False
centreon-sdk-python,https://github.com/guillaumewatteeux/centreon-sdk-python,9f207d5458afc3304e24f16988069467b19eab81,tests/test_hosts.py::TestHosts::test_hosts_list,failed,False
centreon-sdk-python,https://github.com/guillaumewatteeux/centreon-sdk-python,9f207d5458afc3304e24f16988069467b19eab81,tests/test_hosts.py::TestHosts::test_hosts_not_exist,failed,False
centreon-sdk-python,https://github.com/guillaumewatteeux/centreon-sdk-python,9f207d5458afc3304e24f16988069467b19eab81,tests/test_resourcecfg.py::TestResourceCFG::test_resourcecfg_add,failed,False
centreon-sdk-python,https://github.com/guillaumewatteeux/centreon-sdk-python,9f207d5458afc3304e24f16988069467b19eab81,tests/test_resourcecfg.py::TestResourceCFG::test_resourcecfg_building_line,failed,False
centreon-sdk-python,https://github.com/guillaumewatteeux/centreon-sdk-python,9f207d5458afc3304e24f16988069467b19eab81,tests/test_resourcecfg.py::TestResourceCFG::test_resourcecfg_delete,failed,False
centreon-sdk-python,https://github.com/guillaumewatteeux/centreon-sdk-python,9f207d5458afc3304e24f16988069467b19eab81,tests/test_resourcecfg.py::TestResourceCFG::test_resourcecfg_get_one,failed,False
centreon-sdk-python,https://github.com/guillaumewatteeux/centreon-sdk-python,9f207d5458afc3304e24f16988069467b19eab81,tests/test_resourcecfg.py::TestResourceCFG::test_resourcecfg_not_exist,failed,False
centreon-sdk-python,https://github.com/guillaumewatteeux/centreon-sdk-python,9f207d5458afc3304e24f16988069467b19eab81,tests/test_resourcecfg.py::TestResourceCFG::test_resourcecfg_setparam,failed,False
chazutsu,https://github.com/chakki-works/chazutsu,734828f2f05799a1d59d9280a032bf5996fe3261,tests/test_dataset.py::TestDataset::test_extract_file_zip,failed,True
chazutsu,https://github.com/chakki-works/chazutsu,734828f2f05799a1d59d9280a032bf5996fe3261,tests/test_resource.py::TestResource::test_read_resource,failed,True
cherry,https://github.com/Windsooon/cherry,bc6ae1f0284d837fb95279098538530312313534,tests/test_base.py::BaseTest::test_load_data_found,failed,False
cherry,https://github.com/Windsooon/cherry,bc6ae1f0284d837fb95279098538530312313534,tests/test_base.py::BaseTest::test_load_local_data_from_local_with_cache,failed,False
cherry,https://github.com/Windsooon/cherry,bc6ae1f0284d837fb95279098538530312313534,tests/test_base.py::BaseTest::test_load_local_data_from_local_with_cache_failed,failed,False
cherry,https://github.com/Windsooon/cherry,bc6ae1f0284d837fb95279098538530312313534,tests/test_base.py::BaseTest::test_load_local_data_from_local_without_cache,failed,False
cherry,https://github.com/Windsooon/cherry,bc6ae1f0284d837fb95279098538530312313534,tests/test_classify.py::ClassifyTest::test_load_cache,failed,False
cloud-validation-framework,https://github.com/prancer-io/cloud-validation-framework,94522590d9881a5125d81da701a65f7f63383c0d,tests/processor/connector/test_snapshot_azure.py::test_get_node_happy,failed,False
cloud-validation-framework,https://github.com/prancer-io/cloud-validation-framework,94522590d9881a5125d81da701a65f7f63383c0d,tests/processor/connector/test_snapshot_azure.py::test_get_version_for_type,failed,False
cloud-validation-framework,https://github.com/prancer-io/cloud-validation-framework,94522590d9881a5125d81da701a65f7f63383c0d,tests/processor/helper/httpapi/test_http_utils.py::test_check_and_add_error,failed,False
cloud-validation-framework,https://github.com/prancer-io/cloud-validation-framework,94522590d9881a5125d81da701a65f7f63383c0d,tests/processor/helper/httpapi/test_restapi_azure.py::test_web_client_data,failed,False
cloud-validation-framework,https://github.com/prancer-io/cloud-validation-framework,94522590d9881a5125d81da701a65f7f63383c0d,tests/processor/template_processor/base/test_base_template_processor.py::test_populate_template_snapshot_false,failed,False
cloudnetpy,https://github.com/tukiains/cloudnetpy,26f2607b890630146469cfa410fce99438ceee3f,tests/unit/test_classify.py::TestFindRain::test_3,failed,False
cloudnetpy,https://github.com/tukiains/cloudnetpy,26f2607b890630146469cfa410fce99438ceee3f,tests/unit/test_drizzle.py::test_calc_fall_velocity,failed,False
cloudnetpy,https://github.com/tukiains/cloudnetpy,26f2607b890630146469cfa410fce99438ceee3f,tests/unit/test_drizzle.py::test_calc_lwf,failed,False
clu,https://github.com/nir0s/clu,77da967a4577ca4cf100cfe34e87b39ad88bf21c,tests/test_ghost.py::TestCLI::test_init_already_initialized,failed,True
clu,https://github.com/nir0s/clu,77da967a4577ca4cf100cfe34e87b39ad88bf21c,tests/test_ghost.py::TestCLI::test_init_permission_denied_on_passphrase,failed,True
clu,https://github.com/nir0s/clu,77da967a4577ca4cf100cfe34e87b39ad88bf21c,tests/test_ghost.py::TestStash::test_broken_is_initialized,failed,True
compare-mt,https://github.com/neulab/compare-mt,92502b30b1f228773179a01dd86fe1b8dfd400e5,tests/test_cache.py::TestSentBucketCache::test_sentbucket_cache,failed,False
compare-mt,https://github.com/neulab/compare-mt,92502b30b1f228773179a01dd86fe1b8dfd400e5,tests/test_cache.py::TestSrcWordAccCache::test_src_wordacc_cache,failed,False
compare-mt,https://github.com/neulab/compare-mt,92502b30b1f228773179a01dd86fe1b8dfd400e5,tests/test_cache.py::TestWordAccCache::test_wordacc_cache,failed,False
cw-sdk-python,https://github.com/cryptowatch/cw-sdk-python,92bd90db16dfc116c0708d19d27208d9bfc990c1,tests/test_api.py::test_assets_endpoints,failed,False
cw-sdk-python,https://github.com/cryptowatch/cw-sdk-python,92bd90db16dfc116c0708d19d27208d9bfc990c1,tests/test_api.py::test_exchanges_endpoints,failed,False
cw-sdk-python,https://github.com/cryptowatch/cw-sdk-python,92bd90db16dfc116c0708d19d27208d9bfc990c1,tests/test_api.py::test_instruments_endpoints,failed,False
cw-sdk-python,https://github.com/cryptowatch/cw-sdk-python,92bd90db16dfc116c0708d19d27208d9bfc990c1,tests/test_api.py::test_markets_endpoints,failed,False
datapungibea,https://github.com/jjotterson/datapungibea,fe3b262b7e2ceffd12621693c94af9b6cc43e408,datapungibea/tests/test_driversCI.py::test_NIPAVintage,failed,False
deezload,https://github.com/vanyakosmos/deezload,8a25f4657d648a3c70b6287a9828cec724c8fa0e,tests/test_base.py::BaseTests::test_playlist_writer,failed,True
devtracker,https://github.com/ConSou/devtracker,ea892d6d48aa5d4627b429469b59ae3f0ce7f10f,devtracker/test_devtracker.py::test_current_status,failed,False
devtracker,https://github.com/ConSou/devtracker,ea892d6d48aa5d4627b429469b59ae3f0ce7f10f,devtracker/test_devtracker.py::test_full_report,failed,False
devtracker,https://github.com/ConSou/devtracker,ea892d6d48aa5d4627b429469b59ae3f0ce7f10f,devtracker/test_devtracker.py::test_make_project_csv_initalize,failed,True
devtracker,https://github.com/ConSou/devtracker,ea892d6d48aa5d4627b429469b59ae3f0ce7f10f,devtracker/test_devtracker.py::test_start_time,failed,True
dockerpy-creds,https://github.com/shin-/dockerpy-creds,9c0b66d2e445a838e1518f2c3273df7ddc7ec0d4,tests/store_test.py::TestStore::test_execute_with_env_override,error,False
draft,https://github.com/edelgm6/draft,bdd813dfeb914b91c857f8a6675c86c7972555b3,tests/test_cli.py::TestGenerateProject::test_generate_file_tree,failed,True
draft,https://github.com/edelgm6/draft,bdd813dfeb914b91c857f8a6675c86c7972555b3,tests/test_generator.py::TestFileTree::test_generate_file_tree,failed,True
easy_python_requirements,https://github.com/tjdevries/easy_python_requirements,2bf905f34065637cbc781d17d8e5806892fb66d5,test/test_mock_functions.py::test_mock_class_update,failed,False
edk2-pytool-library,https://github.com/tianocore/edk2-pytool-library,ab6bac82f297b4e8fe0a0d4dcde4711b3cb1bc88,edk2toollib/acpi/ivrs_parser_test.py::IvrsParserTest::test_ivrs_parser_ivrs_full,failed,False
envyaml,https://github.com/thesimj/envyaml,79a220cabb69d71397310d941de205610cf5e4cb,tests/test_envyaml.py::test_it_should_not_fail_when_try_load_non_exist_default_file,failed,False
eppy,https://github.com/santoshphilip/eppy,98e58583dce6c0fcec9c7b1ff1142bae0a67ddc7,eppy/tests/test_modeleditor.py::test_idd_index,failed,False
eyeflask,https://github.com/n8henrie/eyeflask,0fc6b042aac6e30885ecb2d6817fb67fad6e07d4,tests/test_eyeflask.py::test_photostatus,failed,False
feature_engine,https://github.com/solegalli/feature_engine,ba4d7050b3923d620c1773b66cd4c51ed24498dd,tests/test_missing_data_imputer.py::test_EndTailImputer,failed,True
feature_engine,https://github.com/solegalli/feature_engine,ba4d7050b3923d620c1773b66cd4c51ed24498dd,tests/test_missing_data_imputer.py::test_MeanMedianImputer,failed,True
findatabroker,https://github.com/tomerten/findatabroker,204c433d51e2d2de5c132a4607cd504809fd4a71,FinDataBroker/tests/test_mongo.py::test__load___ok,failed,False
fish_base,https://github.com/chinapnr/fish_base,1615ccff9106bf42fc6ae862cd13353c12c1b76d,test/test_logger.py::TestFishLogging::test_format3,failed,False
fishbase,https://github.com/chinapnr/fishbase,1615ccff9106bf42fc6ae862cd13353c12c1b76d,test/test_logger.py::TestFishLogging::test_format3,failed,False
flask-apify,https://github.com/vitalk/flask-apify,f486d2616575be0e460ccf354d22badb7d68b387,tests/test_serializers.py::TestJSONPSerializer::test_support_custom_callback_name,failed,False
flask-apify,https://github.com/vitalk/flask-apify,f486d2616575be0e460ccf354d22badb7d68b387,tests/test_serializers.py::TestJSONPSerializer::test_use_callback_function_from_request_arguments_to_wrap_output,failed,False
flask-ipban,https://github.com/Martlark/flask-ipban,882a25495be55609e5d9a058b8139b78836d64d4,flask_ipban/test_persistence.py::IpBanPersistence2::runTest,failed,False
flask-request-logger,https://github.com/BbsonLin/flask-request-logger,26b87d56cf1dffb3f8d6a2ca8c2b1873b9d6a65e,tests/test_api.py::test_req_log,error,True
flask-request-logger,https://github.com/BbsonLin/flask-request-logger,26b87d56cf1dffb3f8d6a2ca8c2b1873b9d6a65e,tests/test_api.py::test_resp_log,error,True
flask-request-logger,https://github.com/BbsonLin/flask-request-logger,26b87d56cf1dffb3f8d6a2ca8c2b1873b9d6a65e,tests/test_database.py::test_db_exist,error,True
flask-rest-jsonapi,https://github.com/miLibris/flask-rest-jsonapi,b44bc08b11213d49fadae873650d3555889052ec,tests/test_sqlalchemy_data_layer.py::test_sqlalchemy_data_layer_get_relationship_field_not_found,failed,False
flask-sqlalchemy-booster,https://github.com/SuryaSankar/flask-sqlalchemy-booster,e43980e29a18e725d791b87ce1b677470bbaf22c,tests/test_view_boosters/test_todo_list_api/test_api_endpoints.py::test_task_filtering,failed,False
flask-sqlalchemy-booster,https://github.com/SuryaSankar/flask-sqlalchemy-booster,e43980e29a18e725d791b87ce1b677470bbaf22c,tests/test_view_boosters/test_todo_list_api/test_api_endpoints.py::test_task_get,failed,False
flask-sqlalchemy-booster,https://github.com/SuryaSankar/flask-sqlalchemy-booster,e43980e29a18e725d791b87ce1b677470bbaf22c,tests/test_view_boosters/test_todo_list_api/test_api_endpoints.py::test_task_updation,failed,False
fooof,https://github.com/voytekresearch/fooof,7a520c4f8ac3a44f4f18dc025b5e5d40049c9f2b,fooof/tests/core/test_io.py::test_load_file_contents,failed,False
fooof,https://github.com/voytekresearch/fooof,7a520c4f8ac3a44f4f18dc025b5e5d40049c9f2b,fooof/tests/core/test_io.py::test_load_json_fobj,failed,False
fooof,https://github.com/voytekresearch/fooof,7a520c4f8ac3a44f4f18dc025b5e5d40049c9f2b,fooof/tests/core/test_io.py::test_load_json_str,failed,False
fooof,https://github.com/voytekresearch/fooof,7a520c4f8ac3a44f4f18dc025b5e5d40049c9f2b,fooof/tests/core/test_io.py::test_load_jsonlines,failed,False
fooof,https://github.com/voytekresearch/fooof,7a520c4f8ac3a44f4f18dc025b5e5d40049c9f2b,fooof/tests/objs/test_fit.py::test_fooof_load,failed,False
fooof,https://github.com/voytekresearch/fooof,7a520c4f8ac3a44f4f18dc025b5e5d40049c9f2b,fooof/tests/objs/test_group.py::test_fg_load,failed,False
fooof,https://github.com/voytekresearch/fooof,7a520c4f8ac3a44f4f18dc025b5e5d40049c9f2b,fooof/tests/utils/test_download.py::test_check_data_file,failed,False
fooof,https://github.com/voytekresearch/fooof,7a520c4f8ac3a44f4f18dc025b5e5d40049c9f2b,fooof/tests/utils/test_io.py::test_load_fooof,failed,False
fooof,https://github.com/voytekresearch/fooof,7a520c4f8ac3a44f4f18dc025b5e5d40049c9f2b,fooof/tests/utils/test_io.py::test_load_fooofgroup,failed,False
freesia,https://github.com/AuraiProject/freesia,16834c17725edac74eb50fc5ce2ff1db6f3f4840,tests/test_route.py::RouteTestCase::test_url_match,failed,False
ghost,https://github.com/nir0s/ghost,77da967a4577ca4cf100cfe34e87b39ad88bf21c,tests/test_ghost.py::TestCLI::test_init_already_initialized,failed,True
ghost,https://github.com/nir0s/ghost,77da967a4577ca4cf100cfe34e87b39ad88bf21c,tests/test_ghost.py::TestCLI::test_init_permission_denied_on_passphrase,failed,True
ghost,https://github.com/nir0s/ghost,77da967a4577ca4cf100cfe34e87b39ad88bf21c,tests/test_ghost.py::TestStash::test_broken_is_initialized,failed,True
gwopensci,https://github.com/duncanmmacleod/gwopensci,06b56ce506fda3af4857c8a1aae7bb60fb1925e9,gwosc/tests/test_datasets.py::test_find_datasets_type,failed,True
hirefire,https://github.com/ryanhiebert/hirefire,cf8686d127cc914cea350350b5bfe8acfa4163ce,tests/contrib/django/test_middleware.py::TestHireFireMiddleware::test_token,failed,False
iatikit,https://github.com/codeforIATI/iatikit,22193fd7aa76b9cc9de4ff853a981cb50e508049,tests/test_activity.py::TestActivity::test_activity_sector,failed,False
iexfinance,https://github.com/addisonlynch/iexfinance,e502c671643a10121dd423c5665adc56b982199b,iexfinance/tests/stocks/test_endpoints.py::TestHistorical::test_invalid_dates,failed,False
iexfinance,https://github.com/addisonlynch/iexfinance,e502c671643a10121dd423c5665adc56b982199b,iexfinance/tests/stocks/test_endpoints.py::TestHistorical::test_invalid_dates_batch,failed,False
iexfinance,https://github.com/addisonlynch/iexfinance,e502c671643a10121dd423c5665adc56b982199b,iexfinance/tests/stocks/test_endpoints.py::TestHistorical::test_reader_chart_range,failed,False
iexfinance,https://github.com/addisonlynch/iexfinance,e502c671643a10121dd423c5665adc56b982199b,iexfinance/tests/test_altdata.py::TestSocialSentiment::test_social_url[20190101-None-/stock/AAPL/sentiment/daily/20190101],failed,False
iexfinance,https://github.com/addisonlynch/iexfinance,e502c671643a10121dd423c5665adc56b982199b,iexfinance/tests/test_altdata.py::TestSocialSentiment::test_social_url[20190101-minute-/stock/AAPL/sentiment/minute/20190101],failed,False
iexfinance,https://github.com/addisonlynch/iexfinance,e502c671643a10121dd423c5665adc56b982199b,iexfinance/tests/test_altdata.py::TestSocialSentiment::test_social_url[None-None-/stock/AAPL/sentiment/daily],failed,False
iexfinance,https://github.com/addisonlynch/iexfinance,e502c671643a10121dd423c5665adc56b982199b,iexfinance/tests/test_auth.py::TestAuth::test_cloud_fails_no_token,error,False
iexfinance,https://github.com/addisonlynch/iexfinance,e502c671643a10121dd423c5665adc56b982199b,iexfinance/tests/test_auth.py::TestAuth::test_stock_quote_fails_no_key,error,False
iexfinance,https://github.com/addisonlynch/iexfinance,e502c671643a10121dd423c5665adc56b982199b,iexfinance/tests/test_base.py::TestBase::test_all_defaults,failed,False
iexfinance,https://github.com/addisonlynch/iexfinance,e502c671643a10121dd423c5665adc56b982199b,iexfinance/tests/test_base.py::TestBase::test_output_format_env,failed,False
iexfinance,https://github.com/addisonlynch/iexfinance,e502c671643a10121dd423c5665adc56b982199b,iexfinance/tests/test_base.py::TestBase::test_output_format_passed,failed,False
instabot,https://github.com/instagrambot/instabot,d68b55015322898c3842c92dcc5989581043252e,tests/test_bot_like.py::TestBotGet::test_like_medias[medias0],failed,False
instabot,https://github.com/instagrambot/instabot,d68b55015322898c3842c92dcc5989581043252e,tests/test_bot_like.py::TestBotGet::test_like_user[12345678900],failed,False
instabot,https://github.com/instagrambot/instabot,d68b55015322898c3842c92dcc5989581043252e,tests/test_bot_like.py::TestBotGet::test_like_user[12345678901],failed,False
instabot,https://github.com/instagrambot/instabot,d68b55015322898c3842c92dcc5989581043252e,tests/test_bot_like.py::TestBotGet::test_like_users[user_ids0],failed,False
instabot,https://github.com/instagrambot/instabot,d68b55015322898c3842c92dcc5989581043252e,tests/test_bot_like.py::TestBotGet::test_like_users[user_ids1],failed,False
instabot,https://github.com/instagrambot/instabot,d68b55015322898c3842c92dcc5989581043252e,tests/test_bot_unlike.py::TestBotFilter::test_unlike_user,failed,False
jgutils,https://github.com/jerodg/jgutils,6c8ed6aca37d509af8ce1b57635fad62f1c846b4,jgutils/tests/test_persistentdict.py::TestPersistentDict::test_file_creation2,failed,False
json-storage-manager,https://github.com/hefnawi/json-storage-manager,c7521fc4a576cf23a8c2454106bed6fb8c951b8d,tests/test_main.py::test_get_item,failed,False
json-storage-manager,https://github.com/hefnawi/json-storage-manager,c7521fc4a576cf23a8c2454106bed6fb8c951b8d,tests/test_main.py::test_set_item_fail,failed,False
json-storage-manager,https://github.com/hefnawi/json-storage-manager,c7521fc4a576cf23a8c2454106bed6fb8c951b8d,tests/test_main.py::test_update_item,failed,False
logparser,https://github.com/my8100/logparser,ed7948b271884af68eb3bb13fa9ee51a4892552c,tests/test_telnet.py::test_disable_telnet,failed,False
logzero,https://github.com/metachris/logzero,b5d49fc2b118c370994c4ae5360d7c246d43ddc8,tests/test_logzero.py::test_default_logger_stderr_output,failed,False
moyasar-python,https://github.com/moyasar/moyasar-python,aa8716ae3f98f8782141abe6869dfbb90af98b62,tests/moyasar_test.py::test_request_should_return_json_object,failed,False
neon,https://github.com/mrmechko/neon,42ad78e3d79583a93abce6d06b81dafc29017514,tests/basic_tests.py::test_dont_memoize,failed,False
parse_it,https://github.com/naorlivne/parse_it,886d7de0e74e67edc136411a5220e35c1149e743,test/test_prase_it.py::BaseTests::test_parser_read_all_configuration_variables_raise_allowed_types_error,failed,False
pdl,https://github.com/zerotosingularity/pdl,fd39c391101b3fe315631565a0f4eb7c99890789,tests/test_pdl.py::test_no_archive_url,failed,False
pint,https://github.com/hgrecco/pint,3d99581a808f8c0b5445bb43820a2b82815425d1,pint/testsuite/test_non_int.py::NonIntTypeQuantityTestOffsetUnitMathDecimal::test_multiplication_with_scalar_00003,failed,False
pint,https://github.com/hgrecco/pint,3d99581a808f8c0b5445bb43820a2b82815425d1,pint/testsuite/test_non_int.py::NonIntTypeQuantityTestOffsetUnitMathFloat::test_multiplication_with_scalar_00003,failed,False
pint,https://github.com/hgrecco/pint,3d99581a808f8c0b5445bb43820a2b82815425d1,pint/testsuite/test_non_int.py::NonIntTypeQuantityTestOffsetUnitMathFraction::test_multiplication_with_scalar_00003,failed,False
pip-validate,https://github.com/ohjeah/pip-validate,9651b4dd6a252650c3a707218054b1baadc8b944,test_pip_validate.py::test_match_to_alias,failed,True
pip-validate,https://github.com/ohjeah/pip-validate,9651b4dd6a252650c3a707218054b1baadc8b944,test_pip_validate.py::test_validate_imports_alias,failed,True
puppetboard,https://github.com/voxpupuli/puppetboard,974c51ad6c08d99662ba013789565f63cd431b03,test/test_app.py::test_catalogs_json,failed,False
puppetboard,https://github.com/voxpupuli/puppetboard,974c51ad6c08d99662ba013789565f63cd431b03,test/test_app.py::test_catalogs_json_compare,failed,False
puppetboard,https://github.com/voxpupuli/puppetboard,974c51ad6c08d99662ba013789565f63cd431b03,test/test_app.py::test_radiator_view_bad_env,failed,False
pyTrnsysType,https://github.com/samuelduchesne/pyTrnsysType,6cf552e4ccd66f7b728e84654e580befe2061114,tests/test_xml.py::TestTrnsysModel::test_get_attr_derivative,error,True
pybrake,https://github.com/airbrake/pybrake,9bf82941d8bf521055b258cea91596a11e4eb81f,pybrake/test_notifier.py::test_unauthorized,passed,True
pymdb,https://github.com/zembrodt/pymdb,bca5a414fdcdbbc1f86ed5b284945665c1edf43f,tests/test_scraper.py::TestGetCompany::test_get_company_multiple_pages,failed,True
pymerkle,https://github.com/FoteinosMerg/pymerkle,5318009e04b2ae44e194b8435ef181aa67ab8b9a,tree/test_structure.py::test_2_leaves,failed,False
pynoorm,https://github.com/jpeyret/pynoorm,d6f7e0e102bb0eb4865beff75cf671b560ebc8b2,pynoorm/tests/test_pynoorm.py::Sqlite3::test_009_like,failed,False
pyserverpilot,https://github.com/opper/pyserverpilot,b6b896fea1155fa95febde84f74e0d2230523ab0,tests/test_app.py::TestApp::test_add_ssl,failed,False
pyserverpilot,https://github.com/opper/pyserverpilot,b6b896fea1155fa95febde84f74e0d2230523ab0,tests/test_app.py::TestApp::test_enable_force_ssl,failed,False
pyserverpilot,https://github.com/opper/pyserverpilot,b6b896fea1155fa95febde84f74e0d2230523ab0,tests/test_app.py::TestApp::test_get_app,failed,False
pyserverpilot,https://github.com/opper/pyserverpilot,b6b896fea1155fa95febde84f74e0d2230523ab0,tests/test_app.py::TestApp::test_update_app_validation,failed,False
pyserverpilot,https://github.com/opper/pyserverpilot,b6b896fea1155fa95febde84f74e0d2230523ab0,tests/test_db.py::TestDb::test_get_db,failed,False
pyserverpilot,https://github.com/opper/pyserverpilot,b6b896fea1155fa95febde84f74e0d2230523ab0,tests/test_db.py::TestDb::test_update_db,failed,False
pytenable,https://github.com/tenable/pytenable,79c769cf22799125c39fa9fb86c5ef333beb96b4,tests/io/test_access_groups.py::test_access_group_edit_success,error,False
pytenable,https://github.com/tenable/pytenable,79c769cf22799125c39fa9fb86c5ef333beb96b4,tests/io/test_access_groups.py::test_access_groups_create_all_users_typeerror,failed,False
pytenable,https://github.com/tenable/pytenable,79c769cf22799125c39fa9fb86c5ef333beb96b4,tests/io/test_access_groups.py::test_access_groups_create_success,error,False
pytenable,https://github.com/tenable/pytenable,79c769cf22799125c39fa9fb86c5ef333beb96b4,tests/io/test_access_groups.py::test_access_groups_delete_success,error,False
pytenable,https://github.com/tenable/pytenable,79c769cf22799125c39fa9fb86c5ef333beb96b4,tests/io/test_access_groups.py::test_access_groups_details_success,error,False
pytenable,https://github.com/tenable/pytenable,79c769cf22799125c39fa9fb86c5ef333beb96b4,tests/io/test_access_groups.py::test_access_groups_list,failed,False
pytenable,https://github.com/tenable/pytenable,79c769cf22799125c39fa9fb86c5ef333beb96b4,tests/io/test_access_groups.py::test_access_groups_list_filter_name_typeerror,failed,False
pytenable,https://github.com/tenable/pytenable,79c769cf22799125c39fa9fb86c5ef333beb96b4,tests/io/test_access_groups.py::test_access_groups_list_filter_operator_typeerror,failed,False
pytenable,https://github.com/tenable/pytenable,79c769cf22799125c39fa9fb86c5ef333beb96b4,tests/io/test_access_groups.py::test_access_groups_list_filter_type_typeerror,failed,False
pytenable,https://github.com/tenable/pytenable,79c769cf22799125c39fa9fb86c5ef333beb96b4,tests/io/test_access_groups.py::test_access_groups_list_filter_value_typeerror,failed,False
pytenable,https://github.com/tenable/pytenable,79c769cf22799125c39fa9fb86c5ef333beb96b4,tests/io/test_access_groups.py::test_access_groups_list_limit_typeerror,failed,False
pytenable,https://github.com/tenable/pytenable,79c769cf22799125c39fa9fb86c5ef333beb96b4,tests/io/test_access_groups.py::test_access_groups_list_sort_direction_typeerror,failed,False
pytenable,https://github.com/tenable/pytenable,79c769cf22799125c39fa9fb86c5ef333beb96b4,tests/io/test_access_groups.py::test_access_groups_list_sort_direction_unexpectedvalue,failed,False
pytenable,https://github.com/tenable/pytenable,79c769cf22799125c39fa9fb86c5ef333beb96b4,tests/io/test_access_groups.py::test_access_groups_list_sort_field_typeerror,failed,False
pytenable,https://github.com/tenable/pytenable,79c769cf22799125c39fa9fb86c5ef333beb96b4,tests/io/test_access_groups.py::test_access_groups_list_wildcard_fields_typeerror,failed,False
pytenable,https://github.com/tenable/pytenable,79c769cf22799125c39fa9fb86c5ef333beb96b4,tests/io/test_access_groups.py::test_access_groups_list_wildcard_typeerror,failed,False
pytenable,https://github.com/tenable/pytenable,79c769cf22799125c39fa9fb86c5ef333beb96b4,tests/io/test_agent_groups.py::test_agentgroups_add_mult_agents_to_group,failed,False
pytenable,https://github.com/tenable/pytenable,79c769cf22799125c39fa9fb86c5ef333beb96b4,tests/io/test_agent_groups.py::test_agentgroups_delete_agent_from_group,error,False
pytenable,https://github.com/tenable/pytenable,79c769cf22799125c39fa9fb86c5ef333beb96b4,tests/io/test_agent_groups.py::test_agentgroups_delete_mult_agents_from_group,failed,False
pytenable,https://github.com/tenable/pytenable,79c769cf22799125c39fa9fb86c5ef333beb96b4,tests/io/test_agent_groups.py::test_agentgroups_task_status,failed,False
pytenable,https://github.com/tenable/pytenable,79c769cf22799125c39fa9fb86c5ef333beb96b4,tests/io/test_agents.py::test_agents_details_agent_details,error,False
pytenable,https://github.com/tenable/pytenable,79c769cf22799125c39fa9fb86c5ef333beb96b4,tests/io/test_agents.py::test_agents_list,failed,False
pytenable,https://github.com/tenable/pytenable,79c769cf22799125c39fa9fb86c5ef333beb96b4,tests/io/test_agents.py::test_agents_list_filter_name_typeerror,failed,False
pytenable,https://github.com/tenable/pytenable,79c769cf22799125c39fa9fb86c5ef333beb96b4,tests/io/test_agents.py::test_agents_list_filter_operator_typeerror,failed,False
pytenable,https://github.com/tenable/pytenable,79c769cf22799125c39fa9fb86c5ef333beb96b4,tests/io/test_agents.py::test_agents_list_filter_type_typeerror,failed,False
pytenable,https://github.com/tenable/pytenable,79c769cf22799125c39fa9fb86c5ef333beb96b4,tests/io/test_agents.py::test_agents_list_filter_value_typeerror,failed,False
pytenable,https://github.com/tenable/pytenable,79c769cf22799125c39fa9fb86c5ef333beb96b4,tests/io/test_agents.py::test_agents_list_limit_typeerror,failed,False
pytenable,https://github.com/tenable/pytenable,79c769cf22799125c39fa9fb86c5ef333beb96b4,tests/io/test_agents.py::test_agents_list_sort_direction_typeerror,failed,False
pytenable,https://github.com/tenable/pytenable,79c769cf22799125c39fa9fb86c5ef333beb96b4,tests/io/test_agents.py::test_agents_list_sort_direction_unexpectedvalue,failed,False
pytenable,https://github.com/tenable/pytenable,79c769cf22799125c39fa9fb86c5ef333beb96b4,tests/io/test_agents.py::test_agents_list_sort_field_typeerror,failed,False
pytenable,https://github.com/tenable/pytenable,79c769cf22799125c39fa9fb86c5ef333beb96b4,tests/io/test_agents.py::test_agents_list_wildcard_fields_typeerror,failed,False
pytenable,https://github.com/tenable/pytenable,79c769cf22799125c39fa9fb86c5ef333beb96b4,tests/io/test_agents.py::test_agents_list_wildcard_typeerror,failed,False
pytenable,https://github.com/tenable/pytenable,79c769cf22799125c39fa9fb86c5ef333beb96b4,tests/io/test_base.py::test_base_parse_filter_accessgroup,error,False
pytenable,https://github.com/tenable/pytenable,79c769cf22799125c39fa9fb86c5ef333beb96b4,tests/io/test_base.py::test_base_parse_filter_colon,error,False
pytenable,https://github.com/tenable/pytenable,79c769cf22799125c39fa9fb86c5ef333beb96b4,tests/io/test_base.py::test_base_parse_filter_sjson,error,False
pytenable,https://github.com/tenable/pytenable,79c769cf22799125c39fa9fb86c5ef333beb96b4,tests/io/test_base.py::test_base_parse_filters_json,error,False
pytenable,https://github.com/tenable/pytenable,79c769cf22799125c39fa9fb86c5ef333beb96b4,tests/io/test_scans.py::test_scan_export_bytesio,failed,False
pytenable,https://github.com/tenable/pytenable,79c769cf22799125c39fa9fb86c5ef333beb96b4,tests/io/test_scans.py::test_scan_export_chapters_typeerror,failed,False
pytenable,https://github.com/tenable/pytenable,79c769cf22799125c39fa9fb86c5ef333beb96b4,tests/io/test_scans.py::test_scan_export_chapters_unexpectedvalueerror,failed,False
pytenable,https://github.com/tenable/pytenable,79c769cf22799125c39fa9fb86c5ef333beb96b4,tests/io/test_scans.py::test_scan_export_file_object,failed,False
pytenable,https://github.com/tenable/pytenable,79c769cf22799125c39fa9fb86c5ef333beb96b4,tests/io/test_scans.py::test_scan_export_filter_type_typeerror,failed,False
pytenable,https://github.com/tenable/pytenable,79c769cf22799125c39fa9fb86c5ef333beb96b4,tests/io/test_scans.py::test_scan_export_filter_type_unexpectedvalueerror,failed,False
pytenable,https://github.com/tenable/pytenable,79c769cf22799125c39fa9fb86c5ef333beb96b4,tests/io/test_scans.py::test_scan_export_format_typeerror,failed,False
pytenable,https://github.com/tenable/pytenable,79c769cf22799125c39fa9fb86c5ef333beb96b4,tests/io/test_scans.py::test_scan_export_format_unexpectedvalueerror,failed,False
pytenable,https://github.com/tenable/pytenable,79c769cf22799125c39fa9fb86c5ef333beb96b4,tests/io/test_scans.py::test_scan_export_history_id_typeerror,failed,False
pytenable,https://github.com/tenable/pytenable,79c769cf22799125c39fa9fb86c5ef333beb96b4,tests/io/test_scans.py::test_scan_export_password_typeerror,failed,False
pytenable,https://github.com/tenable/pytenable,79c769cf22799125c39fa9fb86c5ef333beb96b4,tests/io/test_scans.py::test_scan_export_was,failed,False
pytenable,https://github.com/tenable/pytenable,79c769cf22799125c39fa9fb86c5ef333beb96b4,tests/io/test_scans.py::test_scan_export_was_typeerror,failed,False
pytenable,https://github.com/tenable/pytenable,79c769cf22799125c39fa9fb86c5ef333beb96b4,tests/io/test_scans.py::test_scan_import_scan,failed,False
pytenable,https://github.com/tenable/pytenable,79c769cf22799125c39fa9fb86c5ef333beb96b4,tests/io/test_workbenches.py::test_workbench_asset_activity,failed,False
pytenable,https://github.com/tenable/pytenable,79c769cf22799125c39fa9fb86c5ef333beb96b4,tests/io/test_workbenches.py::test_workbench_asset_info,failed,False
pytenable,https://github.com/tenable/pytenable,79c769cf22799125c39fa9fb86c5ef333beb96b4,tests/io/test_workbenches.py::test_workbench_asset_vuln_info,failed,False
pytenable,https://github.com/tenable/pytenable,79c769cf22799125c39fa9fb86c5ef333beb96b4,tests/io/test_workbenches.py::test_workbench_asset_vuln_info_age_typeerror,failed,False
pytenable,https://github.com/tenable/pytenable,79c769cf22799125c39fa9fb86c5ef333beb96b4,tests/io/test_workbenches.py::test_workbench_asset_vuln_info_filter_type_typeerror,failed,False
pytenable,https://github.com/tenable/pytenable,79c769cf22799125c39fa9fb86c5ef333beb96b4,tests/io/test_workbenches.py::test_workbench_asset_vuln_info_filter_type_unexpectedvalueerror,failed,False
pytenable,https://github.com/tenable/pytenable,79c769cf22799125c39fa9fb86c5ef333beb96b4,tests/io/test_workbenches.py::test_workbench_asset_vuln_info_invalid_filter,failed,False
pytenable,https://github.com/tenable/pytenable,79c769cf22799125c39fa9fb86c5ef333beb96b4,tests/io/test_workbenches.py::test_workbench_asset_vuln_info_plugin_id_typeerror,failed,False
pytenable,https://github.com/tenable/pytenable,79c769cf22799125c39fa9fb86c5ef333beb96b4,tests/io/test_workbenches.py::test_workbench_asset_vuln_info_uuid_typeerror,failed,False
pytenable,https://github.com/tenable/pytenable,79c769cf22799125c39fa9fb86c5ef333beb96b4,tests/io/test_workbenches.py::test_workbench_asset_vuln_info_uuid_unexpectedvalueerror,failed,False
pytenable,https://github.com/tenable/pytenable,79c769cf22799125c39fa9fb86c5ef333beb96b4,tests/io/test_workbenches.py::test_workbench_asset_vuln_output,failed,False
pytenable,https://github.com/tenable/pytenable,79c769cf22799125c39fa9fb86c5ef333beb96b4,tests/io/test_workbenches.py::test_workbench_asset_vuln_output_age_typeerror,failed,False
pytenable,https://github.com/tenable/pytenable,79c769cf22799125c39fa9fb86c5ef333beb96b4,tests/io/test_workbenches.py::test_workbench_asset_vuln_output_filter_type_typeerror,failed,False
pytenable,https://github.com/tenable/pytenable,79c769cf22799125c39fa9fb86c5ef333beb96b4,tests/io/test_workbenches.py::test_workbench_asset_vuln_output_filter_type_unexpectedvalueerror,failed,False
pytenable,https://github.com/tenable/pytenable,79c769cf22799125c39fa9fb86c5ef333beb96b4,tests/io/test_workbenches.py::test_workbench_asset_vuln_output_invalid_filter,failed,False
pytenable,https://github.com/tenable/pytenable,79c769cf22799125c39fa9fb86c5ef333beb96b4,tests/io/test_workbenches.py::test_workbench_asset_vuln_output_plugin_id_typeerror,failed,False
pytenable,https://github.com/tenable/pytenable,79c769cf22799125c39fa9fb86c5ef333beb96b4,tests/io/test_workbenches.py::test_workbench_asset_vuln_output_uuid_typeerror,failed,False
pytenable,https://github.com/tenable/pytenable,79c769cf22799125c39fa9fb86c5ef333beb96b4,tests/io/test_workbenches.py::test_workbench_asset_vuln_output_uuid_unexpectedvalueerror,failed,False
pytenable,https://github.com/tenable/pytenable,79c769cf22799125c39fa9fb86c5ef333beb96b4,tests/io/test_workbenches.py::test_workbench_asset_vulns,failed,False
pytenable,https://github.com/tenable/pytenable,79c769cf22799125c39fa9fb86c5ef333beb96b4,tests/io/test_workbenches.py::test_workbench_asset_vulns_age_typeerror,failed,False
pytenable,https://github.com/tenable/pytenable,79c769cf22799125c39fa9fb86c5ef333beb96b4,tests/io/test_workbenches.py::test_workbench_asset_vulns_filter_type_typeerror,failed,False
pytenable,https://github.com/tenable/pytenable,79c769cf22799125c39fa9fb86c5ef333beb96b4,tests/io/test_workbenches.py::test_workbench_asset_vulns_filter_type_unexpectedvalueerror,failed,False
pytenable,https://github.com/tenable/pytenable,79c769cf22799125c39fa9fb86c5ef333beb96b4,tests/io/test_workbenches.py::test_workbench_asset_vulns_filtered,failed,False
pytenable,https://github.com/tenable/pytenable,79c769cf22799125c39fa9fb86c5ef333beb96b4,tests/io/test_workbenches.py::test_workbench_asset_vulns_invalid_filter,failed,False
pytenable,https://github.com/tenable/pytenable,79c769cf22799125c39fa9fb86c5ef333beb96b4,tests/io/test_workbenches.py::test_workbench_assets,failed,False
pytenable,https://github.com/tenable/pytenable,79c769cf22799125c39fa9fb86c5ef333beb96b4,tests/io/test_workbenches.py::test_workbench_assets_bad_filter,failed,False
pytenable,https://github.com/tenable/pytenable,79c769cf22799125c39fa9fb86c5ef333beb96b4,tests/io/test_workbenches.py::test_workbench_assets_filter_type_unexpectedvalueerror,failed,False
pytenable,https://github.com/tenable/pytenable,79c769cf22799125c39fa9fb86c5ef333beb96b4,tests/io/test_workbenches.py::test_workbench_assets_filter_tyype_typeerror,failed,False
pytenable,https://github.com/tenable/pytenable,79c769cf22799125c39fa9fb86c5ef333beb96b4,tests/io/test_workbenches.py::test_workbench_assets_filtered,failed,False
pytenable,https://github.com/tenable/pytenable,79c769cf22799125c39fa9fb86c5ef333beb96b4,tests/io/test_workbenches.py::test_workbench_export,failed,False
pytenable,https://github.com/tenable/pytenable,79c769cf22799125c39fa9fb86c5ef333beb96b4,tests/io/test_workbenches.py::test_workbench_export_asset_uuid,failed,False
pytenable,https://github.com/tenable/pytenable,79c769cf22799125c39fa9fb86c5ef333beb96b4,tests/io/test_workbenches.py::test_workbench_export_asset_uuid_typeerror,failed,False
pytenable,https://github.com/tenable/pytenable,79c769cf22799125c39fa9fb86c5ef333beb96b4,tests/io/test_workbenches.py::test_workbench_export_asset_uuid_unexpectedvalueerror,failed,False
pytenable,https://github.com/tenable/pytenable,79c769cf22799125c39fa9fb86c5ef333beb96b4,tests/io/test_workbenches.py::test_workbench_export_chapters_typeerror,failed,False
pytenable,https://github.com/tenable/pytenable,79c769cf22799125c39fa9fb86c5ef333beb96b4,tests/io/test_workbenches.py::test_workbench_export_chapters_unexpectedvalueerror,failed,False
pytenable,https://github.com/tenable/pytenable,79c769cf22799125c39fa9fb86c5ef333beb96b4,tests/io/test_workbenches.py::test_workbench_export_filter_type_typeerror,failed,False
pytenable,https://github.com/tenable/pytenable,79c769cf22799125c39fa9fb86c5ef333beb96b4,tests/io/test_workbenches.py::test_workbench_export_filter_type_unexpectedvalueerror,failed,False
pytenable,https://github.com/tenable/pytenable,79c769cf22799125c39fa9fb86c5ef333beb96b4,tests/io/test_workbenches.py::test_workbench_export_format_typeerror,failed,False
pytenable,https://github.com/tenable/pytenable,79c769cf22799125c39fa9fb86c5ef333beb96b4,tests/io/test_workbenches.py::test_workbench_export_format_unexpectedvalueerror,failed,False
pytenable,https://github.com/tenable/pytenable,79c769cf22799125c39fa9fb86c5ef333beb96b4,tests/io/test_workbenches.py::test_workbench_export_missing_chapters,failed,False
pytenable,https://github.com/tenable/pytenable,79c769cf22799125c39fa9fb86c5ef333beb96b4,tests/io/test_workbenches.py::test_workbench_export_plugin_id,failed,False
pytenable,https://github.com/tenable/pytenable,79c769cf22799125c39fa9fb86c5ef333beb96b4,tests/io/test_workbenches.py::test_workbench_export_plugin_id_typeerror,failed,False
pytenable,https://github.com/tenable/pytenable,79c769cf22799125c39fa9fb86c5ef333beb96b4,tests/io/test_workbenches.py::test_workbench_vuln_assets,failed,False
pytenable,https://github.com/tenable/pytenable,79c769cf22799125c39fa9fb86c5ef333beb96b4,tests/io/test_workbenches.py::test_workbench_vuln_info,failed,False
pytenable,https://github.com/tenable/pytenable,79c769cf22799125c39fa9fb86c5ef333beb96b4,tests/io/test_workbenches.py::test_workbench_vuln_info_age_typeerror,failed,False
pytenable,https://github.com/tenable/pytenable,79c769cf22799125c39fa9fb86c5ef333beb96b4,tests/io/test_workbenches.py::test_workbench_vuln_info_filter_type_typeerror,failed,False
pytenable,https://github.com/tenable/pytenable,79c769cf22799125c39fa9fb86c5ef333beb96b4,tests/io/test_workbenches.py::test_workbench_vuln_info_filter_type_unexpectedvalueerror,failed,False
pytenable,https://github.com/tenable/pytenable,79c769cf22799125c39fa9fb86c5ef333beb96b4,tests/io/test_workbenches.py::test_workbench_vuln_info_plugin_id_typeerror,failed,False
pytenable,https://github.com/tenable/pytenable,79c769cf22799125c39fa9fb86c5ef333beb96b4,tests/io/test_workbenches.py::test_workbench_vuln_outputs,failed,False
pytenable,https://github.com/tenable/pytenable,79c769cf22799125c39fa9fb86c5ef333beb96b4,tests/io/test_workbenches.py::test_workbench_vuln_outputs_age_typeerror,failed,False
pytenable,https://github.com/tenable/pytenable,79c769cf22799125c39fa9fb86c5ef333beb96b4,tests/io/test_workbenches.py::test_workbench_vuln_outputs_filter_type_typeerror,failed,False
pytenable,https://github.com/tenable/pytenable,79c769cf22799125c39fa9fb86c5ef333beb96b4,tests/io/test_workbenches.py::test_workbench_vuln_outputs_filter_type_unexpectedvalueerror,failed,False
pytenable,https://github.com/tenable/pytenable,79c769cf22799125c39fa9fb86c5ef333beb96b4,tests/io/test_workbenches.py::test_workbench_vuln_outputs_plugin_id_typeerror,failed,False
pytenable,https://github.com/tenable/pytenable,79c769cf22799125c39fa9fb86c5ef333beb96b4,tests/io/test_workbenches.py::test_workbench_vulns,failed,False
pytenable,https://github.com/tenable/pytenable,79c769cf22799125c39fa9fb86c5ef333beb96b4,tests/io/test_workbenches.py::test_workbench_vulns_age_typeerror,failed,False
pytenable,https://github.com/tenable/pytenable,79c769cf22799125c39fa9fb86c5ef333beb96b4,tests/io/test_workbenches.py::test_workbench_vulns_authenticated_typeerror,failed,False
pytenable,https://github.com/tenable/pytenable,79c769cf22799125c39fa9fb86c5ef333beb96b4,tests/io/test_workbenches.py::test_workbench_vulns_exploitable_typeerror,failed,False
pytenable,https://github.com/tenable/pytenable,79c769cf22799125c39fa9fb86c5ef333beb96b4,tests/io/test_workbenches.py::test_workbench_vulns_filter_type_typeerror,failed,False
pytenable,https://github.com/tenable/pytenable,79c769cf22799125c39fa9fb86c5ef333beb96b4,tests/io/test_workbenches.py::test_workbench_vulns_filter_type_unexpectedvalueerror,failed,False
pytenable,https://github.com/tenable/pytenable,79c769cf22799125c39fa9fb86c5ef333beb96b4,tests/io/test_workbenches.py::test_workbench_vulns_invalid_filter,failed,False
pytenable,https://github.com/tenable/pytenable,79c769cf22799125c39fa9fb86c5ef333beb96b4,tests/io/test_workbenches.py::test_workbench_vulns_resolvable_typeerror,failed,False
pytenable,https://github.com/tenable/pytenable,79c769cf22799125c39fa9fb86c5ef333beb96b4,tests/io/test_workbenches.py::test_workbench_vulns_severity_typeerror,failed,False
pytenable,https://github.com/tenable/pytenable,79c769cf22799125c39fa9fb86c5ef333beb96b4,tests/io/test_workbenches.py::test_workbench_vulns_severity_unexpectedvalueerror,failed,False
pytest-django,https://github.com/pytest-dev/pytest-django,e613a885b019574e3c60f127539c878b187c914a,tests/test_fixtures.py::TestLiveServer::test_settings_restored,failed,False
pytest-django,https://github.com/pytest-dev/pytest-django,e613a885b019574e3c60f127539c878b187c914a,tests/test_fixtures.py::Test_django_db_blocker::test_unblock_with_block,failed,False
python-ansel,https://github.com/haney/python-ansel,afb2b28d8595beeb1f87e355b611f01e13b8e664,tests/test_incremental.py::test_decode_invalid_raising_error_handler[+],failed,False
python-n26,https://github.com/femueller/python-n26,22cb609efbf5125e36879441ea20d5a1c2a51e98,tests/test_cards.py::CardsTests::test_block_card_cli_all,failed,False
python-n26,https://github.com/femueller/python-n26,22cb609efbf5125e36879441ea20d5a1c2a51e98,tests/test_cards.py::CardsTests::test_block_card_cli_single,failed,False
python-n26,https://github.com/femueller/python-n26,22cb609efbf5125e36879441ea20d5a1c2a51e98,tests/test_cards.py::CardsTests::test_unblock_card_cli_all,failed,False
python-n26,https://github.com/femueller/python-n26,22cb609efbf5125e36879441ea20d5a1c2a51e98,tests/test_cards.py::CardsTests::test_unblock_card_cli_single,failed,False
python-openflow,https://github.com/kytos/python-openflow,a3387a7b28d529a3605aa1506a028e03394e4526,tests/unit/v0x04/test_controller2switch/test_flow_mod.py::TestFlowMod::test_minimum_size,skipped,False
python-resource-container,https://github.com/unfoldingWord-dev/python-resource-container,64d87f900af969f47b20b798cf00c2861435b0d8,tests/container_test.py::TestResourceContainer::test_should_fail_to_load_missing_rc,failed,False
python-resource-container,https://github.com/unfoldingWord-dev/python-resource-container,64d87f900af969f47b20b798cf00c2861435b0d8,tests/container_test.py::TestResourceContainer::test_should_load_a_missing_rc_when_not_in_strict_mode,failed,False
python-telegram-handler,https://github.com/sashgorokhov/python-telegram-handler,4ac0e5cbb6ac3c3f81a57be6b3cea49dfd8e8ec4,tests/test_handlers.py::test_handler_init_without_chat,failed,False
qer,https://github.com/sputt/qer,c77e6777967ee660447beb9522c867a7233ef78d,tests/repos/test_findlinks.py::test_find_links,failed,True
redisqueue,https://github.com/DevKeh/redisqueue,feac4dfc30837e0ab1a55a8479443ea74b2793f2,tests/test_redisqueue.py::test_mock_queue_get_put_same_task,failed,False
redisqueue,https://github.com/DevKeh/redisqueue,feac4dfc30837e0ab1a55a8479443ea74b2793f2,tests/test_redisqueue.py::test_mock_queue_put_get,failed,False
redisqueue,https://github.com/DevKeh/redisqueue,feac4dfc30837e0ab1a55a8479443ea74b2793f2,tests/test_redisqueue.py::test_mock_queue_unique,failed,False
reframe,https://github.com/eth-cscs/reframe,576eb3f1dcc015d1e6d7a10602c748d4f810da68,unittests/test_check_filters.py::TestCheckFilters::test_have_cpu_only,failed,False
reframe,https://github.com/eth-cscs/reframe,576eb3f1dcc015d1e6d7a10602c748d4f810da68,unittests/test_check_filters.py::TestCheckFilters::test_have_gpu_only,failed,False
reframe,https://github.com/eth-cscs/reframe,576eb3f1dcc015d1e6d7a10602c748d4f810da68,unittests/test_check_filters.py::TestCheckFilters::test_have_name,failed,False
reframe,https://github.com/eth-cscs/reframe,576eb3f1dcc015d1e6d7a10602c748d4f810da68,unittests/test_check_filters.py::TestCheckFilters::test_have_not_name,failed,False
reframe,https://github.com/eth-cscs/reframe,576eb3f1dcc015d1e6d7a10602c748d4f810da68,unittests/test_check_filters.py::TestCheckFilters::test_have_prgenv,failed,False
reframe,https://github.com/eth-cscs/reframe,576eb3f1dcc015d1e6d7a10602c748d4f810da68,unittests/test_check_filters.py::TestCheckFilters::test_have_tags,failed,False
reframe,https://github.com/eth-cscs/reframe,576eb3f1dcc015d1e6d7a10602c748d4f810da68,unittests/test_check_filters.py::TestCheckFilters::test_invalid_regex,failed,False
reframe,https://github.com/eth-cscs/reframe,576eb3f1dcc015d1e6d7a10602c748d4f810da68,unittests/test_check_filters.py::TestCheckFilters::test_partition,failed,False
reframe,https://github.com/eth-cscs/reframe,576eb3f1dcc015d1e6d7a10602c748d4f810da68,unittests/test_environments.py::TestEnvironment::test_environ_snapshot,failed,False
reframe,https://github.com/eth-cscs/reframe,576eb3f1dcc015d1e6d7a10602c748d4f810da68,unittests/test_environments.py::TestEnvironment::test_immutability,failed,False
reframe,https://github.com/eth-cscs/reframe,576eb3f1dcc015d1e6d7a10602c748d4f810da68,unittests/test_environments.py::TestEnvironment::test_load_non_overlapping,failed,False
reframe,https://github.com/eth-cscs/reframe,576eb3f1dcc015d1e6d7a10602c748d4f810da68,unittests/test_environments.py::TestEnvironment::test_load_overlapping,failed,False
reframe,https://github.com/eth-cscs/reframe,576eb3f1dcc015d1e6d7a10602c748d4f810da68,unittests/test_environments.py::TestEnvironment::test_load_restore,failed,False
reframe,https://github.com/eth-cscs/reframe,576eb3f1dcc015d1e6d7a10602c748d4f810da68,unittests/test_environments.py::TestEnvironment::test_setup,failed,False
reframe,https://github.com/eth-cscs/reframe,576eb3f1dcc015d1e6d7a10602c748d4f810da68,unittests/test_loader.py::TestRegressionCheckLoader::test_conflicted_checks,failed,False
reframe,https://github.com/eth-cscs/reframe,576eb3f1dcc015d1e6d7a10602c748d4f810da68,unittests/test_loader.py::TestRegressionCheckLoader::test_load_all,failed,False
reframe,https://github.com/eth-cscs/reframe,576eb3f1dcc015d1e6d7a10602c748d4f810da68,unittests/test_loader.py::TestRegressionCheckLoader::test_load_bad_init,failed,False
reframe,https://github.com/eth-cscs/reframe,576eb3f1dcc015d1e6d7a10602c748d4f810da68,unittests/test_loader.py::TestRegressionCheckLoader::test_load_file_absolute,failed,False
reframe,https://github.com/eth-cscs/reframe,576eb3f1dcc015d1e6d7a10602c748d4f810da68,unittests/test_loader.py::TestRegressionCheckLoader::test_load_file_relative,failed,False
reframe,https://github.com/eth-cscs/reframe,576eb3f1dcc015d1e6d7a10602c748d4f810da68,unittests/test_loader.py::TestRegressionCheckLoader::test_load_new_syntax,failed,False
reframe,https://github.com/eth-cscs/reframe,576eb3f1dcc015d1e6d7a10602c748d4f810da68,unittests/test_loader.py::TestRegressionCheckLoader::test_load_recursive,failed,False
reframe,https://github.com/eth-cscs/reframe,576eb3f1dcc015d1e6d7a10602c748d4f810da68,unittests/test_logging.py::TestLogger::test_check_logger,failed,False
reframe,https://github.com/eth-cscs/reframe,576eb3f1dcc015d1e6d7a10602c748d4f810da68,unittests/test_logging.py::TestLogger::test_custom_handler_levels,failed,False
reframe,https://github.com/eth-cscs/reframe,576eb3f1dcc015d1e6d7a10602c748d4f810da68,unittests/test_logging.py::TestLogger::test_custom_loglevels,failed,False
reframe,https://github.com/eth-cscs/reframe,576eb3f1dcc015d1e6d7a10602c748d4f810da68,unittests/test_logging.py::TestLogger::test_handler_types,failed,False
reframe,https://github.com/eth-cscs/reframe,576eb3f1dcc015d1e6d7a10602c748d4f810da68,unittests/test_logging.py::TestLogger::test_invalid_loglevel,failed,False
reframe,https://github.com/eth-cscs/reframe,576eb3f1dcc015d1e6d7a10602c748d4f810da68,unittests/test_logging.py::TestLogger::test_logger_levels,failed,False
reframe,https://github.com/eth-cscs/reframe,576eb3f1dcc015d1e6d7a10602c748d4f810da68,unittests/test_logging.py::TestLogger::test_rfc3339_timezone_extension,failed,False
reframe,https://github.com/eth-cscs/reframe,576eb3f1dcc015d1e6d7a10602c748d4f810da68,unittests/test_logging.py::TestLogger::test_rfc3339_timezone_wrong_directive,failed,False
reframe,https://github.com/eth-cscs/reframe,576eb3f1dcc015d1e6d7a10602c748d4f810da68,unittests/test_pipeline.py::test_environ_setup,error,False
reframe,https://github.com/eth-cscs/reframe,576eb3f1dcc015d1e6d7a10602c748d4f810da68,unittests/test_pipeline.py::test_hellocheck_local,error,False
reframe,https://github.com/eth-cscs/reframe,576eb3f1dcc015d1e6d7a10602c748d4f810da68,unittests/test_pipeline.py::test_hellocheck_local_prepost_run,error,False
reframe,https://github.com/eth-cscs/reframe,576eb3f1dcc015d1e6d7a10602c748d4f810da68,unittests/test_pipeline.py::test_name_compileonly_test,failed,False
reframe,https://github.com/eth-cscs/reframe,576eb3f1dcc015d1e6d7a10602c748d4f810da68,unittests/test_pipeline.py::test_name_runonly_test,failed,False
reframe,https://github.com/eth-cscs/reframe,576eb3f1dcc015d1e6d7a10602c748d4f810da68,unittests/test_pipeline.py::test_name_user_inheritance,failed,False
reframe,https://github.com/eth-cscs/reframe,576eb3f1dcc015d1e6d7a10602c748d4f810da68,unittests/test_pipeline.py::test_registration_of_tests,failed,False
reframe,https://github.com/eth-cscs/reframe,576eb3f1dcc015d1e6d7a10602c748d4f810da68,unittests/test_pipeline.py::test_regression_test_name,failed,False
reframe,https://github.com/eth-cscs/reframe,576eb3f1dcc015d1e6d7a10602c748d4f810da68,unittests/test_pipeline.py::test_strange_test_names,failed,False
reframe,https://github.com/eth-cscs/reframe,576eb3f1dcc015d1e6d7a10602c748d4f810da68,unittests/test_pipeline.py::test_supports_environ,error,False
reframe,https://github.com/eth-cscs/reframe,576eb3f1dcc015d1e6d7a10602c748d4f810da68,unittests/test_pipeline.py::test_supports_system,error,False
reframe,https://github.com/eth-cscs/reframe,576eb3f1dcc015d1e6d7a10602c748d4f810da68,unittests/test_policies.py::test_dependencies[AsynchronousExecutionPolicy],error,False
reframe,https://github.com/eth-cscs/reframe,576eb3f1dcc015d1e6d7a10602c748d4f810da68,unittests/test_policies.py::test_dependencies[SerialExecutionPolicy],error,False
reframe,https://github.com/eth-cscs/reframe,576eb3f1dcc015d1e6d7a10602c748d4f810da68,unittests/test_policies.py::test_dependencies_with_retries[AsynchronousExecutionPolicy],error,False
reframe,https://github.com/eth-cscs/reframe,576eb3f1dcc015d1e6d7a10602c748d4f810da68,unittests/test_policies.py::test_dependencies_with_retries[SerialExecutionPolicy],error,False
reframe,https://github.com/eth-cscs/reframe,576eb3f1dcc015d1e6d7a10602c748d4f810da68,unittests/test_schedulers.py::test_cancel_before_submit[local],failed,False
reframe,https://github.com/eth-cscs/reframe,576eb3f1dcc015d1e6d7a10602c748d4f810da68,unittests/test_schedulers.py::test_cancel_before_submit[pbs],error,False
reframe,https://github.com/eth-cscs/reframe,576eb3f1dcc015d1e6d7a10602c748d4f810da68,unittests/test_schedulers.py::test_cancel_before_submit[slurm],error,False
reframe,https://github.com/eth-cscs/reframe,576eb3f1dcc015d1e6d7a10602c748d4f810da68,unittests/test_schedulers.py::test_cancel_before_submit[squeue],error,False
reframe,https://github.com/eth-cscs/reframe,576eb3f1dcc015d1e6d7a10602c748d4f810da68,unittests/test_schedulers.py::test_cancel_before_submit[torque],error,False
reframe,https://github.com/eth-cscs/reframe,576eb3f1dcc015d1e6d7a10602c748d4f810da68,unittests/test_schedulers.py::test_cancel_term_ignore[local],failed,False
reframe,https://github.com/eth-cscs/reframe,576eb3f1dcc015d1e6d7a10602c748d4f810da68,unittests/test_schedulers.py::test_cancel_with_grace[local],failed,False
reframe,https://github.com/eth-cscs/reframe,576eb3f1dcc015d1e6d7a10602c748d4f810da68,unittests/test_schedulers.py::test_combined_access_constraint[slurm],failed,False
reframe,https://github.com/eth-cscs/reframe,576eb3f1dcc015d1e6d7a10602c748d4f810da68,unittests/test_schedulers.py::test_combined_access_constraint[squeue],failed,False
reframe,https://github.com/eth-cscs/reframe,576eb3f1dcc015d1e6d7a10602c748d4f810da68,unittests/test_schedulers.py::test_combined_access_multiple_constraints[slurm],failed,False
reframe,https://github.com/eth-cscs/reframe,576eb3f1dcc015d1e6d7a10602c748d4f810da68,unittests/test_schedulers.py::test_combined_access_multiple_constraints[squeue],failed,False
reframe,https://github.com/eth-cscs/reframe,576eb3f1dcc015d1e6d7a10602c748d4f810da68,unittests/test_schedulers.py::test_combined_access_verbatim_constraint[slurm],failed,False
reframe,https://github.com/eth-cscs/reframe,576eb3f1dcc015d1e6d7a10602c748d4f810da68,unittests/test_schedulers.py::test_combined_access_verbatim_constraint[squeue],failed,False
reframe,https://github.com/eth-cscs/reframe,576eb3f1dcc015d1e6d7a10602c748d4f810da68,unittests/test_schedulers.py::test_flex_alloc_constraint_idle,error,False
reframe,https://github.com/eth-cscs/reframe,576eb3f1dcc015d1e6d7a10602c748d4f810da68,unittests/test_schedulers.py::test_flex_alloc_default_partition_all,error,False
reframe,https://github.com/eth-cscs/reframe,576eb3f1dcc015d1e6d7a10602c748d4f810da68,unittests/test_schedulers.py::test_flex_alloc_enough_nodes_constraint_partition,error,False
reframe,https://github.com/eth-cscs/reframe,576eb3f1dcc015d1e6d7a10602c748d4f810da68,unittests/test_schedulers.py::test_flex_alloc_exclude_nodes_cmd,error,False
reframe,https://github.com/eth-cscs/reframe,576eb3f1dcc015d1e6d7a10602c748d4f810da68,unittests/test_schedulers.py::test_flex_alloc_exclude_nodes_opt,error,False
reframe,https://github.com/eth-cscs/reframe,576eb3f1dcc015d1e6d7a10602c748d4f810da68,unittests/test_schedulers.py::test_flex_alloc_invalid_constraint,error,False
reframe,https://github.com/eth-cscs/reframe,576eb3f1dcc015d1e6d7a10602c748d4f810da68,unittests/test_schedulers.py::test_flex_alloc_invalid_partition_cmd,error,False
reframe,https://github.com/eth-cscs/reframe,576eb3f1dcc015d1e6d7a10602c748d4f810da68,unittests/test_schedulers.py::test_flex_alloc_invalid_partition_opt,error,False
reframe,https://github.com/eth-cscs/reframe,576eb3f1dcc015d1e6d7a10602c748d4f810da68,unittests/test_schedulers.py::test_flex_alloc_maintenance_nodes,error,False
reframe,https://github.com/eth-cscs/reframe,576eb3f1dcc015d1e6d7a10602c748d4f810da68,unittests/test_schedulers.py::test_flex_alloc_no_num_tasks_per_node,error,False
reframe,https://github.com/eth-cscs/reframe,576eb3f1dcc015d1e6d7a10602c748d4f810da68,unittests/test_schedulers.py::test_flex_alloc_nodes_negative,error,False
reframe,https://github.com/eth-cscs/reframe,576eb3f1dcc015d1e6d7a10602c748d4f810da68,unittests/test_schedulers.py::test_flex_alloc_nodes_positive,error,False
reframe,https://github.com/eth-cscs/reframe,576eb3f1dcc015d1e6d7a10602c748d4f810da68,unittests/test_schedulers.py::test_flex_alloc_nodes_zero,error,False
reframe,https://github.com/eth-cscs/reframe,576eb3f1dcc015d1e6d7a10602c748d4f810da68,unittests/test_schedulers.py::test_flex_alloc_not_enough_idle_nodes,error,False
reframe,https://github.com/eth-cscs/reframe,576eb3f1dcc015d1e6d7a10602c748d4f810da68,unittests/test_schedulers.py::test_flex_alloc_not_enough_nodes_constraint_partition,error,False
reframe,https://github.com/eth-cscs/reframe,576eb3f1dcc015d1e6d7a10602c748d4f810da68,unittests/test_schedulers.py::test_flex_alloc_partition_idle,error,False
reframe,https://github.com/eth-cscs/reframe,576eb3f1dcc015d1e6d7a10602c748d4f810da68,unittests/test_schedulers.py::test_flex_alloc_sched_access_constraint_partition,error,False
reframe,https://github.com/eth-cscs/reframe,576eb3f1dcc015d1e6d7a10602c748d4f810da68,unittests/test_schedulers.py::test_flex_alloc_sched_access_idle,error,False
reframe,https://github.com/eth-cscs/reframe,576eb3f1dcc015d1e6d7a10602c748d4f810da68,unittests/test_schedulers.py::test_flex_alloc_sched_access_idle_sequence_view,error,False
reframe,https://github.com/eth-cscs/reframe,576eb3f1dcc015d1e6d7a10602c748d4f810da68,unittests/test_schedulers.py::test_flex_alloc_sched_access_partition,error,False
reframe,https://github.com/eth-cscs/reframe,576eb3f1dcc015d1e6d7a10602c748d4f810da68,unittests/test_schedulers.py::test_flex_alloc_valid_constraint_opt,error,False
reframe,https://github.com/eth-cscs/reframe,576eb3f1dcc015d1e6d7a10602c748d4f810da68,unittests/test_schedulers.py::test_flex_alloc_valid_constraint_partition,error,False
reframe,https://github.com/eth-cscs/reframe,576eb3f1dcc015d1e6d7a10602c748d4f810da68,unittests/test_schedulers.py::test_flex_alloc_valid_multiple_constraints,error,False
reframe,https://github.com/eth-cscs/reframe,576eb3f1dcc015d1e6d7a10602c748d4f810da68,unittests/test_schedulers.py::test_flex_alloc_valid_multiple_partitions,error,False
reframe,https://github.com/eth-cscs/reframe,576eb3f1dcc015d1e6d7a10602c748d4f810da68,unittests/test_schedulers.py::test_flex_alloc_valid_partition_cmd,error,False
reframe,https://github.com/eth-cscs/reframe,576eb3f1dcc015d1e6d7a10602c748d4f810da68,unittests/test_schedulers.py::test_flex_alloc_valid_partition_opt,error,False
reframe,https://github.com/eth-cscs/reframe,576eb3f1dcc015d1e6d7a10602c748d4f810da68,unittests/test_schedulers.py::test_flex_alloc_valid_reservation_cmd,error,False
reframe,https://github.com/eth-cscs/reframe,576eb3f1dcc015d1e6d7a10602c748d4f810da68,unittests/test_schedulers.py::test_flex_alloc_valid_reservation_option,error,False
reframe,https://github.com/eth-cscs/reframe,576eb3f1dcc015d1e6d7a10602c748d4f810da68,unittests/test_schedulers.py::test_guess_num_tasks[local],failed,False
reframe,https://github.com/eth-cscs/reframe,576eb3f1dcc015d1e6d7a10602c748d4f810da68,unittests/test_schedulers.py::test_guess_num_tasks[pbs],error,False
reframe,https://github.com/eth-cscs/reframe,576eb3f1dcc015d1e6d7a10602c748d4f810da68,unittests/test_schedulers.py::test_guess_num_tasks[slurm],error,False
reframe,https://github.com/eth-cscs/reframe,576eb3f1dcc015d1e6d7a10602c748d4f810da68,unittests/test_schedulers.py::test_guess_num_tasks[squeue],error,False
reframe,https://github.com/eth-cscs/reframe,576eb3f1dcc015d1e6d7a10602c748d4f810da68,unittests/test_schedulers.py::test_guess_num_tasks[torque],error,False
reframe,https://github.com/eth-cscs/reframe,576eb3f1dcc015d1e6d7a10602c748d4f810da68,unittests/test_schedulers.py::test_no_empty_lines_in_preamble[pbs],error,False
reframe,https://github.com/eth-cscs/reframe,576eb3f1dcc015d1e6d7a10602c748d4f810da68,unittests/test_schedulers.py::test_no_empty_lines_in_preamble[slurm],error,False
reframe,https://github.com/eth-cscs/reframe,576eb3f1dcc015d1e6d7a10602c748d4f810da68,unittests/test_schedulers.py::test_no_empty_lines_in_preamble[squeue],error,False
reframe,https://github.com/eth-cscs/reframe,576eb3f1dcc015d1e6d7a10602c748d4f810da68,unittests/test_schedulers.py::test_no_empty_lines_in_preamble[torque],error,False
reframe,https://github.com/eth-cscs/reframe,576eb3f1dcc015d1e6d7a10602c748d4f810da68,unittests/test_schedulers.py::test_poll_before_submit[local],failed,False
reframe,https://github.com/eth-cscs/reframe,576eb3f1dcc015d1e6d7a10602c748d4f810da68,unittests/test_schedulers.py::test_poll_before_submit[pbs],error,False
reframe,https://github.com/eth-cscs/reframe,576eb3f1dcc015d1e6d7a10602c748d4f810da68,unittests/test_schedulers.py::test_poll_before_submit[slurm],error,False
reframe,https://github.com/eth-cscs/reframe,576eb3f1dcc015d1e6d7a10602c748d4f810da68,unittests/test_schedulers.py::test_poll_before_submit[squeue],error,False
reframe,https://github.com/eth-cscs/reframe,576eb3f1dcc015d1e6d7a10602c748d4f810da68,unittests/test_schedulers.py::test_poll_before_submit[torque],error,False
reframe,https://github.com/eth-cscs/reframe,576eb3f1dcc015d1e6d7a10602c748d4f810da68,unittests/test_schedulers.py::test_prepare[local],failed,False
reframe,https://github.com/eth-cscs/reframe,576eb3f1dcc015d1e6d7a10602c748d4f810da68,unittests/test_schedulers.py::test_prepare_no_exclusive[slurm],failed,False
reframe,https://github.com/eth-cscs/reframe,576eb3f1dcc015d1e6d7a10602c748d4f810da68,unittests/test_schedulers.py::test_prepare_no_exclusive[squeue],failed,False
reframe,https://github.com/eth-cscs/reframe,576eb3f1dcc015d1e6d7a10602c748d4f810da68,unittests/test_schedulers.py::test_prepare_no_smt[slurm],error,False
reframe,https://github.com/eth-cscs/reframe,576eb3f1dcc015d1e6d7a10602c748d4f810da68,unittests/test_schedulers.py::test_prepare_no_smt[squeue],error,False
reframe,https://github.com/eth-cscs/reframe,576eb3f1dcc015d1e6d7a10602c748d4f810da68,unittests/test_schedulers.py::test_prepare_with_smt[slurm],error,False
reframe,https://github.com/eth-cscs/reframe,576eb3f1dcc015d1e6d7a10602c748d4f810da68,unittests/test_schedulers.py::test_prepare_with_smt[squeue],error,False
reframe,https://github.com/eth-cscs/reframe,576eb3f1dcc015d1e6d7a10602c748d4f810da68,unittests/test_schedulers.py::test_prepare_without_smt[slurm],error,False
reframe,https://github.com/eth-cscs/reframe,576eb3f1dcc015d1e6d7a10602c748d4f810da68,unittests/test_schedulers.py::test_prepare_without_smt[squeue],error,False
reframe,https://github.com/eth-cscs/reframe,576eb3f1dcc015d1e6d7a10602c748d4f810da68,unittests/test_schedulers.py::test_submit_timelimit[local],failed,False
reframe,https://github.com/eth-cscs/reframe,576eb3f1dcc015d1e6d7a10602c748d4f810da68,unittests/test_schedulers.py::test_wait_before_submit[local],failed,False
reframe,https://github.com/eth-cscs/reframe,576eb3f1dcc015d1e6d7a10602c748d4f810da68,unittests/test_schedulers.py::test_wait_before_submit[pbs],error,False
reframe,https://github.com/eth-cscs/reframe,576eb3f1dcc015d1e6d7a10602c748d4f810da68,unittests/test_schedulers.py::test_wait_before_submit[slurm],error,False
reframe,https://github.com/eth-cscs/reframe,576eb3f1dcc015d1e6d7a10602c748d4f810da68,unittests/test_schedulers.py::test_wait_before_submit[squeue],error,False
reframe,https://github.com/eth-cscs/reframe,576eb3f1dcc015d1e6d7a10602c748d4f810da68,unittests/test_schedulers.py::test_wait_before_submit[torque],error,False
regex4ocr,https://github.com/juntossomosmais/regex4ocr,9f96e9c6fe6ffc3e1452b23103fdfa6a0f1dcede,tests/integration/test_type_casting.py::test_validate_types_removal,failed,False
req-compile,https://github.com/sputt/req-compile,c77e6777967ee660447beb9522c867a7233ef78d,tests/repos/test_findlinks.py::test_find_links,failed,True
rosey,https://github.com/arose13/rosey,c35398b4ad4f334f4b40a075d18b33a262ce1d7d,test_models.py::test_biplot,failed,False
schemaindex,https://github.com/qiyangduan/schemaindex,83bfb96c78d194370b068e11f89a9e4d6af48a46,test/test_plugin_mysql_hdfs.py::test_plugin_hdfs_add,failed,False
scikit-fem,https://github.com/kinnala/scikit-fem,4aa87e15fd05dfbbad2367ef2303f398d5afddcc,tests/test_examples.py::TestEx23::runTest,failed,True
securenative-python,https://github.com/securenative/securenative-python,0eae99733b7565341487ad32f044be8dc51032cd,tests/configuration_manager_test.py::ConfigurationManagerTest::test_get_config_from_env_variables,failed,False
securenative-python,https://github.com/securenative/securenative-python,0eae99733b7565341487ad32f044be8dc51032cd,tests/configuration_manager_test.py::ConfigurationManagerTest::test_load_default_config,failed,False
selenium-wire,https://github.com/wkeeling/selenium-wire,f80339bc2da0485fbba4165375c009b90efdb3c2,tests/seleniumwire/proxy/test_client.py::AdminClientIntegrationTest::test_clear_param_overrides,passed,True
selenium-wire,https://github.com/wkeeling/selenium-wire,f80339bc2da0485fbba4165375c009b90efdb3c2,tests/seleniumwire/proxy/test_client.py::AdminClientIntegrationTest::test_find,passed,True
selenium-wire,https://github.com/wkeeling/selenium-wire,f80339bc2da0485fbba4165375c009b90efdb3c2,tests/seleniumwire/proxy/test_client.py::AdminClientIntegrationTest::test_get_request_body_empty,passed,True
selenium-wire,https://github.com/wkeeling/selenium-wire,f80339bc2da0485fbba4165375c009b90efdb3c2,tests/seleniumwire/proxy/test_client.py::AdminClientIntegrationTest::test_set_param_overrides_filters_out_param,passed,True
serpextract,https://github.com/Parsely/serpextract/,aec8f2bd79c66953938569a24b05c693ab70b4ce,tests/test_serps.py::TestSERPs::test_custom_parser_implicit,failed,False
supertunnel,https://github.com/alexrudy/supertunnel,4c64e2fedda3382b809a2c3d01c711ec4961f933,supertunnel/ssh/continuous_test.py::test_backoff,error,False
supertunnel,https://github.com/alexrudy/supertunnel,4c64e2fedda3382b809a2c3d01c711ec4961f933,supertunnel/ssh/continuous_test.py::test_continuous_repr,error,False
supertunnel,https://github.com/alexrudy/supertunnel,4c64e2fedda3382b809a2c3d01c711ec4961f933,supertunnel/ssh/continuous_test.py::test_run,error,False
supertunnel,https://github.com/alexrudy/supertunnel,4c64e2fedda3382b809a2c3d01c711ec4961f933,supertunnel/ssh/continuous_test.py::test_run_continuous,error,False
supertunnel,https://github.com/alexrudy/supertunnel,4c64e2fedda3382b809a2c3d01c711ec4961f933,supertunnel/ssh/continuous_test.py::test_run_continuous_hang,error,False
supertunnel,https://github.com/alexrudy/supertunnel,4c64e2fedda3382b809a2c3d01c711ec4961f933,supertunnel/ssh/continuous_test.py::test_run_continuous_raise,error,False
tight,https://github.com/michaelorionmcmanus/tight,34a332dd6096807e373ea8050df4f795411e6b74,tests/unit/providers/aws/clients/test_dynamo_db_unit.py::test_dynamo_db_connect_ci,failed,False
tight,https://github.com/michaelorionmcmanus/tight,34a332dd6096807e373ea8050df4f795411e6b74,tests/unit/providers/aws/clients/test_dynamo_db_unit.py::test_dynamo_db_connect_prod,failed,False
todo-sync,https://github.com/tmurph/todo-sync,32915e9a1509aa2c4083613e256cb0d502c441aa,tests/test_org_to_asana.py::test_o2a_behind_make_fn[a_node0-expected_node0],failed,False
todo-sync,https://github.com/tmurph/todo-sync,32915e9a1509aa2c4083613e256cb0d502c441aa,tests/test_org_to_asana.py::test_o2a_behind_make_fn[a_node1-expected_node1],failed,False
todo-sync,https://github.com/tmurph/todo-sync,32915e9a1509aa2c4083613e256cb0d502c441aa,tests/test_org_to_asana.py::test_o2a_behind_make_fn[a_node10-expected_node10],failed,False
todo-sync,https://github.com/tmurph/todo-sync,32915e9a1509aa2c4083613e256cb0d502c441aa,tests/test_org_to_asana.py::test_o2a_behind_make_fn[a_node2-expected_node2],failed,False
todo-sync,https://github.com/tmurph/todo-sync,32915e9a1509aa2c4083613e256cb0d502c441aa,tests/test_org_to_asana.py::test_o2a_behind_make_fn[a_node3-expected_node3],failed,False
todo-sync,https://github.com/tmurph/todo-sync,32915e9a1509aa2c4083613e256cb0d502c441aa,tests/test_org_to_asana.py::test_o2a_behind_make_fn[a_node4-expected_node4],failed,False
todo-sync,https://github.com/tmurph/todo-sync,32915e9a1509aa2c4083613e256cb0d502c441aa,tests/test_org_to_asana.py::test_o2a_behind_make_fn[a_node5-expected_node5],failed,False
todo-sync,https://github.com/tmurph/todo-sync,32915e9a1509aa2c4083613e256cb0d502c441aa,tests/test_org_to_asana.py::test_o2a_behind_make_fn[a_node6-expected_node6],failed,False
todo-sync,https://github.com/tmurph/todo-sync,32915e9a1509aa2c4083613e256cb0d502c441aa,tests/test_org_to_asana.py::test_o2a_behind_make_fn[a_node7-expected_node7],failed,False
todo-sync,https://github.com/tmurph/todo-sync,32915e9a1509aa2c4083613e256cb0d502c441aa,tests/test_org_to_asana.py::test_o2a_behind_make_fn[a_node8-expected_node8],failed,False
todo-sync,https://github.com/tmurph/todo-sync,32915e9a1509aa2c4083613e256cb0d502c441aa,tests/test_org_to_asana.py::test_o2a_behind_make_fn[a_node9-expected_node9],failed,False
token-io,https://github.com/overcat/token-io,f1b14fef9fd64989b9c9e5c076272f72253b39ed,tests/test_profile.py::TestProfile::test_read_profile_not_yours,error,True
token-io,https://github.com/overcat/token-io,f1b14fef9fd64989b9c9e5c076272f72253b39ed,tests/test_profile.py::TestProfile::test_set_profile,error,True
token-io,https://github.com/overcat/token-io,f1b14fef9fd64989b9c9e5c076272f72253b39ed,tests/test_profile.py::TestProfile::test_update_profile,error,True
tokendito,https://github.com/dowjones/tokendito,f5d8e5171ddcca0c62925263ddb80535f51aded3,tests/functional_test.py::test_package_exists,failed,False
tokendito,https://github.com/dowjones/tokendito,f5d8e5171ddcca0c62925263ddb80535f51aded3,tests/functional_test.py::test_version[runnable2],failed,False
webssh,https://github.com/huashengdun/webssh,51d527fe75a62aed239126a6697749a30baecb30,tests/test_app.py::TestAppBasic::test_app_with_correct_credentials_but_without_id_argument,passed,True
webssh,https://github.com/huashengdun/webssh,51d527fe75a62aed239126a6697749a30baecb30,tests/test_app.py::TestAppBasic::test_app_with_correct_credentials_timeout,passed,True
wopmars,https://github.com/aitgon/wopmars,33680f94163d82ce43557cf7f87a5f9ead496fdc,wopmars/tests/test_wopmars.py::TestWopmars::test_run_rerun_runtime,passed,True
yaml-resume,https://github.com/notsag/yaml-resume,25ad6695993a7dab540730e8743d88b28e52df0e,tests/test_cli.py::test_validate,failed,False
yawast,https://github.com/adamcaudill/yawast,5e9e7a37831c030530adb971925ee135e9bfcafb,tests/test_http.py::TestHttpBasic::test_response_scanner,failed,True
yawast,https://github.com/adamcaudill/yawast,5e9e7a37831c030530adb971925ee135e9bfcafb,tests/test_http.py::TestHttpBasic::test_wp_json_user_enum,failed,True
yawast,https://github.com/adamcaudill/yawast,5e9e7a37831c030530adb971925ee135e9bfcafb,tests/test_network_info.py::TestNetworkInfo::test_network_info,failed,True
