Project_Name,Project_URL,Project_Hash,Test_filename,Test_classname,Test_funcname,Test_parametrization,Order-dependent,Verdict_Isolated,Verdict_OriginalOrder
ConfigMaster,https://github.com/SunDwarf/ConfigMaster,8018aa415da55c84edaa8a49664f674758a14edd,test_configmaster.py,,test_dumps,,True,Passed,Passed
ConfigMaster,https://github.com/SunDwarf/ConfigMaster,8018aa415da55c84edaa8a49664f674758a14edd,test_configmaster.py,,test_initial_populate,,True,Failed,Passed
airflow_xplenty,https://github.com/apartmentlist/airflow_xplenty,445c21782b985bfdbfffa4608a1dc90411af8aed,tests/airflow_xplenty/operators/test_xplenty_find_or_start_cluster_operator.py,XplentyFindOrStartClusterOperatorTestCase,test_execute_lazily_start_cluster,,True,NotAnalysed,Passed
airflow_xplenty,https://github.com/apartmentlist/airflow_xplenty,445c21782b985bfdbfffa4608a1dc90411af8aed,tests/airflow_xplenty/operators/test_xplenty_find_or_start_cluster_operator.py,XplentyFindOrStartClusterOperatorTestCase,test_execute_lazily_start_cluster_none_available,,True,NotAnalysed,Passed
airflow_xplenty,https://github.com/apartmentlist/airflow_xplenty,445c21782b985bfdbfffa4608a1dc90411af8aed,tests/airflow_xplenty/operators/test_xplenty_find_or_start_cluster_operator.py,XplentyFindOrStartClusterOperatorTestCase,test_execute_lazily_start_cluster_wrong_env,,True,NotAnalysed,Passed
airflow_xplenty,https://github.com/apartmentlist/airflow_xplenty,445c21782b985bfdbfffa4608a1dc90411af8aed,tests/airflow_xplenty/operators/test_xplenty_find_or_start_cluster_operator.py,XplentyFindOrStartClusterOperatorTestCase,test_find_available_cluster,,True,NotAnalysed,Passed
airflow_xplenty,https://github.com/apartmentlist/airflow_xplenty,445c21782b985bfdbfffa4608a1dc90411af8aed,tests/airflow_xplenty/operators/test_xplenty_find_or_start_cluster_operator.py,XplentyFindOrStartClusterOperatorTestCase,test_start_cluster_return_value,,True,NotAnalysed,Passed
airflow_xplenty,https://github.com/apartmentlist/airflow_xplenty,445c21782b985bfdbfffa4608a1dc90411af8aed,tests/airflow_xplenty/operators/test_xplenty_find_or_start_job_operator.py,XplentyFindOrStartJobOperatorTestCase,test_execute,,True,NotAnalysed,Passed
airflow_xplenty,https://github.com/apartmentlist/airflow_xplenty,445c21782b985bfdbfffa4608a1dc90411af8aed,tests/airflow_xplenty/operators/test_xplenty_find_or_start_job_operator.py,XplentyFindOrStartJobOperatorTestCase,test_execute_with_different_package_job,,True,NotAnalysed,Passed
airflow_xplenty,https://github.com/apartmentlist/airflow_xplenty,445c21782b985bfdbfffa4608a1dc90411af8aed,tests/airflow_xplenty/operators/test_xplenty_find_or_start_job_operator.py,XplentyFindOrStartJobOperatorTestCase,test_execute_with_invalid_package_name,,True,NotAnalysed,Passed
airflow_xplenty,https://github.com/apartmentlist/airflow_xplenty,445c21782b985bfdbfffa4608a1dc90411af8aed,tests/airflow_xplenty/operators/test_xplenty_find_or_start_job_operator.py,XplentyFindOrStartJobOperatorTestCase,test_execute_with_no_xcoms,,True,NotAnalysed,Passed
airflow_xplenty,https://github.com/apartmentlist/airflow_xplenty,445c21782b985bfdbfffa4608a1dc90411af8aed,tests/airflow_xplenty/operators/test_xplenty_find_or_start_job_operator.py,XplentyFindOrStartJobOperatorTestCase,test_execute_with_package_name,,True,NotAnalysed,Passed
airflow_xplenty,https://github.com/apartmentlist/airflow_xplenty,445c21782b985bfdbfffa4608a1dc90411af8aed,tests/airflow_xplenty/operators/test_xplenty_find_or_start_job_operator.py,XplentyFindOrStartJobOperatorTestCase,test_execute_with_reuasable_job,,True,NotAnalysed,Passed
airflow_xplenty,https://github.com/apartmentlist/airflow_xplenty,445c21782b985bfdbfffa4608a1dc90411af8aed,tests/airflow_xplenty/operators/test_xplenty_find_or_start_job_operator.py,XplentyFindOrStartJobOperatorTestCase,test_execute_with_same_package_failed_job,,True,NotAnalysed,Passed
airflow_xplenty,https://github.com/apartmentlist/airflow_xplenty,445c21782b985bfdbfffa4608a1dc90411af8aed,tests/airflow_xplenty/operators/test_xplenty_find_or_start_job_operator.py,XplentyFindOrStartJobOperatorTestCase,test_execute_with_variables_fn,,True,NotAnalysed,Passed
airflow_xplenty,https://github.com/apartmentlist/airflow_xplenty,445c21782b985bfdbfffa4608a1dc90411af8aed,tests/airflow_xplenty/operators/test_xplenty_find_or_start_job_operator.py,XplentyFindOrStartJobOperatorTestCase,test_init_no_package_info,,True,NotAnalysed,Passed
airflow_xplenty,https://github.com/apartmentlist/airflow_xplenty,445c21782b985bfdbfffa4608a1dc90411af8aed,tests/airflow_xplenty/operators/test_xplenty_find_or_start_job_operator.py,XplentyFindOrStartJobOperatorTestCase,test_init_package_id_and_name,,True,NotAnalysed,Passed
airflow_xplenty,https://github.com/apartmentlist/airflow_xplenty,445c21782b985bfdbfffa4608a1dc90411af8aed,tests/airflow_xplenty/operators/test_xplenty_terminate_job_operator.py,XplentyTerminateJobOperatorTestCase,test_execute,,True,NotAnalysed,Passed
airflow_xplenty,https://github.com/apartmentlist/airflow_xplenty,445c21782b985bfdbfffa4608a1dc90411af8aed,tests/airflow_xplenty/operators/test_xplenty_wait_for_cluster_sensor.py,XplentyWaitForClusterSensorTestCase,test_poke_with_available_cluster,,True,NotAnalysed,Passed
airflow_xplenty,https://github.com/apartmentlist/airflow_xplenty,445c21782b985bfdbfffa4608a1dc90411af8aed,tests/airflow_xplenty/operators/test_xplenty_wait_for_cluster_sensor.py,XplentyWaitForClusterSensorTestCase,test_poke_with_creating_cluster,,True,NotAnalysed,Passed
airflow_xplenty,https://github.com/apartmentlist/airflow_xplenty,445c21782b985bfdbfffa4608a1dc90411af8aed,tests/airflow_xplenty/operators/test_xplenty_wait_for_cluster_sensor.py,XplentyWaitForClusterSensorTestCase,test_poke_with_no_xcoms,,True,NotAnalysed,Passed
airflow_xplenty,https://github.com/apartmentlist/airflow_xplenty,445c21782b985bfdbfffa4608a1dc90411af8aed,tests/airflow_xplenty/operators/test_xplenty_wait_for_cluster_sensor.py,XplentyWaitForClusterSensorTestCase,test_poke_with_terminated_cluster,,True,NotAnalysed,Passed
airflow_xplenty,https://github.com/apartmentlist/airflow_xplenty,445c21782b985bfdbfffa4608a1dc90411af8aed,tests/airflow_xplenty/operators/test_xplenty_wait_for_job_sensor.py,XplentyWaitForJobSensorTestCase,test_poke_with_completed_job,,True,NotAnalysed,Passed
airflow_xplenty,https://github.com/apartmentlist/airflow_xplenty,445c21782b985bfdbfffa4608a1dc90411af8aed,tests/airflow_xplenty/operators/test_xplenty_wait_for_job_sensor.py,XplentyWaitForJobSensorTestCase,test_poke_with_failed_job,,True,NotAnalysed,Passed
airflow_xplenty,https://github.com/apartmentlist/airflow_xplenty,445c21782b985bfdbfffa4608a1dc90411af8aed,tests/airflow_xplenty/operators/test_xplenty_wait_for_job_sensor.py,XplentyWaitForJobSensorTestCase,test_poke_with_no_xcoms,,True,NotAnalysed,Passed
airflow_xplenty,https://github.com/apartmentlist/airflow_xplenty,445c21782b985bfdbfffa4608a1dc90411af8aed,tests/airflow_xplenty/operators/test_xplenty_wait_for_job_sensor.py,XplentyWaitForJobSensorTestCase,test_poke_with_running_job,,True,NotAnalysed,Passed
airflow_xplenty,https://github.com/apartmentlist/airflow_xplenty,445c21782b985bfdbfffa4608a1dc90411af8aed,tests/airflow_xplenty/operators/test_xplenty_wait_for_job_sensor.py,XplentyWaitForJobSensorTestCase,test_poke_with_stopped_job,,True,NotAnalysed,Passed
xenavalkyrie,https://github.com/xenadevel/PyXenaValkyrie/,92b45f1f37a5589cbdb9224a287fa0426d2c8d47,tests/test_errors.py,TestXenaErrors,test_errors,[socket],True,Passed,Passed
yandex-checkout-sdk-python,https://github.com/yandex-money/yandex-checkout-sdk-python,da3e8512cd21fb55726519c51974d6f8b1885242,test/unit/test_capture_payment_builder.py,TestCapturePaymentBuilder,test_build_object,,True,Passed,Passed
zula,https://github.com/efe/zula,6328eb9c0e18debaaa769b7ac0d05a4a472f4746,tests/test_db.py,DbTests,test_get_keys,,True,Passed,Passed
