Breathe,https://github.com/mrob95/Breathe,4600818e24f4156cd7bb8cc0f43886b27323968e,tests/test_merger.py,tests/test_merger.py::test_grammar_numbers,failed,False
Breathe,https://github.com/mrob95/Breathe,4600818e24f4156cd7bb8cc0f43886b27323968e,tests/test_merger.py,tests/test_merger.py::test_invalid,failed,False
Breathe,https://github.com/mrob95/Breathe,4600818e24f4156cd7bb8cc0f43886b27323968e,tests/test_top_level.py,tests/test_top_level.py::test_recognition,failed,False
Breathe,https://github.com/mrob95/Breathe,4600818e24f4156cd7bb8cc0f43886b27323968e,tests/test_top_level.py,tests/test_top_level.py::test_top_level_command_failure,failed,False
Coinsta,https://github.com/PyDataBlog/Coinsta,7cdce24669e5ab40852f0b88329c68e5bb568f5b,tests/test_coinsta.py,tests/test_coinsta.py::TestCoinsta::test_get_current,failed,True
DESlib,https://github.com/Menelau/DESlib,77d0ccb491c522e7505d9ac6081b72cac001cb9e,deslib/tests/des/test_probabilistic.py,deslib/tests/des/test_probabilistic.py::test_check_estimator_Logarithmic,failed,True
Flaskerizer,https://github.com/brettvanderwerff/Flaskerizer,5a9724804f4e479fc3289e8644dc788adfeff06d,flaskerizer/flaskerizer_src/tests/test_structure_directory.py,flaskerizer/flaskerizer_src/tests/test_structure_directory.py::TestStructureDirectory::test_migrate_files,failed,False
JavPy,https://github.com/TheodoreKrypton/JavPy,61df53aafbfbd05ed1efa8c51a08d6e9252cb533,JavPy/tests/test_sources.py,JavPy/tests/test_sources.py::test_avsox_net,failed,False
LabIFSC,https://github.com/gjvnq/LabIFSC,cb56b75f51eb54680d0b81f4c87aa0234538a2a8,tests/medida_test.py,tests/medida_test.py::test_medida_si_2,failed,False
LabIFSC,https://github.com/gjvnq/LabIFSC,cb56b75f51eb54680d0b81f4c87aa0234538a2a8,tests/medida_test.py,tests/medida_test.py::test_medida_si_3,failed,False
MusicAPI,https://github.com/kushao1267/MusicAPI,c6340d5dd6df869a90a44a311d3cd7a383bd4cf4,tests/music_test.py,tests/music_test.py::test_xiami_music_id,failed,False
MusicAPI,https://github.com/kushao1267/MusicAPI,c6340d5dd6df869a90a44a311d3cd7a383bd4cf4,tests/music_test.py,tests/music_test.py::test_xiami_music_link,failed,False
NeuroKit.py,https://github.com/neuropsychology/NeuroKit.py,fc77dc94e421d5b166a5516b7186bae483d753bd,tests/test_ecg.py,tests/test_ecg.py::TestEcg::test_ecg_process,failed,True
PyGraph,https://github.com/Rickecr/PyGraph,e81c3a0f543f5bfcda1a603c6dcecde13d582c57,__tests__/test_simple_graph.py,__tests__/test_simple_graph.py::TestSimpleGraph::test_delete_vertex,failed,False
PyGraph,https://github.com/Rickecr/PyGraph,e81c3a0f543f5bfcda1a603c6dcecde13d582c57,__tests__/test_simple_graph.py,__tests__/test_simple_graph.py::TestSimpleGraph::test_duplicated_edge,failed,False
PyGraph,https://github.com/Rickecr/PyGraph,e81c3a0f543f5bfcda1a603c6dcecde13d582c57,__tests__/test_simple_graph.py,__tests__/test_simple_graph.py::TestSimpleGraph::test_edge_exists,failed,False
PyGraph,https://github.com/Rickecr/PyGraph,e81c3a0f543f5bfcda1a603c6dcecde13d582c57,__tests__/test_simple_graph.py,__tests__/test_simple_graph.py::TestSimpleGraph::test_false_cycle_graph,failed,False
PyGraph,https://github.com/Rickecr/PyGraph,e81c3a0f543f5bfcda1a603c6dcecde13d582c57,__tests__/test_simple_graph.py,__tests__/test_simple_graph.py::TestSimpleGraph::test_false_regular_graph,failed,False
PyGraph,https://github.com/Rickecr/PyGraph,e81c3a0f543f5bfcda1a603c6dcecde13d582c57,__tests__/test_simple_graph.py,__tests__/test_simple_graph.py::TestSimpleGraph::test_list_graph_edges,failed,False
PyGraph,https://github.com/Rickecr/PyGraph,e81c3a0f543f5bfcda1a603c6dcecde13d582c57,__tests__/test_simple_graph.py,__tests__/test_simple_graph.py::TestSimpleGraph::test_list_graph_vertices,failed,False
PyGraph,https://github.com/Rickecr/PyGraph,e81c3a0f543f5bfcda1a603c6dcecde13d582c57,__tests__/test_simple_graph.py,__tests__/test_simple_graph.py::TestSimpleGraph::test_num_edges,failed,False
PyGraph,https://github.com/Rickecr/PyGraph,e81c3a0f543f5bfcda1a603c6dcecde13d582c57,__tests__/test_simple_graph.py,__tests__/test_simple_graph.py::TestSimpleGraph::test_show_edge,failed,False
PyGraph,https://github.com/Rickecr/PyGraph,e81c3a0f543f5bfcda1a603c6dcecde13d582c57,__tests__/test_simple_graph.py,__tests__/test_simple_graph.py::TestSimpleGraph::test_true_cycle_graph,failed,False
PyGraph,https://github.com/Rickecr/PyGraph,e81c3a0f543f5bfcda1a603c6dcecde13d582c57,__tests__/test_simple_graph.py,__tests__/test_simple_graph.py::TestSimpleGraph::test_vertex_degree,failed,False
PyGraph,https://github.com/Rickecr/PyGraph,e81c3a0f543f5bfcda1a603c6dcecde13d582c57,__tests__/test_simple_graph.py,__tests__/test_simple_graph.py::TestSimpleGraph::test_vertices_adjacency,failed,False
PyInvestor,https://github.com/SamurAi-sarl/PyInvestor,09259ad387dab597a7a525ae73090dffb886968f,PyInvestor/test_stock.py,PyInvestor/test_stock.py::StockTest::test_timeseries,failed,True
YAROM,https://github.com/openworm/YAROM,cd4fb6cb8fac72a198858225ce89ad8b9c9175fd,tests/test_mapper.py,tests/test_mapper.py::MapperTest::test_children_are_added,failed,False
YAROM,https://github.com/openworm/YAROM,cd4fb6cb8fac72a198858225ce89ad8b9c9175fd,tests/test_mapper.py,tests/test_mapper.py::MapperTest::test_children_are_deregistered,failed,False
YAROM,https://github.com/openworm/YAROM,cd4fb6cb8fac72a198858225ce89ad8b9c9175fd,tests/test_mapper.py,tests/test_mapper.py::MapperTest::test_object_from_id_class,failed,False
aiotasks,https://github.com/cr0hn/aiotasks,ec485c84db55227c9283319a9c58401e294a06ff,tests/unittesting/tasks/redis/test_delay.py,tests/unittesting/tasks/redis/test_delay.py::test_redis_delay_add_task_non_coroutine_as_input,failed,True
aiotasks,https://github.com/cr0hn/aiotasks,ec485c84db55227c9283319a9c58401e294a06ff,tests/unittesting/tasks/redis/test_delay.py,tests/unittesting/tasks/redis/test_delay.py::test_redis_delay_task_decorator_invalid_function,failed,True
aiotasks,https://github.com/cr0hn/aiotasks,ec485c84db55227c9283319a9c58401e294a06ff,tests/unittesting/tasks/redis/test_delay.py,tests/unittesting/tasks/redis/test_delay.py::test_redis_delay_task_decorator_invalid_task_id_format,failed,True
aiotasks,https://github.com/cr0hn/aiotasks,ec485c84db55227c9283319a9c58401e294a06ff,tests/unittesting/tasks/redis/test_delay.py,tests/unittesting/tasks/redis/test_delay.py::test_redis_delay_task_decorator_no_port_gotten,failed,True
aiotasks,https://github.com/cr0hn/aiotasks,ec485c84db55227c9283319a9c58401e294a06ff,tests/unittesting/tasks/redis/test_subscribers.py,tests/unittesting/tasks/redis/test_subscribers.py::test_redis_subscribers_empty_topics,failed,True
argutil,https://github.com/cmccandless/argutil,15b4d309fefe7a2d7648dac3974bd22ba7b1030a,tests/get_parser_test.py,tests/get_parser_test.py::GetParserTest::test_default_from_file,error,True
argutil,https://github.com/cmccandless/argutil,15b4d309fefe7a2d7648dac3974bd22ba7b1030a,tests/get_parser_test.py,tests/get_parser_test.py::GetParserTest::test_env_type_option,error,True
argutil,https://github.com/cmccandless/argutil,15b4d309fefe7a2d7648dac3974bd22ba7b1030a,tests/get_parser_test.py,tests/get_parser_test.py::GetParserTest::test_flag,error,True
argutil,https://github.com/cmccandless/argutil,15b4d309fefe7a2d7648dac3974bd22ba7b1030a,tests/get_parser_test.py,tests/get_parser_test.py::GetParserTest::test_global_env_type_option,error,True
argutil,https://github.com/cmccandless/argutil,15b4d309fefe7a2d7648dac3974bd22ba7b1030a,tests/get_parser_test.py,tests/get_parser_test.py::GetParserTest::test_list_option,error,True
argutil,https://github.com/cmccandless/argutil,15b4d309fefe7a2d7648dac3974bd22ba7b1030a,tests/get_parser_test.py,tests/get_parser_test.py::GetParserTest::test_list_option_with_default,error,True
argutil,https://github.com/cmccandless/argutil,15b4d309fefe7a2d7648dac3974bd22ba7b1030a,tests/get_parser_test.py,tests/get_parser_test.py::GetParserTest::test_parser_definition_type_option,error,True
argutil,https://github.com/cmccandless/argutil,15b4d309fefe7a2d7648dac3974bd22ba7b1030a,tests/get_parser_test.py,tests/get_parser_test.py::GetParserTest::test_positional,error,True
argutil,https://github.com/cmccandless/argutil,15b4d309fefe7a2d7648dac3974bd22ba7b1030a,tests/get_parser_test.py,tests/get_parser_test.py::GetParserTest::test_positional_list,error,True
argutil,https://github.com/cmccandless/argutil,15b4d309fefe7a2d7648dac3974bd22ba7b1030a,tests/get_parser_test.py,tests/get_parser_test.py::GetParserTest::test_positional_required,error,True
argutil,https://github.com/cmccandless/argutil,15b4d309fefe7a2d7648dac3974bd22ba7b1030a,tests/get_parser_test.py,tests/get_parser_test.py::GetParserTest::test_positional_required_with_optional,error,True
asv,https://github.com/airspeed-velocity/asv,a131ca742daf53c4521fbfefeb53507b5c140c84,test/test_compare.py,test/test_compare.py::test_compare_name_lookup[hg],failed,True
asv,https://github.com/airspeed-velocity/asv,a131ca742daf53c4521fbfefeb53507b5c140c84,test/test_gh_pages.py,test/test_gh_pages.py::test_gh_pages[hg-no-rewrite],failed,False
asv,https://github.com/airspeed-velocity/asv,a131ca742daf53c4521fbfefeb53507b5c140c84,test/test_gh_pages.py,test/test_gh_pages.py::test_gh_pages[hg-rewrite],failed,True
async-kinesis-client,https://github.com/whale2/async-kinesis-client,e7df499141854b8b7638a7ab0adce14a4d28201e,tests/test_dynamodb.py,tests/test_dynamodb.py::TestConsumerWithDynamoDB::test_consumer_with_dynamodb,failed,True
async-kinesis-client,https://github.com/whale2/async-kinesis-client,e7df499141854b8b7638a7ab0adce14a4d28201e,tests/test_dynamodb.py,tests/test_dynamodb.py::TestConsumerWithDynamoDB::test_dropping_seq,failed,False
authnzerver,https://github.com/waqasbhatti/authnzerver,bc735a1c9e1c084c40854a539a000d69a50ed486,authnzerver/tests/test_email.py,authnzerver/tests/test_email.py::test_create_user_with_email,failed,True
authnzerver,https://github.com/waqasbhatti/authnzerver,bc735a1c9e1c084c40854a539a000d69a50ed486,authnzerver/tests/test_email.py,authnzerver/tests/test_email.py::test_email_works,failed,True
autoclasswrapper,https://github.com/pierrepo/autoclasswrapper,af43dd833e5586386098d1793a59332e968069da,tests/test_output.py,tests/test_output.py::TestOutputClass::test_aggregate_input_data,failed,True
autoclasswrapper,https://github.com/pierrepo/autoclasswrapper,af43dd833e5586386098d1793a59332e968069da,tests/test_output.py,tests/test_output.py::TestOutputClass::test_write_cdt,failed,True
autoclasswrapper,https://github.com/pierrepo/autoclasswrapper,af43dd833e5586386098d1793a59332e968069da,tests/test_output.py,tests/test_output.py::TestOutputClass::test_write_cdt_with_proba,failed,True
autoclasswrapper,https://github.com/pierrepo/autoclasswrapper,af43dd833e5586386098d1793a59332e968069da,tests/test_output.py,tests/test_output.py::TestOutputClass::test_write_cluster_stats,failed,True
autoclasswrapper,https://github.com/pierrepo/autoclasswrapper,af43dd833e5586386098d1793a59332e968069da,tests/test_output.py,tests/test_output.py::TestOutputClass::test_write_dendrogram,failed,False
aws-lambda-decorators,https://github.com/gridsmartercities/aws-lambda-decorators,bbd25a7002b99e57fe7da225b6aad06cb1e43b9c,tests/test_decoders.py,tests/test_decoders.py::DecodersTests::test_extract_multiple_parameters_from_jwt_hits_cache,failed,True
basic_auth,https://github.com/rorymurdock/basic_auth,622f2133c13988cec549f4ea55bed14e50f90876,tests/test_basic.py,tests/test_basic.py::test_check_config_dir,failed,True
bomweather,https://github.com/aguinane/bomweather,cfe945a64900a9207a44c42551ec2c365916b7d2,tests/test_stations.py,tests/test_stations.py::test_closest_obs_station_uncached,failed,True
cBinder,https://github.com/Tetrite/cBinder,940e8c78eb9cf2eda1bc69427a6279b8b832bfe1,tests/simplecases/externaldeps/test_StaticDependences.py,tests/simplecases/externaldeps/test_StaticDependences.py::StaticDependencesOnLinux64::test_generate_bindings_to_gsl_sf_bessel_J,failed,False
cdQA,https://github.com/cdqa-suite/cdQA,40387925db8f0da44a5bd2fe549cde675a92d479,tests/test_evaluation.py,tests/test_evaluation.py::test_evaluate_reader,failed,False
chazutsu,https://github.com/chakki-works/chazutsu,734828f2f05799a1d59d9280a032bf5996fe3261,tests/test_dataset.py,tests/test_dataset.py::TestDataset::test_extract_file_zip,failed,True
chazutsu,https://github.com/chakki-works/chazutsu,734828f2f05799a1d59d9280a032bf5996fe3261,tests/test_resource.py,tests/test_resource.py::TestResource::test_read_resource,failed,True
cherry,https://github.com/Windsooon/cherry,bc6ae1f0284d837fb95279098538530312313534,tests/test_base.py,tests/test_base.py::BaseTest::test_load_data_found,failed,False
cherry,https://github.com/Windsooon/cherry,bc6ae1f0284d837fb95279098538530312313534,tests/test_base.py,tests/test_base.py::BaseTest::test_load_local_data_from_local_with_cache,failed,False
cherry,https://github.com/Windsooon/cherry,bc6ae1f0284d837fb95279098538530312313534,tests/test_base.py,tests/test_base.py::BaseTest::test_load_local_data_from_local_with_cache_failed,failed,False
cherry,https://github.com/Windsooon/cherry,bc6ae1f0284d837fb95279098538530312313534,tests/test_base.py,tests/test_base.py::BaseTest::test_load_local_data_from_local_without_cache,failed,False
chuda,https://github.com/Varkal/chuda,bd4d30c0f809d5349752ab2f322f30b01ab6b4a4,tests/test_app.py,tests/test_app.py::test_output[argv0],failed,True
cloud-validation-framework,https://github.com/prancer-io/cloud-validation-framework,94522590d9881a5125d81da701a65f7f63383c0d,tests/processor/connector/test_snapshot_azure.py,tests/processor/connector/test_snapshot_azure.py::test_get_node_happy,failed,False
cloud-validation-framework,https://github.com/prancer-io/cloud-validation-framework,94522590d9881a5125d81da701a65f7f63383c0d,tests/processor/connector/test_snapshot_azure.py,tests/processor/connector/test_snapshot_azure.py::test_get_version_for_type,failed,False
cloud-validation-framework,https://github.com/prancer-io/cloud-validation-framework,94522590d9881a5125d81da701a65f7f63383c0d,tests/processor/helper/httpapi/test_http_utils.py,tests/processor/helper/httpapi/test_http_utils.py::test_check_and_add_error,failed,False
cloud-validation-framework,https://github.com/prancer-io/cloud-validation-framework,94522590d9881a5125d81da701a65f7f63383c0d,tests/processor/helper/httpapi/test_restapi_azure.py,tests/processor/helper/httpapi/test_restapi_azure.py::test_web_client_data,failed,False
cloud-validation-framework,https://github.com/prancer-io/cloud-validation-framework,94522590d9881a5125d81da701a65f7f63383c0d,tests/processor/template_processor/base/test_base_template_processor.py,tests/processor/template_processor/base/test_base_template_processor.py::test_populate_template_snapshot_false,failed,False
codespell,https://github.com/codespell-project/codespell/,88c768b084353662c255a58d122f46fbbe3d8de4,codespell_lib/tests/test_dictionary.py,codespell_lib/tests/test_dictionary.py::test_ran_all,failed,False
cw-sdk-python,https://github.com/cryptowatch/cw-sdk-python,92bd90db16dfc116c0708d19d27208d9bfc990c1,tests/test_api.py,tests/test_api.py::test_assets_endpoints,failed,False
cw-sdk-python,https://github.com/cryptowatch/cw-sdk-python,92bd90db16dfc116c0708d19d27208d9bfc990c1,tests/test_api.py,tests/test_api.py::test_exchanges_endpoints,failed,False
cw-sdk-python,https://github.com/cryptowatch/cw-sdk-python,92bd90db16dfc116c0708d19d27208d9bfc990c1,tests/test_api.py,tests/test_api.py::test_instruments_endpoints,failed,False
cw-sdk-python,https://github.com/cryptowatch/cw-sdk-python,92bd90db16dfc116c0708d19d27208d9bfc990c1,tests/test_api.py,tests/test_api.py::test_markets_endpoints,failed,False
datapungibea,https://github.com/jjotterson/datapungibea,fe3b262b7e2ceffd12621693c94af9b6cc43e408,datapungibea/tests/test_driversCI.py,datapungibea/tests/test_driversCI.py::test_NIPAVintage,failed,False
deezload,https://github.com/vanyakosmos/deezload,8a25f4657d648a3c70b6287a9828cec724c8fa0e,tests/test_base.py,tests/test_base.py::BaseTests::test_playlist_writer,failed,True
devtracker,https://github.com/ConSou/devtracker,ea892d6d48aa5d4627b429469b59ae3f0ce7f10f,devtracker/test_devtracker.py,devtracker/test_devtracker.py::test_full_report,failed,False
dockerpy-creds,https://github.com/shin-/dockerpy-creds,9c0b66d2e445a838e1518f2c3273df7ddc7ec0d4,tests/store_test.py,tests/store_test.py::TestStore::test_execute_with_env_override,error,False
draft,https://github.com/edelgm6/draft,bdd813dfeb914b91c857f8a6675c86c7972555b3,tests/test_cli.py,tests/test_cli.py::TestGenerateProject::test_generate_file_tree,failed,True
draft,https://github.com/edelgm6/draft,bdd813dfeb914b91c857f8a6675c86c7972555b3,tests/test_generator.py,tests/test_generator.py::TestFileTree::test_generate_file_tree,failed,True
dynastes,https://github.com/dynastes-team/dynastes,931b6d9ac83862eb39c2f5144c95b952e9efcd8e,tests/attention_blocks_test.py,tests/attention_blocks_test.py::SelfAttentionBlock1DTest::test_simple,failed,False
dynastes,https://github.com/dynastes-team/dynastes,931b6d9ac83862eb39c2f5144c95b952e9efcd8e,tests/base_layers_test.py,tests/base_layers_test.py::DynastesDenseTest1D::test_simple,failed,True
dynastes,https://github.com/dynastes-team/dynastes,931b6d9ac83862eb39c2f5144c95b952e9efcd8e,tests/base_layers_test.py,tests/base_layers_test.py::DynastesDenseTest1D::test_specnorm,failed,True
dynastes,https://github.com/dynastes-team/dynastes,931b6d9ac83862eb39c2f5144c95b952e9efcd8e,tests/conv_layers_test.py,tests/conv_layers_test.py::DynastesConv1DTest::test_simple,failed,True
dynastes,https://github.com/dynastes-team/dynastes,931b6d9ac83862eb39c2f5144c95b952e9efcd8e,tests/conv_layers_test.py,tests/conv_layers_test.py::DynastesConv1DTest::test_specnorm,failed,True
dynastes,https://github.com/dynastes-team/dynastes,931b6d9ac83862eb39c2f5144c95b952e9efcd8e,tests/conv_layers_test.py,tests/conv_layers_test.py::DynastesConv1DTransposeTest::test_simple,failed,True
dynastes,https://github.com/dynastes-team/dynastes,931b6d9ac83862eb39c2f5144c95b952e9efcd8e,tests/conv_layers_test.py,tests/conv_layers_test.py::DynastesConv1DTransposeTest::test_specnorm,failed,True
dynastes,https://github.com/dynastes-team/dynastes,931b6d9ac83862eb39c2f5144c95b952e9efcd8e,tests/conv_layers_test.py,tests/conv_layers_test.py::DynastesConv2DTest::test_simple,failed,True
dynastes,https://github.com/dynastes-team/dynastes,931b6d9ac83862eb39c2f5144c95b952e9efcd8e,tests/conv_layers_test.py,tests/conv_layers_test.py::DynastesConv2DTest::test_specnorm,failed,False
dynastes,https://github.com/dynastes-team/dynastes,931b6d9ac83862eb39c2f5144c95b952e9efcd8e,tests/conv_layers_test.py,tests/conv_layers_test.py::DynastesConv2DTransposeTest::test_simple,failed,False
dynastes,https://github.com/dynastes-team/dynastes,931b6d9ac83862eb39c2f5144c95b952e9efcd8e,tests/conv_layers_test.py,tests/conv_layers_test.py::DynastesConv2DTransposeTest::test_specnorm,failed,False
dynastes,https://github.com/dynastes-team/dynastes,931b6d9ac83862eb39c2f5144c95b952e9efcd8e,tests/conv_layers_test.py,tests/conv_layers_test.py::DynastesDepthwiseConv1DTest::test_simple,failed,True
dynastes,https://github.com/dynastes-team/dynastes,931b6d9ac83862eb39c2f5144c95b952e9efcd8e,tests/conv_layers_test.py,tests/conv_layers_test.py::DynastesDepthwiseConv1DTest::test_specnorm,failed,False
dynastes,https://github.com/dynastes-team/dynastes,931b6d9ac83862eb39c2f5144c95b952e9efcd8e,tests/conv_layers_test.py,tests/conv_layers_test.py::DynastesDepthwiseConv2DTest::test_simple,failed,True
dynastes,https://github.com/dynastes-team/dynastes,931b6d9ac83862eb39c2f5144c95b952e9efcd8e,tests/conv_layers_test.py,tests/conv_layers_test.py::DynastesDepthwiseConv2DTest::test_specnorm,failed,True
dynastes,https://github.com/dynastes-team/dynastes,931b6d9ac83862eb39c2f5144c95b952e9efcd8e,tests/spectral_layers_test.py,tests/spectral_layers_test.py::STFT2MelSpecLayerTest::test_simple,failed,True
dynastes,https://github.com/dynastes-team/dynastes,931b6d9ac83862eb39c2f5144c95b952e9efcd8e,tests/time_delay_layers_test.py,tests/time_delay_layers_test.py::SeparableTimeDelayLayer1DTest::test_simple,failed,True
dynastes,https://github.com/dynastes-team/dynastes,931b6d9ac83862eb39c2f5144c95b952e9efcd8e,tests/time_delay_layers_test.py,tests/time_delay_layers_test.py::SeparableTimeDelayLayerFake2DTest::test_simple,failed,True
dynastes,https://github.com/dynastes-team/dynastes,931b6d9ac83862eb39c2f5144c95b952e9efcd8e,tests/time_delay_layers_test.py,tests/time_delay_layers_test.py::TimeDelayLayer1DTest::test_simple,failed,True
dynastes,https://github.com/dynastes-team/dynastes,931b6d9ac83862eb39c2f5144c95b952e9efcd8e,tests/time_delay_layers_test.py,tests/time_delay_layers_test.py::TimeDelayLayer1DTest::test_specnorm,failed,True
dynastes,https://github.com/dynastes-team/dynastes,931b6d9ac83862eb39c2f5144c95b952e9efcd8e,tests/time_delay_layers_test.py,tests/time_delay_layers_test.py::TimeDelayLayerFake2DTest::test_simple,failed,False
dzonegit,https://github.com/oskar456/dzonegit,8f952086aa41aee4ebb7432926ed8c6a9211ac9f,test_dzonegit.py,test_dzonegit.py::test_post_receive,failed,False
easyagents,https://github.com/christianhidber/easyagents,d6639e82566c0f8bea6ca714d12643143f919788,easyagents/agents_test.py,easyagents/agents_test.py::DqnAgentsTest::test_dqn,failed,True
easyagents,https://github.com/christianhidber/easyagents,d6639e82566c0f8bea6ca714d12643143f919788,easyagents/agents_test.py,easyagents/agents_test.py::DqnAgentsTest::test_dqn_tforce,failed,True
easyagents,https://github.com/christianhidber/easyagents,d6639e82566c0f8bea6ca714d12643143f919788,easyagents/agents_test.py,easyagents/agents_test.py::DqnAgentsTest::test_dueling_dqn_tforce,failed,True
easyagents,https://github.com/christianhidber/easyagents,d6639e82566c0f8bea6ca714d12643143f919788,easyagents/agents_test.py,easyagents/agents_test.py::PpoAgentTest::test_save_load_tforce,failed,True
easyagents,https://github.com/christianhidber/easyagents,d6639e82566c0f8bea6ca714d12643143f919788,easyagents/agents_test.py,easyagents/agents_test.py::PpoAgentTest::test_train_tforce,failed,True
easyagents,https://github.com/christianhidber/easyagents,d6639e82566c0f8bea6ca714d12643143f919788,easyagents/agents_test.py,easyagents/agents_test.py::ReinforceAgentTest::test_train_tforce,failed,True
easyagents,https://github.com/christianhidber/easyagents,d6639e82566c0f8bea6ca714d12643143f919788,easyagents/backends/tfagents_test.py,easyagents/backends/tfagents_test.py::TfDqnAgentTest::test_train,failed,False
easyagents,https://github.com/christianhidber/easyagents,d6639e82566c0f8bea6ca714d12643143f919788,easyagents/backends/tforce_test.py,easyagents/backends/tforce_test.py::TensorforceAgentTest::test_dqn_train,failed,False
easyagents,https://github.com/christianhidber/easyagents,d6639e82566c0f8bea6ca714d12643143f919788,easyagents/backends/tforce_test.py,easyagents/backends/tforce_test.py::TensorforceAgentTest::test_dueling_dqn_train,failed,False
easyagents,https://github.com/christianhidber/easyagents,d6639e82566c0f8bea6ca714d12643143f919788,easyagents/backends/tforce_test.py,easyagents/backends/tforce_test.py::TensorforceAgentTest::test_ppo_train,failed,False
easyagents,https://github.com/christianhidber/easyagents,d6639e82566c0f8bea6ca714d12643143f919788,easyagents/backends/tforce_test.py,easyagents/backends/tforce_test.py::TensorforceAgentTest::test_reinforce_train,failed,False
easyagents,https://github.com/christianhidber/easyagents,d6639e82566c0f8bea6ca714d12643143f919788,easyagents/backends/tforce_test.py,easyagents/backends/tforce_test.py::TensorforceAgentTest::test_save_,failed,False
HARK,https://github.com/econ-ark/HARK,c9138af45fd0a0d97c718c8558f3ea8d9f2ae820,HARK/ConsumptionSaving/tests/test_IndShockConsumerType.py,HARK/ConsumptionSaving/tests/test_IndShockConsumerType.py::testIndShockConsumerType::test_getShocks,failed,False
edk2-pytool-library,https://github.com/tianocore/edk2-pytool-library,ab6bac82f297b4e8fe0a0d4dcde4711b3cb1bc88,edk2toollib/acpi/ivrs_parser_test.py,edk2toollib/acpi/ivrs_parser_test.py::IvrsParserTest::test_ivrs_parser_ivrs_full,failed,False
epic-lib,https://github.com/epic-kitchens/epic-lib,7f2499aff5fdb62a66e6da92322e5c060ea4a414,tests/unit/internal/test_loading.py,tests/unit/internal/test_loading.py::TestHttpFolder::test_load_file_caches_file_load,error,False
epic-lib,https://github.com/epic-kitchens/epic-lib,7f2499aff5fdb62a66e6da92322e5c060ea4a414,tests/unit/internal/test_loading.py,tests/unit/internal/test_loading.py::TestHttpFolder::test_load_file_creates_parent_dir_if_it_doesnt_exist,error,False
epic-lib,https://github.com/epic-kitchens/epic-lib,7f2499aff5fdb62a66e6da92322e5c060ea4a414,tests/unit/internal/test_loading.py,tests/unit/internal/test_loading.py::TestHttpFolder::test_load_file_downloads_file_if_it_doesnt_exist,error,False
epic-lib,https://github.com/epic-kitchens/epic-lib,7f2499aff5fdb62a66e6da92322e5c060ea4a414,tests/unit/internal/test_loading.py,tests/unit/internal/test_loading.py::TestHttpFolder::test_load_file_uses_loader_for_file,error,False
etaprogress,https://github.com/Robpol86/etaprogress,224e8a248c2bf820bad218763281914ad3983fff,tests/test_progress_progressbar.py,tests/test_progress_progressbar.py::test_defined_wont_fit,failed,False
etaprogress,https://github.com/Robpol86/etaprogress,224e8a248c2bf820bad218763281914ad3983fff,tests/test_progress_progressbarbits.py,tests/test_progress_progressbarbits.py::test_defined_long,failed,False
etaprogress,https://github.com/Robpol86/etaprogress,224e8a248c2bf820bad218763281914ad3983fff,tests/test_progress_progressbarbits.py,tests/test_progress_progressbarbits.py::test_defined_wont_fit,failed,False
etaprogress,https://github.com/Robpol86/etaprogress,224e8a248c2bf820bad218763281914ad3983fff,tests/test_progress_progressbarbytes.py,tests/test_progress_progressbarbytes.py::test_defined_long,failed,False
etaprogress,https://github.com/Robpol86/etaprogress,224e8a248c2bf820bad218763281914ad3983fff,tests/test_progress_progressbarbytes.py,tests/test_progress_progressbarbytes.py::test_defined_wont_fit,failed,False
feature_engine,https://github.com/solegalli/feature_engine,ba4d7050b3923d620c1773b66cd4c51ed24498dd,tests/test_missing_data_imputer.py,tests/test_missing_data_imputer.py::test_EndTailImputer,failed,True
feature_engine,https://github.com/solegalli/feature_engine,ba4d7050b3923d620c1773b66cd4c51ed24498dd,tests/test_missing_data_imputer.py,tests/test_missing_data_imputer.py::test_MeanMedianImputer,failed,True
flask-apify,https://github.com/vitalk/flask-apify,f486d2616575be0e460ccf354d22badb7d68b387,tests/test_serializers.py,tests/test_serializers.py::TestJSONPSerializer::test_support_custom_callback_name,failed,False
flask-apify,https://github.com/vitalk/flask-apify,f486d2616575be0e460ccf354d22badb7d68b387,tests/test_serializers.py,tests/test_serializers.py::TestJSONPSerializer::test_use_callback_function_from_request_arguments_to_wrap_output,failed,False
flask-request-logger,https://github.com/BbsonLin/flask-request-logger,26b87d56cf1dffb3f8d6a2ca8c2b1873b9d6a65e,tests/test_api.py,tests/test_api.py::test_req_log,failed,False
flask-request-logger,https://github.com/BbsonLin/flask-request-logger,26b87d56cf1dffb3f8d6a2ca8c2b1873b9d6a65e,tests/test_api.py,tests/test_api.py::test_resp_log,failed,False
flask-rest-jsonapi,https://github.com/miLibris/flask-rest-jsonapi,b44bc08b11213d49fadae873650d3555889052ec,tests/test_sqlalchemy_data_layer.py,tests/test_sqlalchemy_data_layer.py::test_sqlalchemy_data_layer_get_relationship_field_not_found,failed,False
flask-sqlalchemy-booster,https://github.com/SuryaSankar/flask-sqlalchemy-booster,e43980e29a18e725d791b87ce1b677470bbaf22c,tests/test_view_boosters/test_todo_list_api/test_api_endpoints.py,tests/test_view_boosters/test_todo_list_api/test_api_endpoints.py::test_task_filtering,failed,False
flask-unchained,https://github.com/briancappello/flask-unchained,9004dc99db14813e20bea8c4023a45aa3a120965,tests/hooks/test_extension_hooks.py,tests/hooks/test_extension_hooks.py::TestRegisterExtensionsHook::test_process_objects,error,True
fooof,https://github.com/voytekresearch/fooof,7a520c4f8ac3a44f4f18dc025b5e5d40049c9f2b,fooof/tests/objs/test_fit.py,fooof/tests/objs/test_fit.py::test_fooof_load,failed,False
fooof,https://github.com/voytekresearch/fooof,7a520c4f8ac3a44f4f18dc025b5e5d40049c9f2b,fooof/tests/objs/test_group.py,fooof/tests/objs/test_group.py::test_fg_load,failed,False
fooof,https://github.com/voytekresearch/fooof,7a520c4f8ac3a44f4f18dc025b5e5d40049c9f2b,fooof/tests/utils/test_io.py,fooof/tests/utils/test_io.py::test_load_fooof,failed,False
fooof,https://github.com/voytekresearch/fooof,7a520c4f8ac3a44f4f18dc025b5e5d40049c9f2b,fooof/tests/utils/test_io.py,fooof/tests/utils/test_io.py::test_load_fooofgroup,failed,False
gwopensci,https://github.com/duncanmmacleod/gwopensci,06b56ce506fda3af4857c8a1aae7bb60fb1925e9,gwosc/tests/test_datasets.py,gwosc/tests/test_datasets.py::test_find_datasets_type,failed,True
hirefire,https://github.com/ryanhiebert/hirefire,cf8686d127cc914cea350350b5bfe8acfa4163ce,tests/contrib/django/test_middleware.py,tests/contrib/django/test_middleware.py::TestHireFireMiddleware::test_token,failed,False
iexfinance,https://github.com/addisonlynch/iexfinance,e502c671643a10121dd423c5665adc56b982199b,iexfinance/tests/stocks/test_endpoints.py,iexfinance/tests/stocks/test_endpoints.py::TestHistorical::test_invalid_dates,failed,False
iexfinance,https://github.com/addisonlynch/iexfinance,e502c671643a10121dd423c5665adc56b982199b,iexfinance/tests/stocks/test_endpoints.py,iexfinance/tests/stocks/test_endpoints.py::TestHistorical::test_invalid_dates_batch,failed,False
iexfinance,https://github.com/addisonlynch/iexfinance,e502c671643a10121dd423c5665adc56b982199b,iexfinance/tests/stocks/test_endpoints.py,iexfinance/tests/stocks/test_endpoints.py::TestHistorical::test_reader_chart_range,failed,False
iexfinance,https://github.com/addisonlynch/iexfinance,e502c671643a10121dd423c5665adc56b982199b,iexfinance/tests/test_altdata.py,iexfinance/tests/test_altdata.py::TestSocialSentiment::test_social_url[20190101-None-/stock/AAPL/sentiment/daily/20190101],failed,False
iexfinance,https://github.com/addisonlynch/iexfinance,e502c671643a10121dd423c5665adc56b982199b,iexfinance/tests/test_altdata.py,iexfinance/tests/test_altdata.py::TestSocialSentiment::test_social_url[20190101-minute-/stock/AAPL/sentiment/minute/20190101],failed,False
iexfinance,https://github.com/addisonlynch/iexfinance,e502c671643a10121dd423c5665adc56b982199b,iexfinance/tests/test_altdata.py,iexfinance/tests/test_altdata.py::TestSocialSentiment::test_social_url[None-None-/stock/AAPL/sentiment/daily],failed,False
iexfinance,https://github.com/addisonlynch/iexfinance,e502c671643a10121dd423c5665adc56b982199b,iexfinance/tests/test_auth.py,iexfinance/tests/test_auth.py::TestAuth::test_cloud_fails_no_token,error,False
iexfinance,https://github.com/addisonlynch/iexfinance,e502c671643a10121dd423c5665adc56b982199b,iexfinance/tests/test_auth.py,iexfinance/tests/test_auth.py::TestAuth::test_stock_quote_fails_no_key,error,False
iexfinance,https://github.com/addisonlynch/iexfinance,e502c671643a10121dd423c5665adc56b982199b,iexfinance/tests/test_base.py,iexfinance/tests/test_base.py::TestBase::test_all_defaults,failed,False
iexfinance,https://github.com/addisonlynch/iexfinance,e502c671643a10121dd423c5665adc56b982199b,iexfinance/tests/test_base.py,iexfinance/tests/test_base.py::TestBase::test_output_format_env,failed,False
iexfinance,https://github.com/addisonlynch/iexfinance,e502c671643a10121dd423c5665adc56b982199b,iexfinance/tests/test_base.py,iexfinance/tests/test_base.py::TestBase::test_output_format_passed,failed,False
instabot,https://github.com/instagrambot/instabot,d68b55015322898c3842c92dcc5989581043252e,tests/test_bot_unlike.py,tests/test_bot_unlike.py::TestBotFilter::test_unlike_user,failed,False
isle,https://github.com/dmkskn/isle,81397e6e8c75543f9fd2efd2c34928077542da2a,tests/test_objects/test_person.py,tests/test_objects/test_person.py::test_cast_attr,error,False
isle,https://github.com/dmkskn/isle,81397e6e8c75543f9fd2efd2c34928077542da2a,tests/test_objects/test_person.py,tests/test_objects/test_person.py::test_gender_attr,error,False
isle,https://github.com/dmkskn/isle,81397e6e8c75543f9fd2efd2c34928077542da2a,tests/test_objects/test_person.py,tests/test_objects/test_person.py::test_get_combined_credits,failed,False
isle,https://github.com/dmkskn/isle,81397e6e8c75543f9fd2efd2c34928077542da2a,tests/test_objects/test_person.py,tests/test_objects/test_person.py::test_get_details,failed,False
isle,https://github.com/dmkskn/isle,81397e6e8c75543f9fd2efd2c34928077542da2a,tests/test_objects/test_person.py,tests/test_objects/test_person.py::test_get_external_ids,failed,False
isle,https://github.com/dmkskn/isle,81397e6e8c75543f9fd2efd2c34928077542da2a,tests/test_objects/test_person.py,tests/test_objects/test_person.py::test_get_images,failed,False
isle,https://github.com/dmkskn/isle,81397e6e8c75543f9fd2efd2c34928077542da2a,tests/test_objects/test_person.py,tests/test_objects/test_person.py::test_get_movie_credits,failed,False
isle,https://github.com/dmkskn/isle,81397e6e8c75543f9fd2efd2c34928077542da2a,tests/test_objects/test_person.py,tests/test_objects/test_person.py::test_get_show_credits,failed,False
isle,https://github.com/dmkskn/isle,81397e6e8c75543f9fd2efd2c34928077542da2a,tests/test_objects/test_person.py,tests/test_objects/test_person.py::test_get_translations,failed,False
isle,https://github.com/dmkskn/isle,81397e6e8c75543f9fd2efd2c34928077542da2a,tests/test_objects/test_person.py,tests/test_objects/test_person.py::test_is_adult_attr,error,False
isle,https://github.com/dmkskn/isle,81397e6e8c75543f9fd2efd2c34928077542da2a,tests/test_person.py,tests/test_person.py::test_get_popular,failed,False
isle,https://github.com/dmkskn/isle,81397e6e8c75543f9fd2efd2c34928077542da2a,tests/test_show.py,tests/test_show.py::test_get_airing_today,failed,False
isle,https://github.com/dmkskn/isle,81397e6e8c75543f9fd2efd2c34928077542da2a,tests/test_show.py,tests/test_show.py::test_get_top_rated,failed,False
kool,https://github.com/edasi/kool,efe847a05c1a07af5eddeeeb700fdefcb6c9ced9,tests/contrib/quizzes/test_question.py,tests/contrib/quizzes/test_question.py::TestQuestion::test_add_answers,error,True
kool,https://github.com/edasi/kool,efe847a05c1a07af5eddeeeb700fdefcb6c9ced9,tests/db/flatfile/test_database.py,tests/db/flatfile/test_database.py::TestFlatFile::test_tables,error,True
lcc-server,https://github.com/waqasbhatti/lcc-server,b8256bf28aee42e628abe27f0203d6f5361fb84b,lccserver/tests/test_cli.py,lccserver/tests/test_cli.py::test_augcat_kdtree_databases,failed,True
mihifepe,https://github.com/Craven-Biostat-Lab/mihifepe,7f03e4413d1e42e9265d790cb64c41f34dbea5ab,tests/test_mihifepe.py,tests/test_mihifepe.py::test_simulation_gaussian_noise,failed,True
mihifepe,https://github.com/Craven-Biostat-Lab/mihifepe,7f03e4413d1e42e9265d790cb64c41f34dbea5ab,tests/test_mihifepe.py,tests/test_mihifepe.py::test_simulation_noisy_interactions,failed,True
mihifepe,https://github.com/Craven-Biostat-Lab/mihifepe,7f03e4413d1e42e9265d790cb64c41f34dbea5ab,tests/test_mihifepe.py,tests/test_mihifepe.py::test_simulation_random_hierarchy,failed,True
mihifepe,https://github.com/Craven-Biostat-Lab/mihifepe,7f03e4413d1e42e9265d790cb64c41f34dbea5ab,tests/test_mihifepe.py,tests/test_mihifepe.py::test_simulation_shuffling_interactions,failed,True
model-sdk,https://github.com/runwayml/model-sdk,3132b2ab424f1020e8d30e4897057103ab3e6623,tests/test_model.py,tests/test_model.py::test_inference_async_provide_id,failed,True
msticpy,https://github.com/microsoft/msticpy,e159059b7086d03289e2bc31a905014811c3095c,tests/nbtools/test_nbinit.py,tests/nbtools/test_nbinit.py::test_check_config,failed,False
novelWriter,https://github.com/vkbo/novelWriter,559f2e53e410f9793ab08c2ef7ed308f75c92985,tests/test_item.py,tests/test_item.py::testItemXMLPackUnpack,failed,False
novelWriter,https://github.com/vkbo/novelWriter,559f2e53e410f9793ab08c2ef7ed308f75c92985,tests/test_project.py,tests/test_project.py::testProjectSave,failed,False
nxviz,https://github.com/ericmjl/nxviz,d2a2a622e834148a9f4337dbe1021a05c5f18548,tests/test_plots.py,tests/test_plots.py::test_matrix_plot,failed,False
pidom,https://github.com/Oprax/pidom,b92741ee3c3e16cbaa2a2fa69ca1a103cfa52463,test_pidom.py,test_pidom.py::test_group,failed,False
pidom,https://github.com/Oprax/pidom,b92741ee3c3e16cbaa2a2fa69ca1a103cfa52463,test_pidom.py,test_pidom.py::test_reset,failed,False
pidom,https://github.com/Oprax/pidom,b92741ee3c3e16cbaa2a2fa69ca1a103cfa52463,test_pidom.py,test_pidom.py::test_switch,failed,False
pidom,https://github.com/Oprax/pidom,b92741ee3c3e16cbaa2a2fa69ca1a103cfa52463,test_pidom.py,test_pidom.py::test_synchronize,failed,False
pidom,https://github.com/Oprax/pidom,b92741ee3c3e16cbaa2a2fa69ca1a103cfa52463,test_pidom.py,test_pidom.py::test_toggle,failed,False
pip-validate,https://github.com/ohjeah/pip-validate,9651b4dd6a252650c3a707218054b1baadc8b944,test_pip_validate.py,test_pip_validate.py::test_match_to_alias,failed,True
pip-validate,https://github.com/ohjeah/pip-validate,9651b4dd6a252650c3a707218054b1baadc8b944,test_pip_validate.py,test_pip_validate.py::test_validate_imports_alias,failed,True
puppetboard,https://github.com/voxpupuli/puppetboard,974c51ad6c08d99662ba013789565f63cd431b03,test/test_app.py,test/test_app.py::test_radiator_view_bad_env,failed,False
pymdb,https://github.com/zembrodt/pymdb,bca5a414fdcdbbc1f86ed5b284945665c1edf43f,tests/test_scraper.py,tests/test_scraper.py::TestGetCompany::test_get_company_multiple_pages,failed,True
pyrieef,https://github.com/humans-to-robots-motion/pyrieef,73a82d3250db8b48a1602bd5422bb3902fc11e57,tests/test_workspace.py,tests/test_workspace.py::test_axis_aligned_box,failed,False
pyserverpilot,https://github.com/opper/pyserverpilot,b6b896fea1155fa95febde84f74e0d2230523ab0,tests/test_app.py,tests/test_app.py::TestApp::test_enable_force_ssl,failed,False
pytenable,https://github.com/tenable/pytenable,79c769cf22799125c39fa9fb86c5ef333beb96b4,tests/io/test_base.py,tests/io/test_base.py::test_base_parse_filter_accessgroup,error,False
pytenable,https://github.com/tenable/pytenable,79c769cf22799125c39fa9fb86c5ef333beb96b4,tests/io/test_base.py,tests/io/test_base.py::test_base_parse_filter_colon,error,False
pytenable,https://github.com/tenable/pytenable,79c769cf22799125c39fa9fb86c5ef333beb96b4,tests/io/test_base.py,tests/io/test_base.py::test_base_parse_filter_sjson,error,False
pytenable,https://github.com/tenable/pytenable,79c769cf22799125c39fa9fb86c5ef333beb96b4,tests/io/test_base.py,tests/io/test_base.py::test_base_parse_filters_json,error,False
pytenable,https://github.com/tenable/pytenable,79c769cf22799125c39fa9fb86c5ef333beb96b4,tests/io/test_scans.py,tests/io/test_scans.py::test_scan_export_bytesio,failed,False
pytenable,https://github.com/tenable/pytenable,79c769cf22799125c39fa9fb86c5ef333beb96b4,tests/io/test_scans.py,tests/io/test_scans.py::test_scan_export_chapters_typeerror,failed,False
pytenable,https://github.com/tenable/pytenable,79c769cf22799125c39fa9fb86c5ef333beb96b4,tests/io/test_scans.py,tests/io/test_scans.py::test_scan_export_chapters_unexpectedvalueerror,failed,False
pytenable,https://github.com/tenable/pytenable,79c769cf22799125c39fa9fb86c5ef333beb96b4,tests/io/test_scans.py,tests/io/test_scans.py::test_scan_export_file_object,failed,False
pytenable,https://github.com/tenable/pytenable,79c769cf22799125c39fa9fb86c5ef333beb96b4,tests/io/test_scans.py,tests/io/test_scans.py::test_scan_export_filter_type_typeerror,failed,False
pytenable,https://github.com/tenable/pytenable,79c769cf22799125c39fa9fb86c5ef333beb96b4,tests/io/test_scans.py,tests/io/test_scans.py::test_scan_export_filter_type_unexpectedvalueerror,failed,False
pytenable,https://github.com/tenable/pytenable,79c769cf22799125c39fa9fb86c5ef333beb96b4,tests/io/test_scans.py,tests/io/test_scans.py::test_scan_export_format_typeerror,failed,False
pytenable,https://github.com/tenable/pytenable,79c769cf22799125c39fa9fb86c5ef333beb96b4,tests/io/test_scans.py,tests/io/test_scans.py::test_scan_export_format_unexpectedvalueerror,failed,False
pytenable,https://github.com/tenable/pytenable,79c769cf22799125c39fa9fb86c5ef333beb96b4,tests/io/test_scans.py,tests/io/test_scans.py::test_scan_export_history_id_typeerror,failed,False
pytenable,https://github.com/tenable/pytenable,79c769cf22799125c39fa9fb86c5ef333beb96b4,tests/io/test_scans.py,tests/io/test_scans.py::test_scan_export_password_typeerror,failed,False
pytenable,https://github.com/tenable/pytenable,79c769cf22799125c39fa9fb86c5ef333beb96b4,tests/io/test_scans.py,tests/io/test_scans.py::test_scan_export_was,failed,False
pytenable,https://github.com/tenable/pytenable,79c769cf22799125c39fa9fb86c5ef333beb96b4,tests/io/test_scans.py,tests/io/test_scans.py::test_scan_export_was_typeerror,failed,False
pytenable,https://github.com/tenable/pytenable,79c769cf22799125c39fa9fb86c5ef333beb96b4,tests/io/test_scans.py,tests/io/test_scans.py::test_scan_import_scan,failed,False
pytenable,https://github.com/tenable/pytenable,79c769cf22799125c39fa9fb86c5ef333beb96b4,tests/io/test_workbenches.py,tests/io/test_workbenches.py::test_workbench_asset_vuln_info,failed,False
pytenable,https://github.com/tenable/pytenable,79c769cf22799125c39fa9fb86c5ef333beb96b4,tests/io/test_workbenches.py,tests/io/test_workbenches.py::test_workbench_asset_vuln_output,failed,False
pytenable,https://github.com/tenable/pytenable,79c769cf22799125c39fa9fb86c5ef333beb96b4,tests/io/test_workbenches.py,tests/io/test_workbenches.py::test_workbench_asset_vulns,failed,False
pytenable,https://github.com/tenable/pytenable,79c769cf22799125c39fa9fb86c5ef333beb96b4,tests/io/test_workbenches.py,tests/io/test_workbenches.py::test_workbench_asset_vulns_filtered,failed,False
pytenable,https://github.com/tenable/pytenable,79c769cf22799125c39fa9fb86c5ef333beb96b4,tests/io/test_workbenches.py,tests/io/test_workbenches.py::test_workbench_export_asset_uuid,failed,False
python-dugong,https://github.com/python-dugong/python-dugong,00dd4d5aab6eddb116cace2829a9f93bda153664,test/test_dugong.py,test/test_dugong.py::test_smallbuffer[plain-103],error,True
reframe,https://github.com/eth-cscs/reframe,576eb3f1dcc015d1e6d7a10602c748d4f810da68,unittests/test_check_filters.py,unittests/test_check_filters.py::TestCheckFilters::test_have_cpu_only,failed,False
reframe,https://github.com/eth-cscs/reframe,576eb3f1dcc015d1e6d7a10602c748d4f810da68,unittests/test_check_filters.py,unittests/test_check_filters.py::TestCheckFilters::test_have_gpu_only,failed,False
reframe,https://github.com/eth-cscs/reframe,576eb3f1dcc015d1e6d7a10602c748d4f810da68,unittests/test_check_filters.py,unittests/test_check_filters.py::TestCheckFilters::test_have_name,failed,False
reframe,https://github.com/eth-cscs/reframe,576eb3f1dcc015d1e6d7a10602c748d4f810da68,unittests/test_check_filters.py,unittests/test_check_filters.py::TestCheckFilters::test_have_not_name,failed,False
reframe,https://github.com/eth-cscs/reframe,576eb3f1dcc015d1e6d7a10602c748d4f810da68,unittests/test_check_filters.py,unittests/test_check_filters.py::TestCheckFilters::test_have_prgenv,failed,False
reframe,https://github.com/eth-cscs/reframe,576eb3f1dcc015d1e6d7a10602c748d4f810da68,unittests/test_check_filters.py,unittests/test_check_filters.py::TestCheckFilters::test_have_tags,failed,False
reframe,https://github.com/eth-cscs/reframe,576eb3f1dcc015d1e6d7a10602c748d4f810da68,unittests/test_check_filters.py,unittests/test_check_filters.py::TestCheckFilters::test_invalid_regex,failed,False
reframe,https://github.com/eth-cscs/reframe,576eb3f1dcc015d1e6d7a10602c748d4f810da68,unittests/test_check_filters.py,unittests/test_check_filters.py::TestCheckFilters::test_partition,failed,False
reframe,https://github.com/eth-cscs/reframe,576eb3f1dcc015d1e6d7a10602c748d4f810da68,unittests/test_environments.py,unittests/test_environments.py::TestEnvironment::test_environ_snapshot,failed,False
reframe,https://github.com/eth-cscs/reframe,576eb3f1dcc015d1e6d7a10602c748d4f810da68,unittests/test_environments.py,unittests/test_environments.py::TestEnvironment::test_immutability,failed,False
reframe,https://github.com/eth-cscs/reframe,576eb3f1dcc015d1e6d7a10602c748d4f810da68,unittests/test_environments.py,unittests/test_environments.py::TestEnvironment::test_load_non_overlapping,failed,False
reframe,https://github.com/eth-cscs/reframe,576eb3f1dcc015d1e6d7a10602c748d4f810da68,unittests/test_environments.py,unittests/test_environments.py::TestEnvironment::test_load_overlapping,failed,False
reframe,https://github.com/eth-cscs/reframe,576eb3f1dcc015d1e6d7a10602c748d4f810da68,unittests/test_environments.py,unittests/test_environments.py::TestEnvironment::test_load_restore,failed,False
reframe,https://github.com/eth-cscs/reframe,576eb3f1dcc015d1e6d7a10602c748d4f810da68,unittests/test_environments.py,unittests/test_environments.py::TestEnvironment::test_setup,failed,False
reframe,https://github.com/eth-cscs/reframe,576eb3f1dcc015d1e6d7a10602c748d4f810da68,unittests/test_loader.py,unittests/test_loader.py::TestRegressionCheckLoader::test_conflicted_checks,failed,False
reframe,https://github.com/eth-cscs/reframe,576eb3f1dcc015d1e6d7a10602c748d4f810da68,unittests/test_loader.py,unittests/test_loader.py::TestRegressionCheckLoader::test_load_all,failed,False
reframe,https://github.com/eth-cscs/reframe,576eb3f1dcc015d1e6d7a10602c748d4f810da68,unittests/test_loader.py,unittests/test_loader.py::TestRegressionCheckLoader::test_load_bad_init,failed,False
reframe,https://github.com/eth-cscs/reframe,576eb3f1dcc015d1e6d7a10602c748d4f810da68,unittests/test_loader.py,unittests/test_loader.py::TestRegressionCheckLoader::test_load_file_absolute,failed,False
reframe,https://github.com/eth-cscs/reframe,576eb3f1dcc015d1e6d7a10602c748d4f810da68,unittests/test_loader.py,unittests/test_loader.py::TestRegressionCheckLoader::test_load_file_relative,failed,False
reframe,https://github.com/eth-cscs/reframe,576eb3f1dcc015d1e6d7a10602c748d4f810da68,unittests/test_loader.py,unittests/test_loader.py::TestRegressionCheckLoader::test_load_new_syntax,failed,False
reframe,https://github.com/eth-cscs/reframe,576eb3f1dcc015d1e6d7a10602c748d4f810da68,unittests/test_loader.py,unittests/test_loader.py::TestRegressionCheckLoader::test_load_recursive,failed,False
reframe,https://github.com/eth-cscs/reframe,576eb3f1dcc015d1e6d7a10602c748d4f810da68,unittests/test_logging.py,unittests/test_logging.py::TestLogger::test_check_logger,failed,False
reframe,https://github.com/eth-cscs/reframe,576eb3f1dcc015d1e6d7a10602c748d4f810da68,unittests/test_logging.py,unittests/test_logging.py::TestLogger::test_custom_handler_levels,failed,False
reframe,https://github.com/eth-cscs/reframe,576eb3f1dcc015d1e6d7a10602c748d4f810da68,unittests/test_logging.py,unittests/test_logging.py::TestLogger::test_custom_loglevels,failed,False
reframe,https://github.com/eth-cscs/reframe,576eb3f1dcc015d1e6d7a10602c748d4f810da68,unittests/test_logging.py,unittests/test_logging.py::TestLogger::test_handler_types,failed,False
reframe,https://github.com/eth-cscs/reframe,576eb3f1dcc015d1e6d7a10602c748d4f810da68,unittests/test_logging.py,unittests/test_logging.py::TestLogger::test_invalid_loglevel,failed,False
reframe,https://github.com/eth-cscs/reframe,576eb3f1dcc015d1e6d7a10602c748d4f810da68,unittests/test_logging.py,unittests/test_logging.py::TestLogger::test_logger_levels,failed,False
reframe,https://github.com/eth-cscs/reframe,576eb3f1dcc015d1e6d7a10602c748d4f810da68,unittests/test_logging.py,unittests/test_logging.py::TestLogger::test_rfc3339_timezone_extension,failed,False
reframe,https://github.com/eth-cscs/reframe,576eb3f1dcc015d1e6d7a10602c748d4f810da68,unittests/test_logging.py,unittests/test_logging.py::TestLogger::test_rfc3339_timezone_wrong_directive,failed,False
reframe,https://github.com/eth-cscs/reframe,576eb3f1dcc015d1e6d7a10602c748d4f810da68,unittests/test_pipeline.py,unittests/test_pipeline.py::test_environ_setup,error,False
reframe,https://github.com/eth-cscs/reframe,576eb3f1dcc015d1e6d7a10602c748d4f810da68,unittests/test_pipeline.py,unittests/test_pipeline.py::test_hellocheck_local,error,False
reframe,https://github.com/eth-cscs/reframe,576eb3f1dcc015d1e6d7a10602c748d4f810da68,unittests/test_pipeline.py,unittests/test_pipeline.py::test_hellocheck_local_prepost_run,error,False
reframe,https://github.com/eth-cscs/reframe,576eb3f1dcc015d1e6d7a10602c748d4f810da68,unittests/test_pipeline.py,unittests/test_pipeline.py::test_name_compileonly_test,failed,False
reframe,https://github.com/eth-cscs/reframe,576eb3f1dcc015d1e6d7a10602c748d4f810da68,unittests/test_pipeline.py,unittests/test_pipeline.py::test_name_runonly_test,failed,False
reframe,https://github.com/eth-cscs/reframe,576eb3f1dcc015d1e6d7a10602c748d4f810da68,unittests/test_pipeline.py,unittests/test_pipeline.py::test_name_user_inheritance,failed,False
reframe,https://github.com/eth-cscs/reframe,576eb3f1dcc015d1e6d7a10602c748d4f810da68,unittests/test_pipeline.py,unittests/test_pipeline.py::test_registration_of_tests,failed,False
reframe,https://github.com/eth-cscs/reframe,576eb3f1dcc015d1e6d7a10602c748d4f810da68,unittests/test_pipeline.py,unittests/test_pipeline.py::test_regression_test_name,failed,False
reframe,https://github.com/eth-cscs/reframe,576eb3f1dcc015d1e6d7a10602c748d4f810da68,unittests/test_pipeline.py,unittests/test_pipeline.py::test_strange_test_names,failed,False
reframe,https://github.com/eth-cscs/reframe,576eb3f1dcc015d1e6d7a10602c748d4f810da68,unittests/test_pipeline.py,unittests/test_pipeline.py::test_supports_environ,error,False
reframe,https://github.com/eth-cscs/reframe,576eb3f1dcc015d1e6d7a10602c748d4f810da68,unittests/test_pipeline.py,unittests/test_pipeline.py::test_supports_system,error,False
reframe,https://github.com/eth-cscs/reframe,576eb3f1dcc015d1e6d7a10602c748d4f810da68,unittests/test_schedulers.py,unittests/test_schedulers.py::test_cancel_before_submit[local],failed,False
reframe,https://github.com/eth-cscs/reframe,576eb3f1dcc015d1e6d7a10602c748d4f810da68,unittests/test_schedulers.py,unittests/test_schedulers.py::test_cancel_before_submit[pbs],error,False
reframe,https://github.com/eth-cscs/reframe,576eb3f1dcc015d1e6d7a10602c748d4f810da68,unittests/test_schedulers.py,unittests/test_schedulers.py::test_cancel_before_submit[slurm],error,False
reframe,https://github.com/eth-cscs/reframe,576eb3f1dcc015d1e6d7a10602c748d4f810da68,unittests/test_schedulers.py,unittests/test_schedulers.py::test_cancel_before_submit[squeue],error,False
reframe,https://github.com/eth-cscs/reframe,576eb3f1dcc015d1e6d7a10602c748d4f810da68,unittests/test_schedulers.py,unittests/test_schedulers.py::test_cancel_before_submit[torque],error,False
reframe,https://github.com/eth-cscs/reframe,576eb3f1dcc015d1e6d7a10602c748d4f810da68,unittests/test_schedulers.py,unittests/test_schedulers.py::test_cancel_term_ignore[local],failed,False
reframe,https://github.com/eth-cscs/reframe,576eb3f1dcc015d1e6d7a10602c748d4f810da68,unittests/test_schedulers.py,unittests/test_schedulers.py::test_cancel_with_grace[local],failed,False
reframe,https://github.com/eth-cscs/reframe,576eb3f1dcc015d1e6d7a10602c748d4f810da68,unittests/test_schedulers.py,unittests/test_schedulers.py::test_combined_access_constraint[slurm],failed,False
reframe,https://github.com/eth-cscs/reframe,576eb3f1dcc015d1e6d7a10602c748d4f810da68,unittests/test_schedulers.py,unittests/test_schedulers.py::test_combined_access_constraint[squeue],failed,False
reframe,https://github.com/eth-cscs/reframe,576eb3f1dcc015d1e6d7a10602c748d4f810da68,unittests/test_schedulers.py,unittests/test_schedulers.py::test_combined_access_multiple_constraints[slurm],failed,False
reframe,https://github.com/eth-cscs/reframe,576eb3f1dcc015d1e6d7a10602c748d4f810da68,unittests/test_schedulers.py,unittests/test_schedulers.py::test_combined_access_multiple_constraints[squeue],failed,False
reframe,https://github.com/eth-cscs/reframe,576eb3f1dcc015d1e6d7a10602c748d4f810da68,unittests/test_schedulers.py,unittests/test_schedulers.py::test_combined_access_verbatim_constraint[slurm],failed,False
reframe,https://github.com/eth-cscs/reframe,576eb3f1dcc015d1e6d7a10602c748d4f810da68,unittests/test_schedulers.py,unittests/test_schedulers.py::test_combined_access_verbatim_constraint[squeue],failed,False
reframe,https://github.com/eth-cscs/reframe,576eb3f1dcc015d1e6d7a10602c748d4f810da68,unittests/test_schedulers.py,unittests/test_schedulers.py::test_flex_alloc_constraint_idle,error,False
reframe,https://github.com/eth-cscs/reframe,576eb3f1dcc015d1e6d7a10602c748d4f810da68,unittests/test_schedulers.py,unittests/test_schedulers.py::test_flex_alloc_default_partition_all,error,False
reframe,https://github.com/eth-cscs/reframe,576eb3f1dcc015d1e6d7a10602c748d4f810da68,unittests/test_schedulers.py,unittests/test_schedulers.py::test_flex_alloc_enough_nodes_constraint_partition,error,False
reframe,https://github.com/eth-cscs/reframe,576eb3f1dcc015d1e6d7a10602c748d4f810da68,unittests/test_schedulers.py,unittests/test_schedulers.py::test_flex_alloc_exclude_nodes_cmd,error,False
reframe,https://github.com/eth-cscs/reframe,576eb3f1dcc015d1e6d7a10602c748d4f810da68,unittests/test_schedulers.py,unittests/test_schedulers.py::test_flex_alloc_exclude_nodes_opt,error,False
reframe,https://github.com/eth-cscs/reframe,576eb3f1dcc015d1e6d7a10602c748d4f810da68,unittests/test_schedulers.py,unittests/test_schedulers.py::test_flex_alloc_invalid_constraint,error,False
reframe,https://github.com/eth-cscs/reframe,576eb3f1dcc015d1e6d7a10602c748d4f810da68,unittests/test_schedulers.py,unittests/test_schedulers.py::test_flex_alloc_invalid_partition_cmd,error,False
reframe,https://github.com/eth-cscs/reframe,576eb3f1dcc015d1e6d7a10602c748d4f810da68,unittests/test_schedulers.py,unittests/test_schedulers.py::test_flex_alloc_invalid_partition_opt,error,False
reframe,https://github.com/eth-cscs/reframe,576eb3f1dcc015d1e6d7a10602c748d4f810da68,unittests/test_schedulers.py,unittests/test_schedulers.py::test_flex_alloc_maintenance_nodes,error,False
reframe,https://github.com/eth-cscs/reframe,576eb3f1dcc015d1e6d7a10602c748d4f810da68,unittests/test_schedulers.py,unittests/test_schedulers.py::test_flex_alloc_no_num_tasks_per_node,error,False
reframe,https://github.com/eth-cscs/reframe,576eb3f1dcc015d1e6d7a10602c748d4f810da68,unittests/test_schedulers.py,unittests/test_schedulers.py::test_flex_alloc_nodes_negative,error,False
reframe,https://github.com/eth-cscs/reframe,576eb3f1dcc015d1e6d7a10602c748d4f810da68,unittests/test_schedulers.py,unittests/test_schedulers.py::test_flex_alloc_nodes_positive,error,False
reframe,https://github.com/eth-cscs/reframe,576eb3f1dcc015d1e6d7a10602c748d4f810da68,unittests/test_schedulers.py,unittests/test_schedulers.py::test_flex_alloc_nodes_zero,error,False
reframe,https://github.com/eth-cscs/reframe,576eb3f1dcc015d1e6d7a10602c748d4f810da68,unittests/test_schedulers.py,unittests/test_schedulers.py::test_flex_alloc_not_enough_idle_nodes,error,False
reframe,https://github.com/eth-cscs/reframe,576eb3f1dcc015d1e6d7a10602c748d4f810da68,unittests/test_schedulers.py,unittests/test_schedulers.py::test_flex_alloc_not_enough_nodes_constraint_partition,error,False
reframe,https://github.com/eth-cscs/reframe,576eb3f1dcc015d1e6d7a10602c748d4f810da68,unittests/test_schedulers.py,unittests/test_schedulers.py::test_flex_alloc_partition_idle,error,False
reframe,https://github.com/eth-cscs/reframe,576eb3f1dcc015d1e6d7a10602c748d4f810da68,unittests/test_schedulers.py,unittests/test_schedulers.py::test_flex_alloc_sched_access_constraint_partition,error,False
reframe,https://github.com/eth-cscs/reframe,576eb3f1dcc015d1e6d7a10602c748d4f810da68,unittests/test_schedulers.py,unittests/test_schedulers.py::test_flex_alloc_sched_access_idle,error,False
reframe,https://github.com/eth-cscs/reframe,576eb3f1dcc015d1e6d7a10602c748d4f810da68,unittests/test_schedulers.py,unittests/test_schedulers.py::test_flex_alloc_sched_access_idle_sequence_view,error,False
reframe,https://github.com/eth-cscs/reframe,576eb3f1dcc015d1e6d7a10602c748d4f810da68,unittests/test_schedulers.py,unittests/test_schedulers.py::test_flex_alloc_sched_access_partition,error,False
reframe,https://github.com/eth-cscs/reframe,576eb3f1dcc015d1e6d7a10602c748d4f810da68,unittests/test_schedulers.py,unittests/test_schedulers.py::test_flex_alloc_valid_constraint_opt,error,False
reframe,https://github.com/eth-cscs/reframe,576eb3f1dcc015d1e6d7a10602c748d4f810da68,unittests/test_schedulers.py,unittests/test_schedulers.py::test_flex_alloc_valid_constraint_partition,error,False
reframe,https://github.com/eth-cscs/reframe,576eb3f1dcc015d1e6d7a10602c748d4f810da68,unittests/test_schedulers.py,unittests/test_schedulers.py::test_flex_alloc_valid_multiple_constraints,error,False
reframe,https://github.com/eth-cscs/reframe,576eb3f1dcc015d1e6d7a10602c748d4f810da68,unittests/test_schedulers.py,unittests/test_schedulers.py::test_flex_alloc_valid_multiple_partitions,error,False
reframe,https://github.com/eth-cscs/reframe,576eb3f1dcc015d1e6d7a10602c748d4f810da68,unittests/test_schedulers.py,unittests/test_schedulers.py::test_flex_alloc_valid_partition_cmd,error,False
reframe,https://github.com/eth-cscs/reframe,576eb3f1dcc015d1e6d7a10602c748d4f810da68,unittests/test_schedulers.py,unittests/test_schedulers.py::test_flex_alloc_valid_partition_opt,error,False
reframe,https://github.com/eth-cscs/reframe,576eb3f1dcc015d1e6d7a10602c748d4f810da68,unittests/test_schedulers.py,unittests/test_schedulers.py::test_flex_alloc_valid_reservation_cmd,error,False
reframe,https://github.com/eth-cscs/reframe,576eb3f1dcc015d1e6d7a10602c748d4f810da68,unittests/test_schedulers.py,unittests/test_schedulers.py::test_flex_alloc_valid_reservation_option,error,False
reframe,https://github.com/eth-cscs/reframe,576eb3f1dcc015d1e6d7a10602c748d4f810da68,unittests/test_schedulers.py,unittests/test_schedulers.py::test_guess_num_tasks[local],failed,False
reframe,https://github.com/eth-cscs/reframe,576eb3f1dcc015d1e6d7a10602c748d4f810da68,unittests/test_schedulers.py,unittests/test_schedulers.py::test_guess_num_tasks[pbs],error,False
reframe,https://github.com/eth-cscs/reframe,576eb3f1dcc015d1e6d7a10602c748d4f810da68,unittests/test_schedulers.py,unittests/test_schedulers.py::test_guess_num_tasks[slurm],error,False
reframe,https://github.com/eth-cscs/reframe,576eb3f1dcc015d1e6d7a10602c748d4f810da68,unittests/test_schedulers.py,unittests/test_schedulers.py::test_guess_num_tasks[squeue],error,False
reframe,https://github.com/eth-cscs/reframe,576eb3f1dcc015d1e6d7a10602c748d4f810da68,unittests/test_schedulers.py,unittests/test_schedulers.py::test_guess_num_tasks[torque],error,False
reframe,https://github.com/eth-cscs/reframe,576eb3f1dcc015d1e6d7a10602c748d4f810da68,unittests/test_schedulers.py,unittests/test_schedulers.py::test_no_empty_lines_in_preamble[pbs],error,False
reframe,https://github.com/eth-cscs/reframe,576eb3f1dcc015d1e6d7a10602c748d4f810da68,unittests/test_schedulers.py,unittests/test_schedulers.py::test_no_empty_lines_in_preamble[slurm],error,False
reframe,https://github.com/eth-cscs/reframe,576eb3f1dcc015d1e6d7a10602c748d4f810da68,unittests/test_schedulers.py,unittests/test_schedulers.py::test_no_empty_lines_in_preamble[squeue],error,False
reframe,https://github.com/eth-cscs/reframe,576eb3f1dcc015d1e6d7a10602c748d4f810da68,unittests/test_schedulers.py,unittests/test_schedulers.py::test_no_empty_lines_in_preamble[torque],error,False
reframe,https://github.com/eth-cscs/reframe,576eb3f1dcc015d1e6d7a10602c748d4f810da68,unittests/test_schedulers.py,unittests/test_schedulers.py::test_poll_before_submit[local],failed,False
reframe,https://github.com/eth-cscs/reframe,576eb3f1dcc015d1e6d7a10602c748d4f810da68,unittests/test_schedulers.py,unittests/test_schedulers.py::test_poll_before_submit[pbs],error,False
reframe,https://github.com/eth-cscs/reframe,576eb3f1dcc015d1e6d7a10602c748d4f810da68,unittests/test_schedulers.py,unittests/test_schedulers.py::test_poll_before_submit[slurm],error,False
reframe,https://github.com/eth-cscs/reframe,576eb3f1dcc015d1e6d7a10602c748d4f810da68,unittests/test_schedulers.py,unittests/test_schedulers.py::test_poll_before_submit[squeue],error,False
reframe,https://github.com/eth-cscs/reframe,576eb3f1dcc015d1e6d7a10602c748d4f810da68,unittests/test_schedulers.py,unittests/test_schedulers.py::test_poll_before_submit[torque],error,False
reframe,https://github.com/eth-cscs/reframe,576eb3f1dcc015d1e6d7a10602c748d4f810da68,unittests/test_schedulers.py,unittests/test_schedulers.py::test_prepare[local],failed,False
reframe,https://github.com/eth-cscs/reframe,576eb3f1dcc015d1e6d7a10602c748d4f810da68,unittests/test_schedulers.py,unittests/test_schedulers.py::test_prepare_no_exclusive[slurm],failed,False
reframe,https://github.com/eth-cscs/reframe,576eb3f1dcc015d1e6d7a10602c748d4f810da68,unittests/test_schedulers.py,unittests/test_schedulers.py::test_prepare_no_exclusive[squeue],failed,False
reframe,https://github.com/eth-cscs/reframe,576eb3f1dcc015d1e6d7a10602c748d4f810da68,unittests/test_schedulers.py,unittests/test_schedulers.py::test_prepare_no_smt[slurm],error,False
reframe,https://github.com/eth-cscs/reframe,576eb3f1dcc015d1e6d7a10602c748d4f810da68,unittests/test_schedulers.py,unittests/test_schedulers.py::test_prepare_no_smt[squeue],error,False
reframe,https://github.com/eth-cscs/reframe,576eb3f1dcc015d1e6d7a10602c748d4f810da68,unittests/test_schedulers.py,unittests/test_schedulers.py::test_prepare_with_smt[slurm],error,False
reframe,https://github.com/eth-cscs/reframe,576eb3f1dcc015d1e6d7a10602c748d4f810da68,unittests/test_schedulers.py,unittests/test_schedulers.py::test_prepare_with_smt[squeue],error,False
reframe,https://github.com/eth-cscs/reframe,576eb3f1dcc015d1e6d7a10602c748d4f810da68,unittests/test_schedulers.py,unittests/test_schedulers.py::test_prepare_without_smt[slurm],error,False
reframe,https://github.com/eth-cscs/reframe,576eb3f1dcc015d1e6d7a10602c748d4f810da68,unittests/test_schedulers.py,unittests/test_schedulers.py::test_prepare_without_smt[squeue],error,False
reframe,https://github.com/eth-cscs/reframe,576eb3f1dcc015d1e6d7a10602c748d4f810da68,unittests/test_schedulers.py,unittests/test_schedulers.py::test_submit_timelimit[local],failed,False
reframe,https://github.com/eth-cscs/reframe,576eb3f1dcc015d1e6d7a10602c748d4f810da68,unittests/test_schedulers.py,unittests/test_schedulers.py::test_wait_before_submit[local],failed,False
reframe,https://github.com/eth-cscs/reframe,576eb3f1dcc015d1e6d7a10602c748d4f810da68,unittests/test_schedulers.py,unittests/test_schedulers.py::test_wait_before_submit[pbs],error,False
reframe,https://github.com/eth-cscs/reframe,576eb3f1dcc015d1e6d7a10602c748d4f810da68,unittests/test_schedulers.py,unittests/test_schedulers.py::test_wait_before_submit[slurm],error,False
reframe,https://github.com/eth-cscs/reframe,576eb3f1dcc015d1e6d7a10602c748d4f810da68,unittests/test_schedulers.py,unittests/test_schedulers.py::test_wait_before_submit[squeue],error,False
reframe,https://github.com/eth-cscs/reframe,576eb3f1dcc015d1e6d7a10602c748d4f810da68,unittests/test_schedulers.py,unittests/test_schedulers.py::test_wait_before_submit[torque],error,False
rosey,https://github.com/arose13/rosey,c35398b4ad4f334f4b40a075d18b33a262ce1d7d,tests/test_models.py,tests/test_models.py::test_biplot,failed,False
sphinx-gallery,https://github.com/sphinx-gallery/sphinx-gallery,387900334ace5c0bf74e9e90aad1e8d2a54e6f17,sphinx_gallery/tests/test_full.py,sphinx_gallery/tests/test_full.py::test_embed_links_and_styles,failed,True
sphinx-gallery,https://github.com/sphinx-gallery/sphinx-gallery,387900334ace5c0bf74e9e90aad1e8d2a54e6f17,sphinx_gallery/tests/test_full.py,sphinx_gallery/tests/test_full.py::test_minigallery_directive,failed,True
sportsreference,https://github.com/roclark/sportsreference,0041953074d6c20f607049917f3b526c9af686a4,tests/integration/roster/test_ncaaf_roster.py,tests/integration/roster/test_ncaaf_roster.py::TestNCAAFPlayer::test_ncaaf_kicker_returns_expected_kicking_stats,failed,True
sportsreference,https://github.com/roclark/sportsreference,0041953074d6c20f607049917f3b526c9af686a4,tests/integration/teams/test_nba_integration.py,tests/integration/teams/test_nba_integration.py::TestNBAIntegration::test_pulling_team_directly,failed,True
supertunnel,https://github.com/alexrudy/supertunnel,4c64e2fedda3382b809a2c3d01c711ec4961f933,supertunnel/ssh/continuous_test.py,supertunnel/ssh/continuous_test.py::test_backoff,error,False
supertunnel,https://github.com/alexrudy/supertunnel,4c64e2fedda3382b809a2c3d01c711ec4961f933,supertunnel/ssh/continuous_test.py,supertunnel/ssh/continuous_test.py::test_continuous_repr,error,False
supertunnel,https://github.com/alexrudy/supertunnel,4c64e2fedda3382b809a2c3d01c711ec4961f933,supertunnel/ssh/continuous_test.py,supertunnel/ssh/continuous_test.py::test_run,error,False
supertunnel,https://github.com/alexrudy/supertunnel,4c64e2fedda3382b809a2c3d01c711ec4961f933,supertunnel/ssh/continuous_test.py,supertunnel/ssh/continuous_test.py::test_run_continuous,error,False
supertunnel,https://github.com/alexrudy/supertunnel,4c64e2fedda3382b809a2c3d01c711ec4961f933,supertunnel/ssh/continuous_test.py,supertunnel/ssh/continuous_test.py::test_run_continuous_hang,error,False
supertunnel,https://github.com/alexrudy/supertunnel,4c64e2fedda3382b809a2c3d01c711ec4961f933,supertunnel/ssh/continuous_test.py,supertunnel/ssh/continuous_test.py::test_run_continuous_raise,error,False
sxdm,https://github.com/WilliamJudge94/sxdm,01414186626e1f22d51a7d25fe73f64680cb796e,tests/test_h5.py,tests/test_h5.py::H5TestCase::test_h5get_image_destination,failed,True
tight,https://github.com/michaelorionmcmanus/tight,34a332dd6096807e373ea8050df4f795411e6b74,tests/unit/providers/aws/clients/test_dynamo_db_unit.py,tests/unit/providers/aws/clients/test_dynamo_db_unit.py::test_dynamo_db_connect_prod,failed,False
token-io,https://github.com/overcat/token-io,f1b14fef9fd64989b9c9e5c076272f72253b39ed,tests/test_profile.py,tests/test_profile.py::TestProfile::test_read_profile_not_yours,error,True
token-io,https://github.com/overcat/token-io,f1b14fef9fd64989b9c9e5c076272f72253b39ed,tests/test_profile.py,tests/test_profile.py::TestProfile::test_set_profile,error,True
token-io,https://github.com/overcat/token-io,f1b14fef9fd64989b9c9e5c076272f72253b39ed,tests/test_profile.py,tests/test_profile.py::TestProfile::test_update_profile,error,True
wkr.py,https://github.com/wroberts/wkr.py,dbb3c1742c10bfaf697fa276d2cc8885e144ab43,tests/test_pd.py,tests/test_pd.py::test_memoize_pandas_parse_dates,failed,True
wqio,https://github.com/Geosyntec/wqio,8fcd57cc8b8365208eeee0162438307db0ca0dbb,wqio/tests/test_features.py,wqio/tests/test_features.py::test_location_stats_arrays[True-logmean_conf_interval],failed,False
yadll,https://github.com/pchavanne/yadll,6114234a8a25cfda7a596b9a6e75bb121de6f4d2,tests/test_model.py,tests/test_model.py::TestModel::test_no_network,error,True
yawast,https://github.com/adamcaudill/yawast,5e9e7a37831c030530adb971925ee135e9bfcafb,tests/test_http.py,tests/test_http.py::TestHttpBasic::test_response_scanner,failed,True
yawast,https://github.com/adamcaudill/yawast,5e9e7a37831c030530adb971925ee135e9bfcafb,tests/test_http.py,tests/test_http.py::TestHttpBasic::test_wp_json_user_enum,failed,True
