project,sha,polluter_fullpath,cleaner_fullpath,victim_fullpath,md5,pv_result,pcv_result,can_copy_work,1st_patch_time,minimal_patch_time
Fireworks,ff027cd8d1b8ce5eec6a37d786e7de675d8c0849,fireworks/core/model_test.py::test_Model_inferencing,fireworks/core/model_test.py::test_ModelFromModule,fireworks/core/model_test.py::test_multiple_Models_training_via_junction,f63544b56da6e277150d9948579e1f89,passed,passed,,,
Fireworks,ff027cd8d1b8ce5eec6a37d786e7de675d8c0849,fireworks/core/model_test.py::test_Model_inferencing,fireworks/core/model_test.py::test_Model_get_set_state,fireworks/core/model_test.py::test_multiple_Models_training_via_junction,5f238c90326f9eddb514a2a3e6221663,passed,passed,,,
Flask-JWT-Router,0fb1e256c81409be6f08d8be12f07e5f58b4f914,tests/test_routing.py::TestRouting::test_jwt_route[jwt_router_client0-None-200],tests/test_routing.py::TestRouting::test_jwt_route[jwt_router_client1-None-401],tests/test_routing.py::TestRouting::test_jwt_route[jwt_router_client3-None-401],a6c68fd8549266ef46fb747c7966d42f,passed,passed,,,
Flask-JWT-Router,0fb1e256c81409be6f08d8be12f07e5f58b4f914,tests/test_routing.py::TestRouting::test_jwt_route[jwt_router_client0-None-200],tests/test_routing.py::TestRouting::test_jwt_route[jwt_router_client2-None-401],tests/test_routing.py::TestRouting::test_jwt_route[jwt_router_client3-None-401],594fad5540da6332560ff4b28c165d05,passed,passed,,,
IOCynergy,1821423680f741d8ca06bcc6a02c8b21156f9ba0,cynergy/tests/test_register_multiple.py::test_register_multiple_when_onc_instance_is_already_registered,cynergy/tests/test_class_mapping.py::test_class_mapping,cynergy/tests/test_register_multiple.py::test_register_multiple,a5deef3ef7fa2e2342d6ff8b14025b0c,failed,passed,True,0.2928850054740906,0.6401242613792419,"
container.initialize()
container.register_class(Example, Example2)
","
container.initialize()
"
IOCynergy,1821423680f741d8ca06bcc6a02c8b21156f9ba0,cynergy/tests/test_register_multiple.py::test_register_multiple_when_onc_instance_is_already_registered,cynergy/tests/test_class_mapping.py::test_class_mapping_from_init,cynergy/tests/test_register_multiple.py::test_register_multiple,10d7864795d1789f4dc4d460342a95da,failed,passed,True,0.502757154405117,0.7968059182167053,"
container.initialize(class_mapping={Example: Example2})
instance = container.get(Example)
","
container.initialize(class_mapping={Example: Example2})
"
IOCynergy,1821423680f741d8ca06bcc6a02c8b21156f9ba0,cynergy/tests/test_register_multiple.py::test_multiple_list_arguments_with_wrap,cynergy/tests/test_class_mapping.py::test_class_mapping,cynergy/tests/test_register_multiple.py::test_register_multiple,55b9477fcb34ff731d9044115c5e7b1f,failed,passed,True,0.2953510954976082,0.6425380408763885,"
container.initialize()
container.register_class(Example, Example2)
","
container.initialize()
"
IOCynergy,1821423680f741d8ca06bcc6a02c8b21156f9ba0,cynergy/tests/test_register_multiple.py::test_multiple_list_arguments_with_wrap,cynergy/tests/test_class_mapping.py::test_class_mapping_from_init,cynergy/tests/test_register_multiple.py::test_register_multiple,e4dd39ffa2664138f7454dcc732f62b2,failed,passed,True,0.50848837941885,0.8042326271533966,"
container.initialize(class_mapping={Example: Example2})
instance = container.get(Example)
","
container.initialize(class_mapping={Example: Example2})
"
IOCynergy,1821423680f741d8ca06bcc6a02c8b21156f9ba0,cynergy/tests/test_register_multiple.py::test_multiple_list_arguments,cynergy/tests/test_class_mapping.py::test_class_mapping,cynergy/tests/test_register_multiple.py::test_register_multiple,5d5dd7765df7cc111eaff0fbc3033476,failed,passed,True,0.2967332601547241,0.6476214453577995,"
container.initialize()
container.register_class(Example, Example2)
","
container.initialize()
"
IOCynergy,1821423680f741d8ca06bcc6a02c8b21156f9ba0,cynergy/tests/test_register_multiple.py::test_multiple_list_arguments,cynergy/tests/test_class_mapping.py::test_class_mapping_from_init,cynergy/tests/test_register_multiple.py::test_register_multiple,7bfc8fde19430c49f93931a1e4811701,failed,passed,True,0.5034468770027161,0.7975392937660217,"
container.initialize(class_mapping={Example: Example2})
instance = container.get(Example)
","
container.initialize(class_mapping={Example: Example2})
"
OccamTools,26c47709f6b870c89403f03ade0950de9f301639,test/test_occam_data.py::test_occam_data_wrong_input,test/test_occam_data.py::test_occam_data_progress_bars,test/test_occam_data.py::test_occam_data_not_save_to_npy,79ced83bf5dcea51fa8a5ca29e1b3e41,passed,passed,,,
OccamTools,26c47709f6b870c89403f03ade0950de9f301639,test/test_occam_data.py::test_occam_data_wrong_input,test/test_occam_data.py::test_occam_data_save_load,test/test_occam_data.py::test_occam_data_not_save_to_npy,ce7022449f6253028159131b2bad4161,passed,passed,,,
OccamTools,26c47709f6b870c89403f03ade0950de9f301639,test/test_occam_data.py::test_occam_data_single_input,test/test_occam_data.py::test_occam_data_not_equal,test/test_occam_data.py::test_occam_data_progress_bars,37873c0731978f3198554bd7b721280f,passed,passed,,,
OccamTools,26c47709f6b870c89403f03ade0950de9f301639,test/test_occam_data.py::test_occam_data_single_input,test/test_fort5_to_xyz.py::test_convert_file_name,test/test_occam_data.py::test_occam_data_progress_bars,90774ae8105aa77e489b503b2cf73d7e,passed,passed,,,
OccamTools,26c47709f6b870c89403f03ade0950de9f301639,test/test_occam_data.py::test_occam_data_single_input,test/test_fort5_to_xyz.py::test_fort5_to_xyz_box,test/test_occam_data.py::test_occam_data_progress_bars,d0fc38b4e0899a9245d05646bd846038,passed,passed,,,
Tale,a2a26443465ab6978b32d9253e833471500e7b68,tests/test_pubsub.py::TestPubsub::test_idletime,tests/test_mudobjects.py::TestDoorsExits::test_go_through_exit,tests/test_pubsub.py::TestPubsub::test_unsubscribe_all,b5fe668ed61762368f297b7c81e7f82d,passed,passed,,,
Tale,a2a26443465ab6978b32d9253e833471500e7b68,tests/test_pubsub.py::TestPubsub::test_idletime,tests/test_mudobjects.py::TestDoorsExits::test_linked_door_pair,tests/test_pubsub.py::TestPubsub::test_unsubscribe_all,c2fded41d2c6bd1ba5d9233399c1adfc,passed,passed,,,
atlasclient,02b3e7d9a6596d1123fc22b6bfed08d60105d19e,tests/test_models.py::TestDiscoveryREST::test_search_basic_get,tests/test_base.py::TestBase::test_model,tests/test_models.py::TestDiscoveryREST::test_search_attribute_get,cbdb52ab7bd4023aed1ccd8acd9dc77f,failed,passed,False,,
atlasclient,02b3e7d9a6596d1123fc22b6bfed08d60105d19e,tests/test_models.py::TestDiscoveryREST::test_search_basic_get,tests/test_client.py::TestClient::test_atlas_client,tests/test_models.py::TestDiscoveryREST::test_search_attribute_get,d63e0101d3807a017ffdbdf73e10fd06,failed,passed,True,0.502842016518116,1.6725472584366798,"
client = Atlas('localhost', port=21000, username='admin', password='admin')
assert (client.base_url == 'http://localhost:21000')
assert ('entity_post' in dir(client))
","
client = Atlas('localhost', port=21000, username='admin', password='admin')
assert ('entity_post' in dir(client))
","
client = Atlas('localhost', port=21000, username='admin', password='admin')
"
atlasclient,02b3e7d9a6596d1123fc22b6bfed08d60105d19e,tests/test_models.py::TestDiscoveryREST::test_search_fulltext_get,tests/test_base.py::TestBase::test_model,tests/test_models.py::TestDiscoveryREST::test_search_attribute_get,70c0cd8d9564c72d9afb0b42103a168d,failed,passed,False,,
atlasclient,02b3e7d9a6596d1123fc22b6bfed08d60105d19e,tests/test_models.py::TestDiscoveryREST::test_search_fulltext_get,tests/test_client.py::TestClient::test_atlas_client,tests/test_models.py::TestDiscoveryREST::test_search_attribute_get,90375beea14f8d3f5ee293b948b00acb,failed,passed,True,0.5047943368554115,1.6781959235668182,"
client = Atlas('localhost', port=21000, username='admin', password='admin')
assert (client.base_url == 'http://localhost:21000')
assert ('entity_post' in dir(client))
","
client = Atlas('localhost', port=21000, username='admin', password='admin')
assert ('entity_post' in dir(client))
","
client = Atlas('localhost', port=21000, username='admin', password='admin')
"
atlasclient,02b3e7d9a6596d1123fc22b6bfed08d60105d19e,tests/test_models.py::TestDiscoveryREST::test_search_dsl_get,tests/test_base.py::TestBase::test_model,tests/test_models.py::TestDiscoveryREST::test_search_attribute_get,b8f094063462a253935db2ef1e93e129,failed,passed,False,,
atlasclient,02b3e7d9a6596d1123fc22b6bfed08d60105d19e,tests/test_models.py::TestDiscoveryREST::test_search_dsl_get,tests/test_client.py::TestClient::test_atlas_client,tests/test_models.py::TestDiscoveryREST::test_search_attribute_get,5856213307519b1ea58665fece91575d,failed,passed,True,0.5046065226197243,1.6822324693202972,"
client = Atlas('localhost', port=21000, username='admin', password='admin')
assert (client.base_url == 'http://localhost:21000')
assert ('entity_post' in dir(client))
","
client = Atlas('localhost', port=21000, username='admin', password='admin')
assert ('entity_post' in dir(client))
","
client = Atlas('localhost', port=21000, username='admin', password='admin')
"
atlasclient,02b3e7d9a6596d1123fc22b6bfed08d60105d19e,tests/test_models.py::TestDiscoveryREST::test_search_basic_post,tests/test_base.py::TestBase::test_model,tests/test_models.py::TestDiscoveryREST::test_search_attribute_get,99cc376b3d8e206fbf1329e2c35f34cc,failed,passed,False,,
atlasclient,02b3e7d9a6596d1123fc22b6bfed08d60105d19e,tests/test_models.py::TestDiscoveryREST::test_search_basic_post,tests/test_client.py::TestClient::test_atlas_client,tests/test_models.py::TestDiscoveryREST::test_search_attribute_get,9be7f89f1057ada3a3f5636d9a7ca6ed,failed,passed,True,0.5077327191829681,1.682655319571495,"
client = Atlas('localhost', port=21000, username='admin', password='admin')
assert (client.base_url == 'http://localhost:21000')
assert ('entity_post' in dir(client))
","
client = Atlas('localhost', port=21000, username='admin', password='admin')
assert ('entity_post' in dir(client))
","
client = Atlas('localhost', port=21000, username='admin', password='admin')
"
aud,2dfc81dad3da78537e1b1c6f5cc5630ba5b837f9,aud/test_aud.py::test_afx_2,aud/test_aud.py::test_afx_3,aud/test_aud.py::test_export,69cd0fdcd81d5bef3b6cd1538223684b,failed,failed,,,
aud,2dfc81dad3da78537e1b1c6f5cc5630ba5b837f9,aud/test_aud.py::test_cleanup,aud/test_aud.py::test_init,aud/test_aud.py::test_afx_2,9fea13a47ad8e3c7ef010b59a92f6756,failed,passed,False,,
aud,2dfc81dad3da78537e1b1c6f5cc5630ba5b837f9,aud/test_aud.py::test_cleanup,aud/test_aud.py::test_init,aud/test_aud.py::test_afx_3,e35ee6397c6559c9f58a50828f5c6148,failed,passed,False,,
aud,2dfc81dad3da78537e1b1c6f5cc5630ba5b837f9,aud/test_aud.py::test_afx_2,aud/test_aud.py::test_afx_3,aud/test_aud.py::test_export,69cd0fdcd81d5bef3b6cd1538223684b,failed,failed,,,
aud,2dfc81dad3da78537e1b1c6f5cc5630ba5b837f9,aud/test_aud.py::test_init,aud/test_aud.py::test_afx_3,aud/test_aud.py::test_export,cf72d9a10074810c13fc5379e1ae09be,failed,passed,False,,
cityseer,2d71d5dc962054f6cd1e87b5a61b43e8f4ddbec0,tests/util/test_mock.py::test_mock_graph,tests/util/test_mock.py::test_mock_data_dict,tests/util/test_mock.py::test_mock_categorical_data,aaf078993da6c23cf0e922df4309f63b,passed,passed,,,
cityseer,2d71d5dc962054f6cd1e87b5a61b43e8f4ddbec0,tests/util/test_mock.py::test_mock_graph,tests/util/test_mock.py::test_mock_numerical_data,tests/util/test_mock.py::test_mock_categorical_data,bfc68e30ce2df56eca5a85b012afacf8,passed,passed,,,
cityseer,2d71d5dc962054f6cd1e87b5a61b43e8f4ddbec0,tests/util/test_mock.py::test_mock_graph,tests/util/test_mock.py::test_mock_species_data,tests/util/test_mock.py::test_mock_categorical_data,7cd383ed6b29c1bc5511fb0ca7a36c74,passed,passed,,,
cityseer,2d71d5dc962054f6cd1e87b5a61b43e8f4ddbec0,tests/util/test_mock.py::test_mock_species_data,tests/util/test_mock.py::test_mock_data_dict,tests/util/test_mock.py::test_mock_categorical_data,91f867516db32ac563ba65bdad25e2cd,passed,passed,,,
clu,77da967a4577ca4cf100cfe34e87b39ad88bf21c,tests/test_ghost.py::TestStash::test_lock_an_already_locked_key,tests/test_ghost.py::TestCLI::test_delete_bad_passphrase,tests/test_ghost.py::TestSQLAlchemyStorage::test_is_initialized,e00ff609c4a6d44411047fd3ef58bfa7,failed,passed,False,,
clu,77da967a4577ca4cf100cfe34e87b39ad88bf21c,tests/test_ghost.py::TestStash::test_lock_an_already_locked_key,tests/test_ghost.py::TestCLI::test_delete_key,tests/test_ghost.py::TestSQLAlchemyStorage::test_is_initialized,37da922475ccba182abd9b4857939bae,failed,passed,False,,
clu,77da967a4577ca4cf100cfe34e87b39ad88bf21c,tests/test_ghost.py::TestTypeSystem::test_put_key_with_missing_oneof_value,tests/test_ghost.py::TestCLI::test_delete_bad_passphrase,tests/test_ghost.py::TestSQLAlchemyStorage::test_is_initialized,c20ffe073b01b68dca0f90a7ee24ada8,failed,passed,False,,
clu,77da967a4577ca4cf100cfe34e87b39ad88bf21c,tests/test_ghost.py::TestTypeSystem::test_put_key_with_missing_oneof_value,tests/test_ghost.py::TestCLI::test_delete_key,tests/test_ghost.py::TestSQLAlchemyStorage::test_is_initialized,dd66df7825c588d4cd863216b6213409,failed,passed,False,,
clu,77da967a4577ca4cf100cfe34e87b39ad88bf21c,tests/test_ghost.py::TestStash::test_load,tests/test_ghost.py::TestCLI::test_delete_bad_passphrase,tests/test_ghost.py::TestSQLAlchemyStorage::test_is_initialized,1d7ff767503052b21401ecbd099fd641,failed,passed,False,,
clu,77da967a4577ca4cf100cfe34e87b39ad88bf21c,tests/test_ghost.py::TestStash::test_load,tests/test_ghost.py::TestCLI::test_delete_key,tests/test_ghost.py::TestSQLAlchemyStorage::test_is_initialized,446649fc68e67442f6e05c93d40c16c9,failed,passed,False,,
clu,77da967a4577ca4cf100cfe34e87b39ad88bf21c,tests/test_ghost.py::TestStash::test_put,tests/test_ghost.py::TestCLI::test_delete_bad_passphrase,tests/test_ghost.py::TestSQLAlchemyStorage::test_is_initialized,3abfbbfb9f15b72b8774c259cd78796b,failed,passed,False,,
clu,77da967a4577ca4cf100cfe34e87b39ad88bf21c,tests/test_ghost.py::TestStash::test_put,tests/test_ghost.py::TestCLI::test_delete_key,tests/test_ghost.py::TestSQLAlchemyStorage::test_is_initialized,58e3330722baf7e52bd686f80d707ea1,failed,passed,False,,
clu,77da967a4577ca4cf100cfe34e87b39ad88bf21c,tests/test_ghost.py::TestStash::test_put_add_to_existing_key_overwrite_value,tests/test_ghost.py::TestCLI::test_delete_bad_passphrase,tests/test_ghost.py::TestSQLAlchemyStorage::test_is_initialized,6d77309dcb174360358f4e692a7c7c56,failed,passed,False,,
clu,77da967a4577ca4cf100cfe34e87b39ad88bf21c,tests/test_ghost.py::TestStash::test_put_add_to_existing_key_overwrite_value,tests/test_ghost.py::TestCLI::test_delete_key,tests/test_ghost.py::TestSQLAlchemyStorage::test_is_initialized,20a6552cb568113aff580a24ade6b908,failed,passed,False,,
clu,77da967a4577ca4cf100cfe34e87b39ad88bf21c,tests/test_ghost.py::TestStash::test_lock_an_already_locked_key,tests/test_ghost.py::TestCLI::test_delete_bad_passphrase,tests/test_ghost.py::TestTinyDBStorage::test_init_stash_in_current_dir,603b418afef0def279a3ef6916f3a5ad,failed,passed,False,,
clu,77da967a4577ca4cf100cfe34e87b39ad88bf21c,tests/test_ghost.py::TestStash::test_lock_an_already_locked_key,tests/test_ghost.py::TestCLI::test_delete_key,tests/test_ghost.py::TestTinyDBStorage::test_init_stash_in_current_dir,b19f705df0c7cb3830e8ab8490b69022,failed,passed,False,,
clu,77da967a4577ca4cf100cfe34e87b39ad88bf21c,tests/test_ghost.py::TestTypeSystem::test_put_key_with_missing_oneof_value,tests/test_ghost.py::TestCLI::test_delete_bad_passphrase,tests/test_ghost.py::TestTinyDBStorage::test_init_stash_in_current_dir,40949876246783cb012dd69a9c0f07f2,failed,passed,False,,
clu,77da967a4577ca4cf100cfe34e87b39ad88bf21c,tests/test_ghost.py::TestTypeSystem::test_put_key_with_missing_oneof_value,tests/test_ghost.py::TestCLI::test_delete_key,tests/test_ghost.py::TestTinyDBStorage::test_init_stash_in_current_dir,d5ce8e282d7ed2cd42918babf4b577ee,failed,passed,False,,
clu,77da967a4577ca4cf100cfe34e87b39ad88bf21c,tests/test_ghost.py::TestStash::test_load,tests/test_ghost.py::TestCLI::test_delete_bad_passphrase,tests/test_ghost.py::TestTinyDBStorage::test_init_stash_in_current_dir,4c4827fb61284267499fb642c2823f7a,failed,passed,False,,
clu,77da967a4577ca4cf100cfe34e87b39ad88bf21c,tests/test_ghost.py::TestStash::test_load,tests/test_ghost.py::TestCLI::test_delete_key,tests/test_ghost.py::TestTinyDBStorage::test_init_stash_in_current_dir,28bffbee55e59951124729b54c5a2ca3,failed,passed,False,,
clu,77da967a4577ca4cf100cfe34e87b39ad88bf21c,tests/test_ghost.py::TestStash::test_put,tests/test_ghost.py::TestCLI::test_delete_bad_passphrase,tests/test_ghost.py::TestTinyDBStorage::test_init_stash_in_current_dir,701319747b7f83ec6d0e0291e9264f5f,failed,passed,False,,
clu,77da967a4577ca4cf100cfe34e87b39ad88bf21c,tests/test_ghost.py::TestStash::test_put,tests/test_ghost.py::TestCLI::test_delete_key,tests/test_ghost.py::TestTinyDBStorage::test_init_stash_in_current_dir,69f6ee1b2154826dce0cf0a6feffdc7e,failed,passed,False,,
clu,77da967a4577ca4cf100cfe34e87b39ad88bf21c,tests/test_ghost.py::TestStash::test_put_add_to_existing_key_overwrite_value,tests/test_ghost.py::TestCLI::test_delete_bad_passphrase,tests/test_ghost.py::TestTinyDBStorage::test_init_stash_in_current_dir,94425d97adf4825fab47f3bedf453a70,failed,passed,False,,
clu,77da967a4577ca4cf100cfe34e87b39ad88bf21c,tests/test_ghost.py::TestStash::test_put_add_to_existing_key_overwrite_value,tests/test_ghost.py::TestCLI::test_delete_key,tests/test_ghost.py::TestTinyDBStorage::test_init_stash_in_current_dir,bc782d8fe260ef922255070a2f47a980,failed,passed,False,,
clu,77da967a4577ca4cf100cfe34e87b39ad88bf21c,tests/test_ghost.py::TestStash::test_lock_an_already_locked_key,tests/test_ghost.py::TestCLI::test_delete_bad_passphrase,tests/test_ghost.py::TestTinyDBStorage::test_is_initialized,846754a7f7e1b3add57c27d63894ca1d,failed,passed,False,,
clu,77da967a4577ca4cf100cfe34e87b39ad88bf21c,tests/test_ghost.py::TestStash::test_lock_an_already_locked_key,tests/test_ghost.py::TestCLI::test_delete_key,tests/test_ghost.py::TestTinyDBStorage::test_is_initialized,f5b05498fc0e8b60b4ff8df3ec86e97a,failed,passed,False,,
clu,77da967a4577ca4cf100cfe34e87b39ad88bf21c,tests/test_ghost.py::TestTypeSystem::test_put_key_with_missing_oneof_value,tests/test_ghost.py::TestCLI::test_delete_bad_passphrase,tests/test_ghost.py::TestTinyDBStorage::test_is_initialized,ee2fe848c785b8cfa022fd9684d2e2fb,failed,passed,False,,
clu,77da967a4577ca4cf100cfe34e87b39ad88bf21c,tests/test_ghost.py::TestTypeSystem::test_put_key_with_missing_oneof_value,tests/test_ghost.py::TestCLI::test_delete_key,tests/test_ghost.py::TestTinyDBStorage::test_is_initialized,ec283f3eb4f0eeed2b0c5b85b125c2cc,failed,passed,False,,
clu,77da967a4577ca4cf100cfe34e87b39ad88bf21c,tests/test_ghost.py::TestStash::test_load,tests/test_ghost.py::TestCLI::test_delete_bad_passphrase,tests/test_ghost.py::TestTinyDBStorage::test_is_initialized,37de90e2bdd9428e40643781534d4b40,failed,passed,False,,
clu,77da967a4577ca4cf100cfe34e87b39ad88bf21c,tests/test_ghost.py::TestStash::test_load,tests/test_ghost.py::TestCLI::test_delete_key,tests/test_ghost.py::TestTinyDBStorage::test_is_initialized,81cbc7fde9834ec98bf6bcd3623328d2,failed,passed,False,,
clu,77da967a4577ca4cf100cfe34e87b39ad88bf21c,tests/test_ghost.py::TestStash::test_put,tests/test_ghost.py::TestCLI::test_delete_bad_passphrase,tests/test_ghost.py::TestTinyDBStorage::test_is_initialized,5675d76922766fe48e755a3c5081542f,failed,passed,False,,
clu,77da967a4577ca4cf100cfe34e87b39ad88bf21c,tests/test_ghost.py::TestStash::test_put,tests/test_ghost.py::TestCLI::test_delete_key,tests/test_ghost.py::TestTinyDBStorage::test_is_initialized,b4fb103231f8f7bbfee740d0bf7161ea,failed,passed,False,,
clu,77da967a4577ca4cf100cfe34e87b39ad88bf21c,tests/test_ghost.py::TestStash::test_put_add_to_existing_key_overwrite_value,tests/test_ghost.py::TestCLI::test_delete_bad_passphrase,tests/test_ghost.py::TestTinyDBStorage::test_is_initialized,65d9da8b84197e185f57f2e8f810acbd,failed,passed,False,,
clu,77da967a4577ca4cf100cfe34e87b39ad88bf21c,tests/test_ghost.py::TestStash::test_put_add_to_existing_key_overwrite_value,tests/test_ghost.py::TestCLI::test_delete_key,tests/test_ghost.py::TestTinyDBStorage::test_is_initialized,5390af45af2e002abf212d5ee60e9342,failed,passed,False,,
colltools,e50f98ccda33ab409fcdba277a39f071824e24c7,tests/test_name_registry.py::test_gets_instance,tests/test_name_registry.py::test_validates_name,tests/test_name_registry.py::test_name_registry_has_no_instances,c4d7b23bcd13e043d40385fb74e561e9,failed,failed,,,
colltools,e50f98ccda33ab409fcdba277a39f071824e24c7,tests/test_name_registry.py::test_singleton_instances,tests/test_name_registry.py::test_validates_name,tests/test_name_registry.py::test_name_registry_has_no_instances,9dc1b213850ba5f51cf43c147093ef6f,failed,failed,,,
colltools,e50f98ccda33ab409fcdba277a39f071824e24c7,tests/test_name_registry.py::test_repr,tests/test_name_registry.py::test_validates_name,tests/test_name_registry.py::test_name_registry_has_no_instances,2187abcf182cdf7b104f02d2d82b27e8,failed,failed,,,
colltools,e50f98ccda33ab409fcdba277a39f071824e24c7,tests/test_name_registry.py::test_name_attribute,tests/test_name_registry.py::test_validates_name,tests/test_name_registry.py::test_name_registry_has_no_instances,99883795efa435897598a2520cfdba1c,failed,failed,,,
confight,be2d162c99cc3c709289913de137f8d8bfbd35d5,test_confight.py::TestLoad::test_it_should_load_paths_for_given_format,test_confight.py::TestFind::test_it_should_load_files_in_order,test_confight.py::TestLoad::test_it_should_load_and_merge_lists_of_paths,38edfdf5d18565a883e3be9211594a3d,passed,passed,,,
confight,be2d162c99cc3c709289913de137f8d8bfbd35d5,test_confight.py::TestLoad::test_it_should_load_paths_for_given_format,test_confight.py::TestFind::test_it_should_load_full_paths,test_confight.py::TestLoad::test_it_should_load_and_merge_lists_of_paths,c477910364fc985753ddcde3c36e4599,passed,passed,,,
coo,da9e75d46ed65599cd2223b029ac30c08496a80b,tests/test_coo.py::test_schedule_time_zone_media,tests/test_coo.py::test_tweet_media_TwitterError,tests/test_coo.py::test_tweet_none_media_TwitterError,52ad687947ab34dc3d6244026c36fd6b,passed,passed,,,
crom,98bb6be4e32b4c81eb7e0b5e841a915b015abaf0,tests/test_model.py::TestAutoIdentifiers::test_no_ident,tests/test_model.py::TestAutoIdentifiers::test_bad_autoid,tests/test_model.py::TestFactorySerialization::test_collapse_json,c6d47e7d22578ecc2f5f4ac3c05e149e,passed,passed,,,
crom,98bb6be4e32b4c81eb7e0b5e841a915b015abaf0,tests/test_model.py::TestAutoIdentifiers::test_no_ident,tests/test_model.py::TestAutoIdentifiers::test_int,tests/test_model.py::TestFactorySerialization::test_collapse_json,b8d48917a8c8b7a1b227f352af16faa2,passed,passed,,,
crom,98bb6be4e32b4c81eb7e0b5e841a915b015abaf0,tests/test_model.py::TestAutoIdentifiers::test_no_ident,tests/test_model.py::TestAutoIdentifiers::test_uuid,tests/test_model.py::TestFactorySerialization::test_collapse_json,e4f1d3878c5f9dfea3287369a995cf28,passed,passed,,,
crom,98bb6be4e32b4c81eb7e0b5e841a915b015abaf0,tests/test_model.py::TestAutoIdentifiers::test_no_ident,tests/test_model.py::TestAutoIdentifiers::test_bad_autoid,tests/test_model.py::TestFactorySerialization::test_collapse_json,c6d47e7d22578ecc2f5f4ac3c05e149e,passed,passed,,,
crom,98bb6be4e32b4c81eb7e0b5e841a915b015abaf0,tests/test_model.py::TestAutoIdentifiers::test_no_ident,tests/test_model.py::TestAutoIdentifiers::test_int,tests/test_model.py::TestFactorySerialization::test_collapse_json,b8d48917a8c8b7a1b227f352af16faa2,passed,passed,,,
crom,98bb6be4e32b4c81eb7e0b5e841a915b015abaf0,tests/test_model.py::TestAutoIdentifiers::test_no_ident,tests/test_model.py::TestAutoIdentifiers::test_bad_autoid,tests/test_model.py::TestFactorySerialization::test_collapse_json,c6d47e7d22578ecc2f5f4ac3c05e149e,passed,passed,,,
crom,98bb6be4e32b4c81eb7e0b5e841a915b015abaf0,tests/test_model.py::TestAutoIdentifiers::test_no_ident,tests/test_model.py::TestAutoIdentifiers::test_int,tests/test_model.py::TestFactorySerialization::test_collapse_json,b8d48917a8c8b7a1b227f352af16faa2,passed,passed,,,
crom,98bb6be4e32b4c81eb7e0b5e841a915b015abaf0,tests/test_model.py::TestAutoIdentifiers::test_no_ident,tests/test_model.py::TestAutoIdentifiers::test_bad_autoid,tests/test_model.py::TestFactorySerialization::test_collapse_json,c6d47e7d22578ecc2f5f4ac3c05e149e,passed,passed,,,
crom,98bb6be4e32b4c81eb7e0b5e841a915b015abaf0,tests/test_model.py::TestAutoIdentifiers::test_no_ident,tests/test_model.py::TestAutoIdentifiers::test_int,tests/test_model.py::TestFactorySerialization::test_collapse_json,b8d48917a8c8b7a1b227f352af16faa2,passed,passed,,,
gitlab_stats,23fbc53f30e09c122ebe8259ef6850756e454d7e,tests/test_utils.py::UtilsTest::test_001_check_proxy_format,tests/test_utils.py::UtilsTest::test_030_get_name_and_id_in_a_list_of_dict,tests/test_utils.py::UtilsTest::test_223_report_generated,7e8aabee719a66c6a9fa6c61f07424a3,passed,passed,,,
gitlab_stats,23fbc53f30e09c122ebe8259ef6850756e454d7e,tests/test_utils.py::UtilsTest::test_001_check_proxy_format,tests/test_utils.py::UtilsTest::test_031_get_name_and_id_has_correct_fields,tests/test_utils.py::UtilsTest::test_223_report_generated,fc12233a55bf21fa5a64e6ec64156de4,passed,passed,,,
gitlab_stats,23fbc53f30e09c122ebe8259ef6850756e454d7e,tests/test_utils.py::UtilsTest::test_001_check_proxy_format,tests/test_utils.py::UtilsTest::test_055_get_all_pipeline_info_from_2_weeks_ago,tests/test_utils.py::UtilsTest::test_223_report_generated,c959ef0206e7ab46b879f943f4992777,passed,passed,,,
gitlab_stats,23fbc53f30e09c122ebe8259ef6850756e454d7e,tests/test_utils.py::UtilsTest::test_030_get_name_and_id_in_a_list_of_dict,tests/test_utils.py::UtilsTest::test_055_get_all_pipeline_info_from_2_weeks_ago,tests/test_utils.py::UtilsTest::test_223_report_generated,53e53a668707372e86ef6a6025446979,passed,passed,,,
gitlab_stats,23fbc53f30e09c122ebe8259ef6850756e454d7e,tests/test_utils.py::UtilsTest::test_001_check_proxy_format,tests/test_utils.py::UtilsTest::test_053_get_success_percentage,tests/test_utils.py::UtilsTest::test_223_report_generated,d4c94734b289a96f6b23a5fab5fd49fa,passed,passed,,,
gitlab_stats,23fbc53f30e09c122ebe8259ef6850756e454d7e,tests/test_utils.py::UtilsTest::test_030_get_name_and_id_in_a_list_of_dict,tests/test_utils.py::UtilsTest::test_053_get_success_percentage,tests/test_utils.py::UtilsTest::test_223_report_generated,e487c53c4e42a6fe1bb25e3ff7d5249c,passed,passed,,,
gitlab_stats,23fbc53f30e09c122ebe8259ef6850756e454d7e,tests/test_utils.py::UtilsTest::test_001_check_proxy_format,tests/test_utils.py::UtilsTest::test_040_get_pipeline_id_in_a_list,tests/test_utils.py::UtilsTest::test_223_report_generated,6279365ca2efd95629d46dc8d0cf4eb0,passed,passed,,,
gitlab_stats,23fbc53f30e09c122ebe8259ef6850756e454d7e,tests/test_utils.py::UtilsTest::test_030_get_name_and_id_in_a_list_of_dict,tests/test_utils.py::UtilsTest::test_040_get_pipeline_id_in_a_list,tests/test_utils.py::UtilsTest::test_223_report_generated,bc5cb6b4f9a806bc87705ce48c028941,passed,passed,,,
gitlab_stats,23fbc53f30e09c122ebe8259ef6850756e454d7e,tests/test_utils.py::UtilsTest::test_001_check_proxy_format,tests/test_utils.py::UtilsTest::test_041_get_pipeline_id_in_a_dict_has_correct_fields,tests/test_utils.py::UtilsTest::test_223_report_generated,1fb32b296412f521874c7ea873194832,passed,passed,,,
gitlab_stats,23fbc53f30e09c122ebe8259ef6850756e454d7e,tests/test_utils.py::UtilsTest::test_030_get_name_and_id_in_a_list_of_dict,tests/test_utils.py::UtilsTest::test_041_get_pipeline_id_in_a_dict_has_correct_fields,tests/test_utils.py::UtilsTest::test_223_report_generated,59933b0387eb14d25a5e5dd260983c56,passed,passed,,,
kanren,bacc7eb5895c348e348c1b5291ddf188f88c5c88,tests/test_assoccomm.py::test_assoccomm_objects,tests/test_assoccomm.py::test_assoc_flatten,tests/test_assoccomm.py::test_eq_assoccomm,a89c360cf70875425fdedb53b006f3ad,passed,passed,,,
kanren,bacc7eb5895c348e348c1b5291ddf188f88c5c88,tests/test_assoccomm.py::test_assoccomm_objects,tests/test_assoccomm.py::test_assoccomm_algebra,tests/test_assoccomm.py::test_eq_assoccomm,b41637a6136f03d624b4637a75d0384b,passed,passed,,,
