project,sha,OD_test_id,type,time,patch_path,linenumber_patch
BT-Tracker,558c15b399871c1ca11d0c4ae1eb598e3060931e,Tracker/tests/test_event.py::TestEvent::test_object,brittle,0.416636139,../SAVE/test_object_patch_6f888d85712ae52d73dd5f7a09217888_.patch,1
Breathe,4600818e24f4156cd7bb8cc0f43886b27323968e,tests/test_command_context.py::test_manual_context_noccr,brittle,0.87046383,../SAVE/test_manual_context_noccr_patch_efc284e052c9510101e6c276e7129439_.patch,1
Breathe,4600818e24f4156cd7bb8cc0f43886b27323968e,tests/test_loading.py::test_loading,brittle,1.278773289,../SAVE/test_loading_patch_682b45fdfa385baf7128c90e5f605bc5_.patch,1
Breathe,4600818e24f4156cd7bb8cc0f43886b27323968e,tests/test_loading.py::test_reloading,brittle,1.239819976,../SAVE/test_reloading_patch_edb2602821e73654343683ea6317d332_.patch,1
Breathe,4600818e24f4156cd7bb8cc0f43886b27323968e,tests/test_merger.py::test_context_commands,brittle,0.85616614,../SAVE/test_context_comm_patch_9bd3ec505fc21c395b236dda6ced51ff_.patch,1
Breathe,4600818e24f4156cd7bb8cc0f43886b27323968e,tests/test_merger.py::test_invalid,brittle,2.228778467,../SAVE/test_invalid_patch_13dd514860d7ba442d8660d9f86d44d7_.patch,1
Breathe,4600818e24f4156cd7bb8cc0f43886b27323968e,tests/test_merger.py::test_noccr_commands,brittle,2.505347702,../SAVE/test_noccr_comman_patch_ac8a0b531564edbad471ffe257069252_.patch,1
GOApy,a8e0dfe5f0f593107884ad54f89a27f67ee28129,tests/Sensor_test.py::SensorsTest::test_remove_sensor_success,brittle,5.589196054,../SAVE/test_remove_senso_patch_4f92ff064f2245be9a33ce3ddc27cbd7_.patch,4
HikLoad,b3eb7be65bd34040992e1b7b15f23ff4ce2e8dc4,tests/test_config.py::test_envvar,brittle,0.789618067,../SAVE/test_envvar_patch_a7afa32c6367dc9a47e5c96a33152751_.patch,1
LabIFSC,cb56b75f51eb54680d0b81f4c87aa0234538a2a8,tests/medida_test.py::test_medida_si_2,brittle,1.002753223,../SAVE/test_medida_si_2_patch_cbe626a3008997c09837e66d462a7b63_.patch,1
LabIFSC,cb56b75f51eb54680d0b81f4c87aa0234538a2a8,tests/medida_test.py::test_medida_si_3,brittle,1.050935254,../SAVE/test_medida_si_3_patch_04298aab65f0e3fe0dbb994533db89b6_.patch,1
NestedDictionary,881f0ea8af36a60fcd1b9d7a84b1aec4cd7072b2,easy_dict/tests/test_01_default.py::test_del,brittle,1.616171185,../SAVE/test_del_patch_34aa65703abf1e9dc74fb4c2a254aad1_.patch,1
PyGraph,e81c3a0f543f5bfcda1a603c6dcecde13d582c57,__tests__/test_simple_graph.py::TestSimpleGraph::test_is_terminal,brittle,0.890101986,../SAVE/test_is_terminal_patch_02c381785999f332c91adcf46a3b1457_.patch,1
PyGraph,e81c3a0f543f5bfcda1a603c6dcecde13d582c57,__tests__/test_simple_graph.py::TestSimpleGraph::test_vertex_exists,brittle,0.450283415,../SAVE/test_vertex_exists_patch_2c8a2c8b5bfdce4ea4d44b33365bb5a6_.patch,1
YAROM,cd4fb6cb8fac72a198858225ce89ad8b9c9175fd,tests/test_mapper.py::MapperTest::test_children_are_added,brittle,1.358638947,../SAVE/test_children_are_patch_df2309025d935dddc661068055f55d75_.patch,1
YAROM,cd4fb6cb8fac72a198858225ce89ad8b9c9175fd,tests/test_mapper.py::MapperTest::test_children_are_deregistered,brittle,1.417739041,../SAVE/test_children_are_patch_25ec24d1ab2980f04a82ad9a81282ad1_.patch,1
YAROM,cd4fb6cb8fac72a198858225ce89ad8b9c9175fd,tests/test_mapper.py::MapperTest::test_object_from_id_class,brittle,1.426842238,../SAVE/test_object_from__patch_322e7dcc6c427b495194330fb6df00a9_.patch,1
alphanum_code,fb5cd313dc41f046aac01ff01d6e1561d17894a6,tests/test_alphanum_code.py::test_next_code,brittle,1.474927232,../SAVE/test_next_code_patch_de4fcd0c5e0801ba4ae97a0f804286d7_.patch,1
api-python,6d09ca1557da0af893f008f7302801f12afc2d46,datacommons/test/set_api_key_test.py::TestApiKey::test_query_no_api_key,brittle,1.478652353,../SAVE/test_query_no_api_key_patch_e7d9738441de7e1398be2b7d578cf0ce_.patch,1
api-python,6d09ca1557da0af893f008f7302801f12afc2d46,datacommons/test/set_api_key_test.py::TestApiKey::test_send_request_no_api_key,brittle,1.455059981,../SAVE/test_send_request_no_api_key_patch_5506d5c4b48ea392c43acf404cda314d_.patch,1
aud,2dfc81dad3da78537e1b1c6f5cc5630ba5b837f9,aud/test_aud.py::test_config,brittle,6.517891595,../SAVE/test_config_patch_4ed960f83fe05b54045b3999b930268e_.patch,1
aud,2dfc81dad3da78537e1b1c6f5cc5630ba5b837f9,aud/test_aud.py::test_dir,brittle,5.894887332,../SAVE/test_dir_patch_e29605198a52ca9dea014d70b1cf5242_.patch,5
autodiscover,3009f81c51b7a4cb077427e429d740db98eb173b,tests/test_autodiscover.py::TestAutoDiscover::test_autodiscover_with_pattern,brittle,5.878854196,../SAVE/test_autodiscover_with__patch_5ad39e23a39a42d662a71f45a129cb8d_.patch,4
autoyaml,be3f450667bcca477683e63bcc49c67c5d170855,tests/autoyaml_test.py::TestAutoyamlMethods::test_b_decrypt_config,brittle,3.32751195,../SAVE/test_b_decrypt_conf_patch_bf9d097a1db1435f1b9046c45e69b882_.patch,1
autoyaml,be3f450667bcca477683e63bcc49c67c5d170855,tests/autoyaml_test.py::TestEncryptorMethods::test_b_decrypt,brittle,3.426206877,../SAVE/test_b_decrypt_patch_ccd820868247fbf11630602f019318d8_.patch,3
basic_auth,622f2133c13988cec549f4ea55bed14e50f90876,tests/test_general.py::test_file_data_arguments,brittle,1.828877692,../SAVE/test_file_data_arguments_patch_006687e8d8e846db4bc82b84f498d11b_.patch,4
basic_auth,622f2133c13988cec549f4ea55bed14e50f90876,tests/test_wso.py::test_file_data_arguments,brittle,1.772331126,../SAVE/test_file_data_arguments_patch_478785c241444df2807d3712270de69b_.patch,4
bluebees,ca18ee6dae60393480bac3893038790957727748,tests/test_application_data.py::test_cleanup,brittle,21.41180529,../SAVE/test_cleanup_patch_e4f6479543d5802e02b180132d6031dc_.patch,8
bluebees,ca18ee6dae60393480bac3893038790957727748,tests/test_network_data.py::test_cleanup,brittle,16.83663073,../SAVE/test_cleanup_patch_57109c34febf3337d1f8876e48d5bb9c_.patch,16
bluebees,ca18ee6dae60393480bac3893038790957727748,tests/test_node_data.py::test_cleanup,brittle,13.34125081,../SAVE/test_cleanup_patch_ef6538ca4093431eb572ebeceebad0ca_.patch,13
carbonize,efc89b8a9e44f9d64110406ce70929a9671517c7,tests/test_api.py::TestFootprint::test_flight_two_way,brittle,1.388919171,../SAVE/test_flight_tw_patch_6ee31fc6345c13472ba9b361a2c7cea6_.patch,1
centreon-sdk-python,9f207d5458afc3304e24f16988069467b19eab81,tests/test_command.py::TestCommands::test_command_list,brittle,10.12810444,../SAVE/test_command_list_patch_3af902b06e9c29c84802a9a08e7c2ba4_.patch,2
centreon-sdk-python,9f207d5458afc3304e24f16988069467b19eab81,tests/test_command.py::TestCommands::test_command_not_exist,brittle,9.909077414,../SAVE/test_command_not_e_patch_42e9511203d008affc731fc18f11d13e_.patch,2
centreon-sdk-python,9f207d5458afc3304e24f16988069467b19eab81,tests/test_command.py::TestCommands::test_command_setparam,brittle,7.301523846,../SAVE/test_command_setpa_patch_05e6fec64355fbed94ccfc2c480e356b_.patch,8
centreon-sdk-python,9f207d5458afc3304e24f16988069467b19eab81,tests/test_hosts.py::TestHosts::test_hosts_list,brittle,11.82580287,../SAVE/test_hosts_list_patch_bd3da6c2493136c0703de7a0d5c60a66_.patch,2
centreon-sdk-python,9f207d5458afc3304e24f16988069467b19eab81,tests/test_hosts.py::TestHosts::test_hosts_not_exist,brittle,11.5868984,../SAVE/test_hosts_not_e_patch_b333910f18e70e5a6d909260641ab624_.patch,2
centreon-sdk-python,9f207d5458afc3304e24f16988069467b19eab81,tests/test_resourcecfg.py::TestResourceCFG::test_resourcecfg_building_line,brittle,10.46792755,../SAVE/test_resourcecfg_build_patch_a8f0b19c993f3c23594ba87a28d9fbff_.patch,2
centreon-sdk-python,9f207d5458afc3304e24f16988069467b19eab81,tests/test_resourcecfg.py::TestResourceCFG::test_resourcecfg_get_one,brittle,10.85039103,../SAVE/test_resourcecfg_get_o_patch_a87b008179af3e8d7e77ae47fabb24cf_.patch,2
centreon-sdk-python,9f207d5458afc3304e24f16988069467b19eab81,tests/test_resourcecfg.py::TestResourceCFG::test_resourcecfg_not_exist,brittle,10.77927643,../SAVE/test_resourcecfg_not_e_patch_d2567af860d7152da67c0dd37d78735f_.patch,2
centreon-sdk-python,9f207d5458afc3304e24f16988069467b19eab81,tests/test_resourcecfg.py::TestResourceCFG::test_resourcecfg_setparam,brittle,7.218032055,../SAVE/test_resourcecfg_setpa_patch_3eba914c28853513e19958b08e163ecd_.patch,8
cfgsaver,9654076b418c96bcddbf2fddc5fdb0f6f4117278,test/test_cfgsaver.py::test_get,brittle,0.87775521,../SAVE/test_get_patch_13a97728f14e8d8959c1ff0e64e5cbf6_.patch,1
cloudnetpy,26f2607b890630146469cfa410fce99438ceee3f,tests/unit/test_classify.py::TestFindRain::test_3,brittle,7.018834997,../SAVE/test_3_patch_d154adec459f4abc878356c572786887_.patch,1
compilertools,7b898cb6970f5f25c5356b15a2efd0cb2e54d566,tests/test_build.py::tests_patch___new__,brittle,2.609941812,../SAVE/tests_patch___ne_patch_cdb5c7b4bcbd4098f8cc26e1f843c58c_.patch,1
devtracker,ea892d6d48aa5d4627b429469b59ae3f0ce7f10f,devtracker/test_devtracker.py::test_current_status,brittle,1.409140315,../SAVE/test_current_status_patch_1ea10e343452ccd339c2a6ce50ce8f2a_.patch,1
dzonegit,8f952086aa41aee4ebb7432926ed8c6a9211ac9f,test_dzonegit.py::test_get_altered_files,brittle,16.85243021,../SAVE/test_get_alte_patch_7748e0efeefe7cff49d6a99a3217192e_.patch,5
dzonegit,8f952086aa41aee4ebb7432926ed8c6a9211ac9f,test_dzonegit.py::test_get_file_contents,brittle,4.653625761,../SAVE/test_get_file_patch_e8a26a82ea2a51b10f1b78a3eabb3b56_.patch,2
dzonegit,8f952086aa41aee4ebb7432926ed8c6a9211ac9f,test_dzonegit.py::test_template_config,brittle,4.961094497,../SAVE/test_template_patch_4239c1eca75e54f7a181d0d51500f933_.patch,1
easy_python_requirements,2bf905f34065637cbc781d17d8e5806892fb66d5,test/test_mock_functions.py::test_mock_class_update,brittle,2.2865571,../SAVE/test_mock_class_update_patch_5314bc1972201853904e12c14fe56db6_.patch,2
ecs-crd-cli,7b296c64086a204d3540da272e3d8dd74721c6c4,tests/test_prepareDeploymentServiceDefinitionStep.py::test_process_application_autoscaling_scalable_target_max_capacity_invalid,brittle,6.801692912,../SAVE/test_process_application_autoscaling_scalable_tar_patch_91e68e1623cd8c71a23347b4d940799b_.patch,1
enpyronments,0848c55a2a1b132b3beba94265c103ba49385c8f,tests/test_settings.py::test_save_to_environ[0-1],brittle,0.394054372,../SAVE/test_save_to_enviro_patch_b1e33eedcaadc8cf0d5c71c2c624a46c_.patch,2
enpyronments,0848c55a2a1b132b3beba94265c103ba49385c8f,tests/test_settings.py::test_save_to_environ[2-0.0],brittle,0.429967461,../SAVE/test_save_to_enviro_patch_0a259ad50d258206f5525f3deead6746_.patch,2
envyaml,79a220cabb69d71397310d941de205610cf5e4cb,tests/test_envyaml.py::test_it_should_not_fail_when_try_load_non_exist_default_file,brittle,5.124122104,../SAVE/test_it_should_not_patch_4a5d16b58dd7508d299ec8c043a4fac1_.patch,2
eppy,98e58583dce6c0fcec9c7b1ff1142bae0a67ddc7,eppy/tests/test_modeleditor.py::test_idd_index,brittle,2.244432935,../SAVE/test_idd_index_patch_e3a54afa803fdf7d1f812a6e827477af_.patch,5
exceltojson,6724c7de5153a7b125011e879419273589206d0d,tests/test_excel_2_json.py::TestProcessExcel::test_excel_process_not_patch_sheet_names,brittle,1.399108051,../SAVE/test_excel_process_not__patch_52b2178fb182412cb6d147c56994ba35_.patch,1
exceltojson,6724c7de5153a7b125011e879419273589206d0d,tests/test_excel_2_json.py::TestProcessExcel::test_excel_process_with_sheet_names,brittle,1.455634292,../SAVE/test_excel_process_with_patch_af8c7c4c3c0645ff072bfc5d45e99a95_.patch,1
findatabroker,204c433d51e2d2de5c132a4607cd504809fd4a71,FinDataBroker/tests/test_mongo.py::test__load___ok,brittle,13.58269541,../SAVE/test__load___ok_patch_1f60961a44a0981ddd584b19dc7f7449_.patch,5
fish_base,1615ccff9106bf42fc6ae862cd13353c12c1b76d,test/test_logger.py::TestFishLogging::test_format3,brittle,2.844520223,../SAVE/test_format3_patch_091803f9658d4c256a2a962c1f26e0c3_.patch,1
flask-ipban,882a25495be55609e5d9a058b8139b78836d64d4,flask_ipban/test_persistence.py::IpBanPersistence2::runTest,brittle,0.921150982,../SAVE/runTest_patch_cd66f2ceb1d9c23d539a741698dc6125_.patch,1
fooof,7a520c4f8ac3a44f4f18dc025b5e5d40049c9f2b,fooof/tests/utils/test_download.py::test_check_data_file,brittle,1.274264764,../SAVE/test_check_data_file_patch_eb6bc293c7c771b142931cff0b5d7cb8_.patch,1
fparser,4be91d2e1078fa5588e84a3299131f297afba675,src/fparser/one/tests/test_block_stmts.py::test_implicit_topyf,brittle,1.756405681,../SAVE/test_implicit_topyf_patch_54dabe79cf1d94e14469b1761064d520_.patch,1
geom,d12b381706ee620cba1c6a6cb45ab7815e5a1dc9,test_geom.py::test_veceq,brittle,2.577551306,../SAVE/test_vece_patch_fa18ec4d5f8b65f76e0c5dccd3991d07_.patch,1
instabot,d68b55015322898c3842c92dcc5989581043252e,tests/test_bot_like.py::TestBotGet::test_like_medias[medias0],brittle,6.295299344,../SAVE/test_like_medias_patch_b4c76a31056429f63e371fce2a2ccd20_.patch,1
instabot,d68b55015322898c3842c92dcc5989581043252e,tests/test_bot_like.py::TestBotGet::test_like_user[12345678900],brittle,5.148992242,../SAVE/test_like_user_patch_4544432cf35214e2cdc3eeb0f6c5a1e3_.patch,1
instabot,d68b55015322898c3842c92dcc5989581043252e,tests/test_bot_like.py::TestBotGet::test_like_user[12345678901],brittle,5.174856685,../SAVE/test_like_user_patch_dd86dd62fc9ac59d963960d7f1a56d04_.patch,1
instabot,d68b55015322898c3842c92dcc5989581043252e,tests/test_bot_like.py::TestBotGet::test_like_users[user_ids0],brittle,5.35789266,../SAVE/test_like_users_patch_25eed05ac6d169419384a6e0eb257701_.patch,1
instabot,d68b55015322898c3842c92dcc5989581043252e,tests/test_bot_like.py::TestBotGet::test_like_users[user_ids1],brittle,5.378077322,../SAVE/test_like_users_patch_5c19530dedadff9af414997063af9893_.patch,1
instabot,d68b55015322898c3842c92dcc5989581043252e,tests/test_bot_unlike.py::TestBotFilter::test_unlike_user,brittle,0.891599324,../SAVE/test_unlike_user_patch_1fd7c4a823a7485c6428c54af4d9786b_.patch,1
jgutils,6c8ed6aca37d509af8ce1b57635fad62f1c846b4,jgutils/tests/test_persistentdict.py::TestPersistentDict::test_file_creation2,brittle,0.748104393,../SAVE/test_file_creation2_patch_521e989a4ab1d0887d5b16d865319a59_.patch,2
json-storage-manager,c7521fc4a576cf23a8c2454106bed6fb8c951b8d,tests/test_main.py::test_get_item,brittle,1.670408039,../SAVE/test_get_item_patch_63b2679833487171df86ee61c6911474_.patch,5
json-storage-manager,c7521fc4a576cf23a8c2454106bed6fb8c951b8d,tests/test_main.py::test_set_item_fail,brittle,3.083469328,../SAVE/test_set_item_f_patch_c4ff6448a897ef7008bdd71cdea02da1_.patch,2
json-storage-manager,c7521fc4a576cf23a8c2454106bed6fb8c951b8d,tests/test_main.py::test_update_item,brittle,3.181064711,../SAVE/test_update_ite_patch_320a12415b1f91e9091ae87ea104da41_.patch,2
litedb,2694bc39676d8398f669c0aed96aef89623dbc9a,tests/test_database/test_memory_database_hypothesis.py::TestMemoryDatabase::test_database_retrieve,brittle,2.963550899,../SAVE/test_database_retrieve_patch_c15c423a333156504e571415ebe4d40a_.patch,1
lithoxyl,9961553a065a1ad8bb7a2407fe74f2cfd6c79a20,lithoxyl/tests/test_stats.py::test_acc_random,brittle,8.559330271,../SAVE/test_acc_random_patch_997c13e754ade73796520d8fd9d7ee85_.patch,3
logzero,b5d49fc2b118c370994c4ae5360d7c246d43ddc8,tests/test_logzero.py::test_default_logger_stderr_output,brittle,2.914724768,../SAVE/test_default_logge_patch_425ae015a5ed12ae88f6ce3d8d13a1ac_.patch,1
moyasar-python,aa8716ae3f98f8782141abe6869dfbb90af98b62,tests/moyasar_test.py::test_request_should_return_json_object,brittle,6.209535253,../SAVE/test_request_shoul_patch_6e101994dda8128776c342d980da6632_.patch,1
multiindex,b631e60bd47558eca9067a0dc87f0e713cddc6f2,multiindex/tests/test_multiindex.py::test_remove,brittle,1.464257514,../SAVE/test_remove_patch_f117944892285a1964c901021c098fb4_.patch,1
neon,42ad78e3d79583a93abce6d06b81dafc29017514,tests/basic_tests.py::test_dont_memoize,brittle,1.174170278,../SAVE/test_dont_memoize_patch_254cdf63266c2ac7786f13c93b226cc8_.patch,1
neurodsp,19aa50c71deaa19e4ed85efa192afa8ab63d0bf1,neurodsp/tests/utils/test_download.py::test_check_data_file,brittle,0.570163826,../SAVE/test_check_data_file_patch_841f9ad4ce3ec9aa48e7499b605baac4_.patch,1
nxviz,d2a2a622e834148a9f4337dbe1021a05c5f18548,tests/test_plots.py::test_matrix_plot,brittle,5.522297189,../SAVE/test_matrix_plot_patch_a1fa3c07329b891ecabd16548a4c893c_.patch,1
parse_it,886d7de0e74e67edc136411a5220e35c1149e743,test/test_prase_it.py::BaseTests::test_parser_read_all_configuration_variables_raise_allowed_types_error,brittle,2.73679908,../SAVE/test_parser_read_a_patch_5a28ff13963582b12a13fe5f4897efea_.patch,1
promise,4627315476f6b9fc82818327ae09b04f89f9bda7,tests/test_dataloader.py::test_wrong_loader_return_type_does_not_block_async_instance,brittle,2.569534293,../SAVE/test_wrong_loader_ret_patch_9f75ec29f4f1540a4305cf188149461a_.patch,1
puppetboard,974c51ad6c08d99662ba013789565f63cd431b03,test/test_app.py::test_radiator_view_bad_env,brittle,1.378004551,../SAVE/test_radiator_patch_86fc555da8432cd418114fd3d31228f8_.patch,6
pydbvolve,e18bb8cf98997c52de0cf30a8e106c480ba0bb57,tests/unittests/test_01_migration_table.py::test_02_check_migration_table_bad_structure,brittle,11.3414657,../SAVE/test_02_check_migration_table_bad_struc_patch_7ae99c55a768aa0d4793afa170396841_.patch,12
pyserverpilot,b6b896fea1155fa95febde84f74e0d2230523ab0,tests/test_app.py::TestApp::test_add_ssl,brittle,2.007062498,../SAVE/test_add_ssl_patch_8e95d623f50de636b11d7e3ab8a85305_.patch,1
pyserverpilot,b6b896fea1155fa95febde84f74e0d2230523ab0,tests/test_app.py::TestApp::test_get_app,brittle,1.950436856,../SAVE/test_get_app_patch_f1a77f960567e510260a25e4986d1650_.patch,1
pyserverpilot,b6b896fea1155fa95febde84f74e0d2230523ab0,tests/test_app.py::TestApp::test_update_app_validation,brittle,1.887994316,../SAVE/test_update_ap_patch_aef1bb4243eff49e3e9152731b413089_.patch,1
pyserverpilot,b6b896fea1155fa95febde84f74e0d2230523ab0,tests/test_db.py::TestDb::test_get_db,brittle,7.940075039,../SAVE/test_get_db_patch_95b5eb76e3addc7a533d8a268f9a2690_.patch,4
pyserverpilot,b6b896fea1155fa95febde84f74e0d2230523ab0,tests/test_db.py::TestDb::test_update_db,brittle,7.715895446,../SAVE/test_update_d_patch_2f34b9d4922783e3c3fbad5d045d9b8f_.patch,4
pytenable,79c769cf22799125c39fa9fb86c5ef333beb96b4,tests/io/test_access_groups.py::test_access_group_edit_success,brittle,0.768405117,../SAVE/test_access_group_edit_success_patch_d99f0ad1a8ce442b03ee89dd326b5100_.patch,2
pytenable,79c769cf22799125c39fa9fb86c5ef333beb96b4,tests/io/test_access_groups.py::test_access_groups_create_all_users_typeerror,brittle,0.770999864,../SAVE/test_access_groups_create_all_users_typeerror_patch_0671e1a3060fd4ef41431d18a534d60c_.patch,2
pytenable,79c769cf22799125c39fa9fb86c5ef333beb96b4,tests/io/test_access_groups.py::test_access_groups_create_success,brittle,0.766618423,../SAVE/test_access_groups_create_success_patch_54da4648e7bfff9c9caca83300f98c7b_.patch,2
pytenable,79c769cf22799125c39fa9fb86c5ef333beb96b4,tests/io/test_access_groups.py::test_access_groups_delete_success,brittle,0.766669624,../SAVE/test_access_groups_delete_success_patch_9d6a3e062c13f6a207307fa400a3b3c2_.patch,2
pytenable,79c769cf22799125c39fa9fb86c5ef333beb96b4,tests/io/test_access_groups.py::test_access_groups_details_success,brittle,0.78518533,../SAVE/test_access_groups_details_success_patch_a16b9a8770430ee25a4e19cd3d816b48_.patch,2
pytenable,79c769cf22799125c39fa9fb86c5ef333beb96b4,tests/io/test_access_groups.py::test_access_groups_list,brittle,0.773951165,../SAVE/test_access_groups_list_patch_3556a796111e854e19c5069594222424_.patch,2
pytenable,79c769cf22799125c39fa9fb86c5ef333beb96b4,tests/io/test_access_groups.py::test_access_groups_list_filter_name_typeerror,brittle,0.78365645,../SAVE/test_access_groups_list_filter_name_typeerror_patch_8152f7d44a77fa588456994b3e570d05_.patch,2
pytenable,79c769cf22799125c39fa9fb86c5ef333beb96b4,tests/io/test_access_groups.py::test_access_groups_list_filter_operator_typeerror,brittle,0.703486159,../SAVE/test_access_groups_list_filter_operator_typeerror_patch_5ea25359377f724f8414b5f3d0d4a0ee_.patch,2
pytenable,79c769cf22799125c39fa9fb86c5ef333beb96b4,tests/io/test_access_groups.py::test_access_groups_list_filter_type_typeerror,brittle,0.703534774,../SAVE/test_access_groups_list_filter_type_typeerror_patch_5d83e2aa92237161aeb6539c5c5c0da3_.patch,2
pytenable,79c769cf22799125c39fa9fb86c5ef333beb96b4,tests/io/test_access_groups.py::test_access_groups_list_filter_value_typeerror,brittle,0.700036652,../SAVE/test_access_groups_list_filter_value_typeerror_patch_e18d25ec3cc8c091ca7620cdf0e800b9_.patch,2
pytenable,79c769cf22799125c39fa9fb86c5ef333beb96b4,tests/io/test_access_groups.py::test_access_groups_list_limit_typeerror,brittle,0.700096518,../SAVE/test_access_groups_list_limit_typeerror_patch_a8954c2533808843b6c85fa5faa83ddb_.patch,2
pytenable,79c769cf22799125c39fa9fb86c5ef333beb96b4,tests/io/test_access_groups.py::test_access_groups_list_sort_direction_typeerror,brittle,0.782437243,../SAVE/test_access_groups_list_sort_direction_typeerror_patch_270f2a80c5c394f1878330681156d19f_.patch,2
pytenable,79c769cf22799125c39fa9fb86c5ef333beb96b4,tests/io/test_access_groups.py::test_access_groups_list_sort_direction_unexpectedvalue,brittle,0.792752691,../SAVE/test_access_groups_list_sort_direction_unexpectedvalue_patch_22b8c8df7e7c1f901d226a4cd81560e3_.patch,2
pytenable,79c769cf22799125c39fa9fb86c5ef333beb96b4,tests/io/test_access_groups.py::test_access_groups_list_sort_field_typeerror,brittle,0.768079244,../SAVE/test_access_groups_list_sort_field_typeerror_patch_5fae5cfdf751c4b6468d214a60e11a03_.patch,2
pytenable,79c769cf22799125c39fa9fb86c5ef333beb96b4,tests/io/test_access_groups.py::test_access_groups_list_wildcard_fields_typeerror,brittle,0.779850036,../SAVE/test_access_groups_list_wildcard_fields_typeerror_patch_40a8b903413b6c7c79b8fbdb7ccffda0_.patch,2
pytenable,79c769cf22799125c39fa9fb86c5ef333beb96b4,tests/io/test_access_groups.py::test_access_groups_list_wildcard_typeerror,brittle,0.79954616,../SAVE/test_access_groups_list_wildcard_typeerror_patch_3a1540590734bbf2ce43e0eb8fbe4006_.patch,2
pytenable,79c769cf22799125c39fa9fb86c5ef333beb96b4,tests/io/test_agent_groups.py::test_agentgroups_add_mult_agents_to_group,brittle,0.77844844,../SAVE/test_agentgroups_add_mult_agents_to_group_patch_5fac4982ee6aab855f4c7321b7380b3a_.patch,1
pytenable,79c769cf22799125c39fa9fb86c5ef333beb96b4,tests/io/test_agent_groups.py::test_agentgroups_delete_agent_from_group,brittle,0.789242066,../SAVE/test_agentgroups_delete_agent_from_group_patch_4d680f65bca44ffb4d67c6392e9b0135_.patch,1
pytenable,79c769cf22799125c39fa9fb86c5ef333beb96b4,tests/io/test_agent_groups.py::test_agentgroups_delete_mult_agents_from_group,brittle,0.720800176,../SAVE/test_agentgroups_delete_mult_agents_from_group_patch_1801662d29d6310d28b284756c2c578f_.patch,1
pytenable,79c769cf22799125c39fa9fb86c5ef333beb96b4,tests/io/test_agent_groups.py::test_agentgroups_task_status,brittle,0.771857232,../SAVE/test_agentgroups_task_status_patch_a57737943e2bf8b8184cbd49ba3c5e9b_.patch,1
pytenable,79c769cf22799125c39fa9fb86c5ef333beb96b4,tests/io/test_agents.py::test_agents_details_agent_details,brittle,0.772381283,../SAVE/test_agents_details_agent_details_patch_c0fa9d23e80cf2ce7a51578af8e9b50c_.patch,2
pytenable,79c769cf22799125c39fa9fb86c5ef333beb96b4,tests/io/test_agents.py::test_agents_list,brittle,0.788499229,../SAVE/test_agents_list_patch_71effce56bf48fe99251c4b338dcbaad_.patch,2
pytenable,79c769cf22799125c39fa9fb86c5ef333beb96b4,tests/io/test_agents.py::test_agents_list_filter_name_typeerror,brittle,0.770901538,../SAVE/test_agents_list_filter_name_typeerror_patch_efe6901b8ce591dad3c0263c959d5e77_.patch,2
pytenable,79c769cf22799125c39fa9fb86c5ef333beb96b4,tests/io/test_agents.py::test_agents_list_filter_operator_typeerror,brittle,0.733944111,../SAVE/test_agents_list_filter_operator_typeerror_patch_764d6fd63458c59fc2ccc222ff696155_.patch,2
pytenable,79c769cf22799125c39fa9fb86c5ef333beb96b4,tests/io/test_agents.py::test_agents_list_filter_type_typeerror,brittle,0.764533624,../SAVE/test_agents_list_filter_type_typeerror_patch_c98997aa1dc0fe1ff17f19152720ace4_.patch,2
pytenable,79c769cf22799125c39fa9fb86c5ef333beb96b4,tests/io/test_agents.py::test_agents_list_filter_value_typeerror,brittle,0.734382384,../SAVE/test_agents_list_filter_value_typeerror_patch_c1b6c0a1db4197aadb92545db5a5dd8e_.patch,2
pytenable,79c769cf22799125c39fa9fb86c5ef333beb96b4,tests/io/test_agents.py::test_agents_list_limit_typeerror,brittle,0.737378888,../SAVE/test_agents_list_limit_typeerror_patch_49572717826a121445e0deac226848c4_.patch,2
pytenable,79c769cf22799125c39fa9fb86c5ef333beb96b4,tests/io/test_agents.py::test_agents_list_sort_direction_typeerror,brittle,0.791576758,../SAVE/test_agents_list_sort_direction_typeerror_patch_dd04011bda1bea60356fec0f39aa22ed_.patch,2
pytenable,79c769cf22799125c39fa9fb86c5ef333beb96b4,tests/io/test_agents.py::test_agents_list_sort_direction_unexpectedvalue,brittle,0.722194068,../SAVE/test_agents_list_sort_direction_unexpectedvalue_patch_68e90415ce8a7ae8c2fe8af2ef3dfb51_.patch,2
pytenable,79c769cf22799125c39fa9fb86c5ef333beb96b4,tests/io/test_agents.py::test_agents_list_sort_field_typeerror,brittle,0.768616965,../SAVE/test_agents_list_sort_field_typeerror_patch_3e1cf20e128a7da1d15be9bb654eb7ef_.patch,2
pytenable,79c769cf22799125c39fa9fb86c5ef333beb96b4,tests/io/test_agents.py::test_agents_list_wildcard_fields_typeerror,brittle,0.792823084,../SAVE/test_agents_list_wildcard_fields_typeerror_patch_3e9851dd9918f2a1179f22adef5b7b5d_.patch,2
pytenable,79c769cf22799125c39fa9fb86c5ef333beb96b4,tests/io/test_agents.py::test_agents_list_wildcard_typeerror,brittle,0.715034924,../SAVE/test_agents_list_wildcard_typeerror_patch_a5f1ecaa5dd4f85c583f9e07f8b69663_.patch,2
pytenable,79c769cf22799125c39fa9fb86c5ef333beb96b4,tests/io/test_base.py::test_base_parse_filter_accessgroup,brittle,0.711537905,../SAVE/test_base_parse_filter_accessgroup_patch_c3e337b42b7557561fafec00d9d0a957_.patch,2
pytenable,79c769cf22799125c39fa9fb86c5ef333beb96b4,tests/io/test_base.py::test_base_parse_filter_colon,brittle,0.79930751,../SAVE/test_base_parse_filter_colon_patch_11e13cd4f6dba18f8e4aa24125a40ce7_.patch,2
pytenable,79c769cf22799125c39fa9fb86c5ef333beb96b4,tests/io/test_base.py::test_base_parse_filter_sjson,brittle,0.767194709,../SAVE/test_base_parse_filter_sjson_patch_13715260dfbfc3d434f64ee3674c001e_.patch,2
pytenable,79c769cf22799125c39fa9fb86c5ef333beb96b4,tests/io/test_base.py::test_base_parse_filters_json,brittle,0.702456847,../SAVE/test_base_parse_filters_json_patch_746217f945247e782b50d5abd919460d_.patch,2
pytenable,79c769cf22799125c39fa9fb86c5ef333beb96b4,tests/io/test_scans.py::test_scan_export_bytesio,brittle,1.493022897,../SAVE/test_scan_export_by_patch_4f2e3eff625b4432788186bc62a3f9e7_.patch,4
pytenable,79c769cf22799125c39fa9fb86c5ef333beb96b4,tests/io/test_scans.py::test_scan_export_chapters_typeerror,brittle,1.537154107,../SAVE/test_scan_export_ch_patch_36fadc35f5f73b09ec48690c805b6c97_.patch,4
pytenable,79c769cf22799125c39fa9fb86c5ef333beb96b4,tests/io/test_scans.py::test_scan_export_chapters_unexpectedvalueerror,brittle,1.522794615,../SAVE/test_scan_export_ch_patch_5357e555c5ada4c7797ccc61cce5a121_.patch,4
pytenable,79c769cf22799125c39fa9fb86c5ef333beb96b4,tests/io/test_scans.py::test_scan_export_file_object,brittle,1.541972877,../SAVE/test_scan_export_fi_patch_53472b5139771c031271c814efe94cd3_.patch,4
pytenable,79c769cf22799125c39fa9fb86c5ef333beb96b4,tests/io/test_scans.py::test_scan_export_filter_type_typeerror,brittle,1.410045146,../SAVE/test_scan_export_fi_patch_8f3578d21dc3e118dd1f8c569c6e7f01_.patch,4
pytenable,79c769cf22799125c39fa9fb86c5ef333beb96b4,tests/io/test_scans.py::test_scan_export_filter_type_unexpectedvalueerror,brittle,1.547186147,../SAVE/test_scan_export_fi_patch_1b0c6433f43f81e55249992e02d72563_.patch,4
pytenable,79c769cf22799125c39fa9fb86c5ef333beb96b4,tests/io/test_scans.py::test_scan_export_format_typeerror,brittle,1.483630435,../SAVE/test_scan_export_fo_patch_8882d2d5663e4cd3777c192c34740c6a_.patch,4
pytenable,79c769cf22799125c39fa9fb86c5ef333beb96b4,tests/io/test_scans.py::test_scan_export_format_unexpectedvalueerror,brittle,1.540023334,../SAVE/test_scan_export_fo_patch_8e44cfd300855bb95afcd2fc8aa4d19d_.patch,4
pytenable,79c769cf22799125c39fa9fb86c5ef333beb96b4,tests/io/test_scans.py::test_scan_export_history_id_typeerror,brittle,1.636682798,../SAVE/test_scan_export_hi_patch_a5c5bf4b7b97a887ae6cd4acb2336d72_.patch,4
pytenable,79c769cf22799125c39fa9fb86c5ef333beb96b4,tests/io/test_scans.py::test_scan_export_password_typeerror,brittle,1.582487272,../SAVE/test_scan_export_pa_patch_ec7ad600f55d6f49747033250703e70f_.patch,4
pytenable,79c769cf22799125c39fa9fb86c5ef333beb96b4,tests/io/test_scans.py::test_scan_export_was,brittle,1.540495166,../SAVE/test_scan_export_wa_patch_53d3c76a7495892009d7e84964d98d49_.patch,4
pytenable,79c769cf22799125c39fa9fb86c5ef333beb96b4,tests/io/test_scans.py::test_scan_export_was_typeerror,brittle,1.500807854,../SAVE/test_scan_export_wa_patch_dbf33e2e21a22fa045c82dea31373a39_.patch,4
pytenable,79c769cf22799125c39fa9fb86c5ef333beb96b4,tests/io/test_scans.py::test_scan_import_scan,brittle,1.557272121,../SAVE/test_scan_import_sc_patch_217798ed165962f7e62a5a20c7f6be6b_.patch,4
pytenable,79c769cf22799125c39fa9fb86c5ef333beb96b4,tests/io/test_workbenches.py::test_workbench_asset_activity,brittle,0.732294329,../SAVE/test_workbench_asset_acti_patch_7369d0a468b764269fd22ae395fbbd1c_.patch,1
pytenable,79c769cf22799125c39fa9fb86c5ef333beb96b4,tests/io/test_workbenches.py::test_workbench_asset_info,brittle,0.746558674,../SAVE/test_workbench_asset_info_patch_6875c6dcc10df7ec5b492ddcd65351a8_.patch,1
pytenable,79c769cf22799125c39fa9fb86c5ef333beb96b4,tests/io/test_workbenches.py::test_workbench_asset_vuln_info_age_typeerror,brittle,0.735575139,../SAVE/test_workbench_asset_vuln_info_age_typeerror_patch_cf0df286f4df4973d95274f8b351124c_.patch,2
pytenable,79c769cf22799125c39fa9fb86c5ef333beb96b4,tests/io/test_workbenches.py::test_workbench_asset_vuln_info_filter_type_typeerror,brittle,0.712295462,../SAVE/test_workbench_asset_vuln_info_filter_type_typeerror_patch_5443b0f396bc8aa131e6867137a2d45a_.patch,2
pytenable,79c769cf22799125c39fa9fb86c5ef333beb96b4,tests/io/test_workbenches.py::test_workbench_asset_vuln_info_filter_type_unexpectedvalueerror,brittle,0.759907492,../SAVE/test_workbench_asset_vuln_info_filter_type_unexpectedvalueerror_patch_66481cb5c9023151defe869f16c9154c_.patch,2
pytenable,79c769cf22799125c39fa9fb86c5ef333beb96b4,tests/io/test_workbenches.py::test_workbench_asset_vuln_info_invalid_filter,brittle,0.709589456,../SAVE/test_workbench_asset_vuln_info_invalid_filter_patch_e10e5518f4de92cdb6d91c7a0cf263e4_.patch,2
pytenable,79c769cf22799125c39fa9fb86c5ef333beb96b4,tests/io/test_workbenches.py::test_workbench_asset_vuln_info_plugin_id_typeerror,brittle,0.72313998,../SAVE/test_workbench_asset_vuln_info_plugin_id_typeerror_patch_47e2522d8733c8a0c88e5cfd9c16e9ff_.patch,2
pytenable,79c769cf22799125c39fa9fb86c5ef333beb96b4,tests/io/test_workbenches.py::test_workbench_asset_vuln_info_uuid_typeerror,brittle,0.761499061,../SAVE/test_workbench_asset_vuln_info_uuid_typeerror_patch_82c238172a765c9223f16897d77ada2d_.patch,2
pytenable,79c769cf22799125c39fa9fb86c5ef333beb96b4,tests/io/test_workbenches.py::test_workbench_asset_vuln_info_uuid_unexpectedvalueerror,brittle,0.736111658,../SAVE/test_workbench_asset_vuln_info_uuid_unexpectedvalueerror_patch_04a65fc5aac19be866c8506ae89482a6_.patch,2
pytenable,79c769cf22799125c39fa9fb86c5ef333beb96b4,tests/io/test_workbenches.py::test_workbench_asset_vuln_output_age_typeerror,brittle,0.74056746,../SAVE/test_workbench_asset_vuln_output_age_typeerror_patch_1b7268f9e27ffc088dfec8b69ca53a19_.patch,2
pytenable,79c769cf22799125c39fa9fb86c5ef333beb96b4,tests/io/test_workbenches.py::test_workbench_asset_vuln_output_filter_type_typeerror,brittle,0.737793737,../SAVE/test_workbench_asset_vuln_output_filter_type_typeerror_patch_80780647028cbf9b7c6e042b19d18419_.patch,2
pytenable,79c769cf22799125c39fa9fb86c5ef333beb96b4,tests/io/test_workbenches.py::test_workbench_asset_vuln_output_filter_type_unexpectedvalueerror,brittle,0.74396375,../SAVE/test_workbench_asset_vuln_output_filter_type_unexpectedvalueerror_patch_c516470f8ebd87292e1002719d43b474_.patch,2
pytenable,79c769cf22799125c39fa9fb86c5ef333beb96b4,tests/io/test_workbenches.py::test_workbench_asset_vuln_output_invalid_filter,brittle,0.728731959,../SAVE/test_workbench_asset_vuln_output_invalid_filter_patch_067ebfa3ef9ed098acc98e3e43062c15_.patch,2
pytenable,79c769cf22799125c39fa9fb86c5ef333beb96b4,tests/io/test_workbenches.py::test_workbench_asset_vuln_output_plugin_id_typeerror,brittle,0.766038626,../SAVE/test_workbench_asset_vuln_output_plugin_id_typeerror_patch_309e62346d57819d52721497005b2e7f_.patch,2
pytenable,79c769cf22799125c39fa9fb86c5ef333beb96b4,tests/io/test_workbenches.py::test_workbench_asset_vuln_output_uuid_typeerror,brittle,0.781557064,../SAVE/test_workbench_asset_vuln_output_uuid_typeerror_patch_251e9eb68b0af8bdd0d3d5ae1ee9bb6f_.patch,2
pytenable,79c769cf22799125c39fa9fb86c5ef333beb96b4,tests/io/test_workbenches.py::test_workbench_asset_vuln_output_uuid_unexpectedvalueerror,brittle,0.731624566,../SAVE/test_workbench_asset_vuln_output_uuid_unexpectedvalueerror_patch_d3083e78c8117dbd05e071fd79853d2e_.patch,2
pytenable,79c769cf22799125c39fa9fb86c5ef333beb96b4,tests/io/test_workbenches.py::test_workbench_asset_vulns_age_typeerror,brittle,0.817137502,../SAVE/test_workbench_asset_vulns_age_typeerror_patch_96961c041c65032c037ec7234641e379_.patch,2
pytenable,79c769cf22799125c39fa9fb86c5ef333beb96b4,tests/io/test_workbenches.py::test_workbench_asset_vulns_filter_type_typeerror,brittle,0.749061191,../SAVE/test_workbench_asset_vulns_filter_type_typeerror_patch_6c8462ff20cfeaed48d75956702ec56c_.patch,2
pytenable,79c769cf22799125c39fa9fb86c5ef333beb96b4,tests/io/test_workbenches.py::test_workbench_asset_vulns_filter_type_unexpectedvalueerror,brittle,0.757769924,../SAVE/test_workbench_asset_vulns_filter_type_unexpectedvalueerror_patch_933ee2a9958e158c2c27eda97fc4e226_.patch,2
pytenable,79c769cf22799125c39fa9fb86c5ef333beb96b4,tests/io/test_workbenches.py::test_workbench_asset_vulns_invalid_filter,brittle,0.718369818,../SAVE/test_workbench_asset_vulns_invalid_filter_patch_168e5b475f7b148a14c4131e13f12527_.patch,2
pytenable,79c769cf22799125c39fa9fb86c5ef333beb96b4,tests/io/test_workbenches.py::test_workbench_assets,brittle,0.705437101,../SAVE/test_workbench_assets_patch_586de9731cec6c3894b3c941feba00d8_.patch,2
pytenable,79c769cf22799125c39fa9fb86c5ef333beb96b4,tests/io/test_workbenches.py::test_workbench_assets_bad_filter,brittle,0.751883568,../SAVE/test_workbench_assets_bad_filter_patch_9aaa0f8f194d351fd72f2d81bfd29c50_.patch,2
pytenable,79c769cf22799125c39fa9fb86c5ef333beb96b4,tests/io/test_workbenches.py::test_workbench_assets_filter_type_unexpectedvalueerror,brittle,0.75077377,../SAVE/test_workbench_assets_fil_patch_4ecc03dfcf51ae26a904dd34bd7a4fee_.patch,1
pytenable,79c769cf22799125c39fa9fb86c5ef333beb96b4,tests/io/test_workbenches.py::test_workbench_assets_filter_tyype_typeerror,brittle,0.746967358,../SAVE/test_workbench_assets_fil_patch_9d1c54dbdef27d8cf072cab05cedef15_.patch,1
pytenable,79c769cf22799125c39fa9fb86c5ef333beb96b4,tests/io/test_workbenches.py::test_workbench_assets_filtered,brittle,1.52532535,../SAVE/test_workbench_assets_filtered_patch_6d3b491a95aef9d3d2ee7c71105ee0b3_.patch,2
pytenable,79c769cf22799125c39fa9fb86c5ef333beb96b4,tests/io/test_workbenches.py::test_workbench_export,brittle,1.521414168,../SAVE/test_workbench_export_patch_1d2503943749708dbb14e4be55c58cb8_.patch,2
pytenable,79c769cf22799125c39fa9fb86c5ef333beb96b4,tests/io/test_workbenches.py::test_workbench_export_asset_uuid_typeerror,brittle,1.555788241,../SAVE/test_workbench_export_asset_uuid_typeerror_patch_513da431ce02709b9effef8b5e25967a_.patch,2
pytenable,79c769cf22799125c39fa9fb86c5ef333beb96b4,tests/io/test_workbenches.py::test_workbench_export_asset_uuid_unexpectedvalueerror,brittle,1.523087524,../SAVE/test_workbench_export_asset_uuid_unexpectedvalueerror_patch_327bb35cf01c5803011b9e44f13b5c35_.patch,2
pytenable,79c769cf22799125c39fa9fb86c5ef333beb96b4,tests/io/test_workbenches.py::test_workbench_export_chapters_typeerror,brittle,1.529279284,../SAVE/test_workbench_export_chapters_typeerror_patch_b7fcee00bb7c3a15a976d4852f63c332_.patch,2
pytenable,79c769cf22799125c39fa9fb86c5ef333beb96b4,tests/io/test_workbenches.py::test_workbench_export_chapters_unexpectedvalueerror,brittle,1.548649855,../SAVE/test_workbench_export_chapters_unexpectedvalueerror_patch_44b50d52b7d06106df0602e6a1eb88bb_.patch,2
pytenable,79c769cf22799125c39fa9fb86c5ef333beb96b4,tests/io/test_workbenches.py::test_workbench_export_filter_type_typeerror,brittle,1.518976435,../SAVE/test_workbench_export_filter_type_typeerror_patch_879bbf8e28dde5ef6c53624aa6ccda97_.patch,2
pytenable,79c769cf22799125c39fa9fb86c5ef333beb96b4,tests/io/test_workbenches.py::test_workbench_export_filter_type_unexpectedvalueerror,brittle,1.538196623,../SAVE/test_workbench_export_filter_type_unexpectedvalueerror_patch_86e91feaa094517780c5d185b4836d9a_.patch,2
pytenable,79c769cf22799125c39fa9fb86c5ef333beb96b4,tests/io/test_workbenches.py::test_workbench_export_format_typeerror,brittle,1.516756125,../SAVE/test_workbench_export_format_typeerror_patch_7accfd2677b88bd666f98187c9d3d367_.patch,2
pytenable,79c769cf22799125c39fa9fb86c5ef333beb96b4,tests/io/test_workbenches.py::test_workbench_export_format_unexpectedvalueerror,brittle,1.540155433,../SAVE/test_workbench_export_format_unexpectedvalueerror_patch_f1d2e1758cb02a2170303cddc1db1e55_.patch,2
pytenable,79c769cf22799125c39fa9fb86c5ef333beb96b4,tests/io/test_workbenches.py::test_workbench_export_missing_chapters,brittle,1.575719163,../SAVE/test_workbench_export_missing_chapters_patch_a6f7d8c74466e9fc759c9a7a4a388675_.patch,2
pytenable,79c769cf22799125c39fa9fb86c5ef333beb96b4,tests/io/test_workbenches.py::test_workbench_export_plugin_id,brittle,1.575774767,../SAVE/test_workbench_export_plugin_id_patch_e6e3307aadaadbc2f611099f8a4e7050_.patch,2
pytenable,79c769cf22799125c39fa9fb86c5ef333beb96b4,tests/io/test_workbenches.py::test_workbench_export_plugin_id_typeerror,brittle,1.584814258,../SAVE/test_workbench_export_plugin_id_typeerror_patch_8d43e4fa8497eb04d965ad13ba88c7f4_.patch,2
pytenable,79c769cf22799125c39fa9fb86c5ef333beb96b4,tests/io/test_workbenches.py::test_workbench_vuln_assets,brittle,1.5223625,../SAVE/test_workbench_vuln_assets_patch_5ad49c6dc2533300264e90ffaa48e9d8_.patch,2
pytenable,79c769cf22799125c39fa9fb86c5ef333beb96b4,tests/io/test_workbenches.py::test_workbench_vuln_info,brittle,1.517457344,../SAVE/test_workbench_vuln_info_patch_bf6de7ba530e2f82e50c2d1362666906_.patch,2
pytenable,79c769cf22799125c39fa9fb86c5ef333beb96b4,tests/io/test_workbenches.py::test_workbench_vuln_info_age_typeerror,brittle,1.534567289,../SAVE/test_workbench_vuln_info_age_typeerror_patch_2702ab726ab3b357d5ba81b8ef822d83_.patch,2
pytenable,79c769cf22799125c39fa9fb86c5ef333beb96b4,tests/io/test_workbenches.py::test_workbench_vuln_info_filter_type_typeerror,brittle,1.528591126,../SAVE/test_workbench_vuln_info_filter_type_typeerror_patch_d313d67dfe83d8f648e7faf7291824c6_.patch,2
pytenable,79c769cf22799125c39fa9fb86c5ef333beb96b4,tests/io/test_workbenches.py::test_workbench_vuln_info_filter_type_unexpectedvalueerror,brittle,1.511770539,../SAVE/test_workbench_vuln_info_filter_type_unexpectedvalueerror_patch_db093801aeb350d26fdc4f05fb486193_.patch,2
pytenable,79c769cf22799125c39fa9fb86c5ef333beb96b4,tests/io/test_workbenches.py::test_workbench_vuln_info_plugin_id_typeerror,brittle,1.589294866,../SAVE/test_workbench_vuln_info_plugin_id_typeerror_patch_38f97e7e341a7861201a3f9a9cfbbbef_.patch,2
pytenable,79c769cf22799125c39fa9fb86c5ef333beb96b4,tests/io/test_workbenches.py::test_workbench_vuln_outputs,brittle,1.599069551,../SAVE/test_workbench_vuln_outputs_patch_39e76dc73d0705079c38eb2450997e9a_.patch,2
pytenable,79c769cf22799125c39fa9fb86c5ef333beb96b4,tests/io/test_workbenches.py::test_workbench_vuln_outputs_age_typeerror,brittle,1.575359493,../SAVE/test_workbench_vuln_outputs_age_typeerror_patch_33036b288ca03e56492342a07ed4b868_.patch,2
pytenable,79c769cf22799125c39fa9fb86c5ef333beb96b4,tests/io/test_workbenches.py::test_workbench_vuln_outputs_filter_type_typeerror,brittle,1.575477242,../SAVE/test_workbench_vuln_outputs_filter_type_typeerror_patch_8578ed36f27f749a90a38b8e209227a7_.patch,2
pytenable,79c769cf22799125c39fa9fb86c5ef333beb96b4,tests/io/test_workbenches.py::test_workbench_vuln_outputs_filter_type_unexpectedvalueerror,brittle,1.580792114,../SAVE/test_workbench_vuln_outputs_filter_type_unexpectedvalueerror_patch_522e249a08fa12b5f521d17a9b97867d_.patch,2
pytenable,79c769cf22799125c39fa9fb86c5ef333beb96b4,tests/io/test_workbenches.py::test_workbench_vuln_outputs_plugin_id_typeerror,brittle,1.580909871,../SAVE/test_workbench_vuln_outputs_plugin_id_typeerror_patch_58d38108dc6ef73b91a876adab2d31c5_.patch,2
pytenable,79c769cf22799125c39fa9fb86c5ef333beb96b4,tests/io/test_workbenches.py::test_workbench_vulns,brittle,1.561874695,../SAVE/test_workbench_vulns_patch_27fbc0afe521552bb98d7cad8d2da6c6_.patch,2
pytenable,79c769cf22799125c39fa9fb86c5ef333beb96b4,tests/io/test_workbenches.py::test_workbench_vulns_age_typeerror,brittle,1.561983302,../SAVE/test_workbench_vulns_age_typeerror_patch_6da7d4d2228dd630f0b1e08f1ca2e9e0_.patch,2
pytenable,79c769cf22799125c39fa9fb86c5ef333beb96b4,tests/io/test_workbenches.py::test_workbench_vulns_authenticated_typeerror,brittle,1.562666103,../SAVE/test_workbench_vulns_authenticated_typeerror_patch_d3eadbbc887e33cf472baefa805758f2_.patch,2
pytenable,79c769cf22799125c39fa9fb86c5ef333beb96b4,tests/io/test_workbenches.py::test_workbench_vulns_exploitable_typeerror,brittle,1.562760189,../SAVE/test_workbench_vulns_exploitable_typeerror_patch_f3533c28538bbd983c003dcd92c9d0a4_.patch,2
pytenable,79c769cf22799125c39fa9fb86c5ef333beb96b4,tests/io/test_workbenches.py::test_workbench_vulns_filter_type_typeerror,brittle,1.514932446,../SAVE/test_workbench_vulns_filter_type_typeerror_patch_d698607677c0dc23a8e6e46f62baf048_.patch,2
pytenable,79c769cf22799125c39fa9fb86c5ef333beb96b4,tests/io/test_workbenches.py::test_workbench_vulns_filter_type_unexpectedvalueerror,brittle,1.511502072,../SAVE/test_workbench_vulns_filter_type_unexpectedvalueerror_patch_e2550ffed4f3cc9e9f90cd5714098885_.patch,2
pytenable,79c769cf22799125c39fa9fb86c5ef333beb96b4,tests/io/test_workbenches.py::test_workbench_vulns_invalid_filter,brittle,1.510825552,../SAVE/test_workbench_vulns_invalid_filter_patch_63403c3c0ca800bbdb1d6953c5671e19_.patch,2
pytenable,79c769cf22799125c39fa9fb86c5ef333beb96b4,tests/io/test_workbenches.py::test_workbench_vulns_resolvable_typeerror,brittle,1.516600549,../SAVE/test_workbench_vulns_resolvable_typeerror_patch_50d7f02f3954950407fd127c6c9ebcc4_.patch,2
pytenable,79c769cf22799125c39fa9fb86c5ef333beb96b4,tests/io/test_workbenches.py::test_workbench_vulns_severity_typeerror,brittle,1.599357294,../SAVE/test_workbench_vulns_severity_typeerror_patch_5a35dad543077d628a59bfcf65d22a9d_.patch,2
pytenable,79c769cf22799125c39fa9fb86c5ef333beb96b4,tests/io/test_workbenches.py::test_workbench_vulns_severity_unexpectedvalueerror,brittle,1.514407612,../SAVE/test_workbench_vulns_severity_unexpectedvalueerror_patch_ac26a94f4f627c68e7fdce042e4e47ec_.patch,2
pytest-django,e613a885b019574e3c60f127539c878b187c914a,tests/test_fixtures.py::TestLiveServer::test_settings_restored,brittle,2.054268146,../SAVE/test_settings_resto_patch_dbe5ead8a63e0b1ada0daba74ca47e4b_.patch,1
pytest-django,e613a885b019574e3c60f127539c878b187c914a,tests/test_fixtures.py::Test_django_db_blocker::test_unblock_with_block,brittle,1.711317413,../SAVE/test_unblock_with_block_patch_7ed6d70a8bcd0f0d9da3cae5570a08d6_.patch,1
python-n26,22cb609efbf5125e36879441ea20d5a1c2a51e98,tests/test_cards.py::CardsTests::test_block_card_cli_all,brittle,7.26763347,../SAVE/test_block_card__patch_44f14e0b37996e9e3903948848e6d986_.patch,2
python-n26,22cb609efbf5125e36879441ea20d5a1c2a51e98,tests/test_cards.py::CardsTests::test_block_card_cli_single,brittle,4.741805964,../SAVE/test_block_card__patch_a74f6cad081750309491f49681f94f2d_.patch,2
python-n26,22cb609efbf5125e36879441ea20d5a1c2a51e98,tests/test_cards.py::CardsTests::test_unblock_card_cli_all,brittle,4.724545822,../SAVE/test_unblock_car_patch_0d2e58bf69a890d052077262b4c42585_.patch,2
python-n26,22cb609efbf5125e36879441ea20d5a1c2a51e98,tests/test_cards.py::CardsTests::test_unblock_card_cli_single,brittle,4.767959729,../SAVE/test_unblock_car_patch_924c31ee2412ec2a7861752f509286d8_.patch,2
redisqueue,feac4dfc30837e0ab1a55a8479443ea74b2793f2,tests/test_redisqueue.py::test_mock_queue_get_put_same_task,brittle,1.740793621,../SAVE/test_mock_queue_get_p_patch_914b64a443bb0c79b0a8539d1a60b140_.patch,1
redisqueue,feac4dfc30837e0ab1a55a8479443ea74b2793f2,tests/test_redisqueue.py::test_mock_queue_put_get,brittle,1.715499536,../SAVE/test_mock_queue_put_g_patch_f8819be0ad0a2fb060e81602633dc3cf_.patch,1
redisqueue,feac4dfc30837e0ab1a55a8479443ea74b2793f2,tests/test_redisqueue.py::test_mock_queue_unique,brittle,1.80055856,../SAVE/test_mock_queue_uniqu_patch_1d92ff2c3100eae3dca08c9c9cd3c8de_.patch,1
ruTS,af02f627d9022f0f4825d9bed4ffc97d3d329f2d,tests/test_utils.py::test_extract_archive,brittle,38.78644222,../SAVE/test_extract_arc_patch_7c1c7b0e37951697a0a38509b49988d9_.patch,5
runium,ba89015859976d3426d25a53af5fa4d8827c7483,tests/test_runium.py::TestStartIn::test_processing,brittle,7.276032499,../SAVE/test_processing_patch_a883db62f050c8e6063482c1ed72f8e3_.patch,1
runium,ba89015859976d3426d25a53af5fa4d8827c7483,tests/test_runium.py::TestTaskSkipping::test_processing,brittle,7.48806724,../SAVE/test_processing_patch_b2a806bce613596ca6736a5df7a6dcb6_.patch,1
securenative-python,0eae99733b7565341487ad32f044be8dc51032cd,tests/configuration_manager_test.py::ConfigurationManagerTest::test_get_config_from_env_variables,brittle,3.361724314,../SAVE/test_get_config_from_env_variabl_patch_ad9fa97044df14e1502f5864e2d84381_.patch,18
securenative-python,0eae99733b7565341487ad32f044be8dc51032cd,tests/configuration_manager_test.py::ConfigurationManagerTest::test_load_default_config,brittle,8.035319122,../SAVE/test_load_default_config_patch_606987a79baeadd152f02a4bf37e12d8_.patch,4
serpextract,aec8f2bd79c66953938569a24b05c693ab70b4ce,tests/test_serps.py::TestSERPs::test_custom_parser_implicit,brittle,1.378689721,../SAVE/test_custom_parser_implicit_patch_f671e247bb36acd93602fa79d5e438d2_.patch,3
supertunnel,4c64e2fedda3382b809a2c3d01c711ec4961f933,supertunnel/ssh/continuous_test.py::test_backoff,brittle,0.545638377,../SAVE/test_backoff_patch_29b625472290e227920b86f01de554de_.patch,1
supertunnel,4c64e2fedda3382b809a2c3d01c711ec4961f933,supertunnel/ssh/continuous_test.py::test_continuous_repr,brittle,0.493502593,../SAVE/test_continuous_repr_patch_47f80881dfd07e183cd6fa5d4d2b054b_.patch,1
supertunnel,4c64e2fedda3382b809a2c3d01c711ec4961f933,supertunnel/ssh/continuous_test.py::test_run,brittle,0.490910106,../SAVE/test_run_patch_6991662fa6ef44734e8cb569b520dec5_.patch,1
supertunnel,4c64e2fedda3382b809a2c3d01c711ec4961f933,supertunnel/ssh/continuous_test.py::test_run_continuous,brittle,0.512813169,../SAVE/test_run_continuous_patch_4de4fc22964c356b5e217cf17675e12f_.patch,1
supertunnel,4c64e2fedda3382b809a2c3d01c711ec4961f933,supertunnel/ssh/continuous_test.py::test_run_continuous_hang,brittle,0.521965218,../SAVE/test_run_continuous_hang_patch_3a6cfd540686f92e24de93428c0fa362_.patch,1
supertunnel,4c64e2fedda3382b809a2c3d01c711ec4961f933,supertunnel/ssh/continuous_test.py::test_run_continuous_raise,brittle,0.534195699,../SAVE/test_run_continuous_raise_patch_e813425bd7461d34f243180991c4ce38_.patch,1
todo-sync,32915e9a1509aa2c4083613e256cb0d502c441aa,tests/test_org_to_asana.py::test_o2a_behind_make_fn[a_node0-expected_node0],brittle,1.454868952,../SAVE/test_o2a_behind_make_fn_patch_720ec0074454944516a2ca6157929a04_.patch,1
todo-sync,32915e9a1509aa2c4083613e256cb0d502c441aa,tests/test_org_to_asana.py::test_o2a_behind_make_fn[a_node1-expected_node1],brittle,1.343846828,../SAVE/test_o2a_behind_make_fn_patch_7b21f7a95abb2c875c7dac44020be0dc_.patch,1
todo-sync,32915e9a1509aa2c4083613e256cb0d502c441aa,tests/test_org_to_asana.py::test_o2a_behind_make_fn[a_node10-expected_node10],brittle,1.279037751,../SAVE/test_o2a_behind_make_fn_patch_e8ce6d07814162c26b579e0a585a03e1_.patch,1
todo-sync,32915e9a1509aa2c4083613e256cb0d502c441aa,tests/test_org_to_asana.py::test_o2a_behind_make_fn[a_node2-expected_node2],brittle,1.316844312,../SAVE/test_o2a_behind_make_fn_patch_2674f06bc22035de02324a445ea81158_.patch,1
todo-sync,32915e9a1509aa2c4083613e256cb0d502c441aa,tests/test_org_to_asana.py::test_o2a_behind_make_fn[a_node3-expected_node3],brittle,1.292274231,../SAVE/test_o2a_behind_make_fn_patch_aab91824a98ef008590bcd453ab9d7dd_.patch,1
todo-sync,32915e9a1509aa2c4083613e256cb0d502c441aa,tests/test_org_to_asana.py::test_o2a_behind_make_fn[a_node4-expected_node4],brittle,1.366436344,../SAVE/test_o2a_behind_make_fn_patch_b113ceb479e9dd195a91ec5cb6566aa5_.patch,1
todo-sync,32915e9a1509aa2c4083613e256cb0d502c441aa,tests/test_org_to_asana.py::test_o2a_behind_make_fn[a_node5-expected_node5],brittle,1.344761184,../SAVE/test_o2a_behind_make_fn_patch_7f4d67f83a777c403aa3d0c393abb0e8_.patch,1
todo-sync,32915e9a1509aa2c4083613e256cb0d502c441aa,tests/test_org_to_asana.py::test_o2a_behind_make_fn[a_node6-expected_node6],brittle,1.340373902,../SAVE/test_o2a_behind_make_fn_patch_685af5b75a794e8a5b3e3d77075b3124_.patch,1
todo-sync,32915e9a1509aa2c4083613e256cb0d502c441aa,tests/test_org_to_asana.py::test_o2a_behind_make_fn[a_node7-expected_node7],brittle,1.332542807,../SAVE/test_o2a_behind_make_fn_patch_5e37137701175769aea828b14b0f5c04_.patch,1
todo-sync,32915e9a1509aa2c4083613e256cb0d502c441aa,tests/test_org_to_asana.py::test_o2a_behind_make_fn[a_node8-expected_node8],brittle,1.399945501,../SAVE/test_o2a_behind_make_fn_patch_dbaf28715027e68c8a42d12c8ace164a_.patch,1
todo-sync,32915e9a1509aa2c4083613e256cb0d502c441aa,tests/test_org_to_asana.py::test_o2a_behind_make_fn[a_node9-expected_node9],brittle,1.354895143,../SAVE/test_o2a_behind_make_fn_patch_c5ff57e6b34b51037a52d312aa0bc456_.patch,1
ucal,df0ccbc5f8af54fc69df56191bd810481a17b0e3,tests/test_ucal.py::TestSyntax::test_function_ln,brittle,0.503147096,../SAVE/test_function_l_patch_7fca4710ca309105e2370dc0abd1e8a0_.patch,1
ucal,df0ccbc5f8af54fc69df56191bd810481a17b0e3,tests/test_ucal.py::TestSyntax::test_function_log,brittle,0.501661141,../SAVE/test_function_l_patch_6d8d02c7bb2388cd6581cdcec5e6b8e5_.patch,1
Breathe,4600818e24f4156cd7bb8cc0f43886b27323968e,tests/test_loading.py::test_loading_failure,victim,0.691378824,../SAVE/test_loading_failu_patch_e574fed7b569e8ef89b7a368619e1f8f_.patch,2
EZconfig,2cedba67fbfe0ca448ccf7134b51e4e9329a6d16,tests/unit/test_load_config_from_env.py::TestLoadConfigFromEnv::test_load_config_from_env,victim,0.6606076,../SAVE/test_load_config_from_env_patch_34e834ef39e0955685263e5b0683ed2a_.patch,1
IOCynergy,1821423680f741d8ca06bcc6a02c8b21156f9ba0,cynergy/tests/test_register_multiple.py::test_register_multiple,victim,0.948533747,../SAVE/test_register_multiple_patch_5d5dd7765df7cc111eaff0fbc3033476_.patch,1
OccamTools,26c47709f6b870c89403f03ade0950de9f301639,test/test_occam_data.py::test_occam_data_not_save_to_npy,victim,3.165934192,../SAVE/test_occam_data_not__patch_98721a8d92dd35b98e63a4dd5b482e51_.patch,1
OccamTools,26c47709f6b870c89403f03ade0950de9f301639,test/test_occam_data.py::test_occam_data_progress_bars,victim,1.528370986,../SAVE/test_occam_data_prog_patch_4a7342f2377acbe1e5f1eeec5f9ee539_.patch,1
Tale,a2a26443465ab6978b32d9253e833471500e7b68,tests/test_pubsub.py::TestPubsub::test_unsubscribe_all,victim,1.248257981,../SAVE/test_unsubscribe__patch_d8325d9f56a9c8e477885e0c5739d914_.patch,1
atlasclient,02b3e7d9a6596d1123fc22b6bfed08d60105d19e,tests/test_models.py::TestDiscoveryREST::test_search_attribute_get,victim,1.502967765,../SAVE/test_search_attri_patch_d63e0101d3807a017ffdbdf73e10fd06_.patch,1
py-autodoc,001d5ff03d41a5d714075eb08e666c413d50f0ac,tests/test_autodoc.py::TestAutodoc::test_create_document,victim,0.930531405,../SAVE/test_create_docume_patch_80766f23aea814fe77e8fa19c0a67374_.patch,1
py-autodoc,001d5ff03d41a5d714075eb08e666c413d50f0ac,tests/test_autodoc.py::TestAutodoc::test_parse_response,victim,1.511770539,../SAVE/test_parse_respons_patch_91842adefa63912992195151ab35d813_.patch,4
py-autodoc,001d5ff03d41a5d714075eb08e666c413d50f0ac,tests/test_autodoc.py::TestAutodoc::test_parse_responses,victim,1.448613897,../SAVE/test_parse_respons_patch_8e8e083a40bc3f362af255f231e743ad_.patch,4
py-autodoc,001d5ff03d41a5d714075eb08e666c413d50f0ac,tests/test_autodoc.py::TestAutodoc::test_should_change_separators,victim,1.455780573,../SAVE/test_should_change_patch_428fdc2a121c332e475da1dce2c87851_.patch,4
coinbase-commerce-python,d306fc562309edb909c8ace501c63327a7635975,tests/test_api_client.py::TestApiClient::test_authentication_error,victim,1.079824467,../SAVE/test_authentication_e_patch_cb8618933575b8a5f6eb7e9eec8c8cce_.patch,1
coinbase-commerce-python,d306fc562309edb909c8ace501c63327a7635975,tests/test_api_client.py::TestApiClient::test_invalid_request_error,victim,1.169833461,../SAVE/test_invalid_request__patch_c81e58f550472bdd431774c342cca8a7_.patch,1
coinbase-commerce-python,d306fc562309edb909c8ace501c63327a7635975,tests/test_api_client.py::TestApiClient::test_resource_not_found_error,victim,1.195306498,../SAVE/test_resource_not_fou_patch_014abb47a9413c0f979d380c4e207b40_.patch,1
coo,da9e75d46ed65599cd2223b029ac30c08496a80b,tests/test_coo.py::test_tweet_none_media_TwitterError,victim,0.426711932,../SAVE/test_tweet_non_patch_38536c8622fbd7574ce62bc9489d1be1_.patch,2
crom,98bb6be4e32b4c81eb7e0b5e841a915b015abaf0,tests/test_model.py::TestAutoIdentifiers::test_no_ident,victim,1.110812298,../SAVE/test_no_ident_patch_3f7c034161dd6585f93af786a88ea829_.patch,1
crom,98bb6be4e32b4c81eb7e0b5e841a915b015abaf0,tests/test_model.py::TestBaseResource::test_allows_multiple,victim,1.460897913,../SAVE/test_allows_mult_patch_3a424a25888c8216d9f62ab3f3515294_.patch,1
crom,98bb6be4e32b4c81eb7e0b5e841a915b015abaf0,tests/test_model.py::TestBaseResource::test_check_reference,victim,1.655925649,../SAVE/test_check_refer_patch_42886c33d41b943056171537d45e8f42_.patch,2
crom,98bb6be4e32b4c81eb7e0b5e841a915b015abaf0,tests/test_model.py::TestBaseResource::test_init_params,victim,1.450641095,../SAVE/test_init_params_patch_381d570782c71201de8814f356391bec_.patch,1
crom,98bb6be4e32b4c81eb7e0b5e841a915b015abaf0,tests/test_model.py::TestBaseResource::test_list_my_props,victim,1.442036591,../SAVE/test_list_my_pro_patch_b4454f02b5b03fe4c1ff43fa8698bd3e_.patch,1
crom,98bb6be4e32b4c81eb7e0b5e841a915b015abaf0,tests/test_model.py::TestBaseResource::test_multiplicity,victim,1.453362588,../SAVE/test_multiplicit_patch_2456a13293eb0e722820a8efb28b8a38_.patch,1
crom,98bb6be4e32b4c81eb7e0b5e841a915b015abaf0,tests/test_model.py::TestFactorySerialization::test_breadth,victim,1.464436159,../SAVE/test_breadth_patch_0235cf9474a679b9cffb91985a3fe54d_.patch,1
crom,98bb6be4e32b4c81eb7e0b5e841a915b015abaf0,tests/test_model.py::TestFactorySerialization::test_ordering,victim,1.383200417,../SAVE/test_ordering_patch_af0240ae21c39b846b9df4cfba6a6a9b_.patch,1
crom,98bb6be4e32b4c81eb7e0b5e841a915b015abaf0,tests/test_model.py::TestFactorySerialization::test_pipe_scoped,victim,1.318569448,../SAVE/test_pipe_scoped_patch_96ad6d37586e79e6b263ab787d9ee4c6_.patch,1
crom,98bb6be4e32b4c81eb7e0b5e841a915b015abaf0,tests/test_model.py::TestFactorySerialization::test_production_mode,victim,1.382437136,../SAVE/test_production__patch_1c381d493397203ff52236f8a86cebff_.patch,1
crom,98bb6be4e32b4c81eb7e0b5e841a915b015abaf0,tests/test_model.py::TestFactorySerialization::test_recursion,victim,1.36260628,../SAVE/test_recursion_patch_8da064d392eed6f2156e4a509231ad65_.patch,1
crom,98bb6be4e32b4c81eb7e0b5e841a915b015abaf0,tests/test_model.py::TestFactorySerialization::test_string_list,victim,1.355109479,../SAVE/test_string_list_patch_5a021127c7ef94fa9611b9e3b8b3e3fd_.patch,1
crom,98bb6be4e32b4c81eb7e0b5e841a915b015abaf0,tests/test_model.py::TestFactorySerialization::test_toJSON,victim,0.952971339,../SAVE/test_toJSON_patch_c712346d810a14978ba9f867f3bb504d_.patch,1
crom,98bb6be4e32b4c81eb7e0b5e841a915b015abaf0,tests/test_model.py::TestFactorySerialization::test_toJSON_fast,victim,0.971896706,../SAVE/test_toJSON_fast_patch_beb0d5762ba71187f7f73aa91794299c_.patch,1
crom,98bb6be4e32b4c81eb7e0b5e841a915b015abaf0,tests/test_model.py::TestFactorySerialization::test_toString,victim,0.976911481,../SAVE/test_toString_patch_423275098326eafd977fcdbacb035d6c_.patch,1
crom,98bb6be4e32b4c81eb7e0b5e841a915b015abaf0,tests/test_model.py::TestFactorySerialization::test_toString_fast,victim,0.9427386,../SAVE/test_toString_fa_patch_890188f7a53da80acd24b06fca766588_.patch,1
crom,98bb6be4e32b4c81eb7e0b5e841a915b015abaf0,tests/test_model.py::TestMagicMethods::test_not_multiple_instance,victim,1.399163771,../SAVE/test_not_multipl_patch_c2210cb93c44c687ce00200273554917_.patch,1
crom,98bb6be4e32b4c81eb7e0b5e841a915b015abaf0,tests/test_model.py::TestMagicMethods::test_validate_multiplicity,victim,1.348715937,../SAVE/test_validate_mu_patch_dbbf1dd1f5b206d4ac61e38972b2cf3d_.patch,1
crom,98bb6be4e32b4c81eb7e0b5e841a915b015abaf0,tests/test_model.py::TestMagicMethods::test_validate_profile_off,victim,1.389159386,../SAVE/test_validate_pr_patch_8abaea32e85e9de6b23e7882a8d2526b_.patch,1
dcard-spider,ac64cbcfe7ef6be7e554cef422b1a8a6bb968d46,tests/test_forums.py::TestForums::test_with_none_name_in_dcard_instance,victim,1.190028273,../SAVE/test_with_none_na_patch_f3dc7a81baaff5a52959aee9cd0aa885_.patch,1
enpyronments,0848c55a2a1b132b3beba94265c103ba49385c8f,tests/test_settings.py::test_getitem[0-1],victim,0.277398088,../SAVE/test_getitem_patch_7110826151a65aab05d0d57a5324554f_.patch,1
feature_engine,ba4d7050b3923d620c1773b66cd4c51ed24498dd,tests/test_missing_data_imputer.py::test_ArbitraryNumberImputer,victim,3.550084033,../SAVE/test_ArbitraryNumberImputer_patch_88867c5c6ab552912f902c85bfefc309_.patch,1
fissa,2077a8c8a029948dcf1d4c352f785700f42aff9f,fissa/tests/test_core.py::TestExperimentA::test_imagelistloaded_roizip,victim,3.469476838,../SAVE/test_imagelistloaded__patch_35b48ff7858c451ac4340b49b7729307_.patch,11
fooof,7a520c4f8ac3a44f4f18dc025b5e5d40049c9f2b,fooof/tests/objs/test_fit.py::test_fooof_fit_knee,victim,9.710148409,../SAVE/test_fooof_fit_knee_patch_245273a3db4f3df4c89ea24c1c045e33_.patch,7
geom,d12b381706ee620cba1c6a6cb45ab7815e5a1dc9,test_geom.py::test_epsilon,victim,1.175728827,../SAVE/test_epsi_patch_45fa796d1fec72cea5059bf01f6ca39f_.patch,1
gitlab_stats,23fbc53f30e09c122ebe8259ef6850756e454d7e,tests/test_cli.py::CLITest::test_102_cli_proxy,victim,393.2206722,../SAVE/test_102_cli_p_patch_ab18171a09ed8e53e6f6b4d1b54b2d02_.patch,1
kanren,bacc7eb5895c348e348c1b5291ddf188f88c5c88,tests/test_assoccomm.py::test_eq_assoccomm,victim,3.433394045,../SAVE/test_eq_assoccomm_patch_b41637a6136f03d624b4637a75d0384b_.patch,1
krllint,2f9376cdae14c201364d9c31b4c19a8ff2f708d2,tests/test_extraneous_whitespace.py::ExtraneousWhiteSpaceTestCase::test_rule_with_fix,victim,1.794670351,../SAVE/test_rule_with_fix_patch_1ab1dd78b066ddb04d83f330d8d65e17_.patch,6
krllint,2f9376cdae14c201364d9c31b4c19a8ff2f708d2,tests/test_extraneous_whitespace.py::ExtraneousWhiteSpaceTestCase::test_rule_without_fix,victim,1.32544557,../SAVE/test_rule_without_fix_patch_892c61c451fbcdd0681d700c417ddbeb_.patch,4
krllint,2f9376cdae14c201364d9c31b4c19a8ff2f708d2,tests/test_indentation_checker.py::IndentationCheckerTestCase::test_rule_with_fix,victim,1.320403241,../SAVE/test_rule_with_fix_patch_225f9f31494f74b669a616bdcb51fe0c_.patch,4
krllint,2f9376cdae14c201364d9c31b4c19a8ff2f708d2,tests/test_indentation_checker.py::IndentationCheckerTestCase::test_rule_without_fix,victim,2.035557799,../SAVE/test_rule_without_fix_patch_08e3c8811becb33a5be747c5a47bc141_.patch,4
krllint,2f9376cdae14c201364d9c31b4c19a8ff2f708d2,tests/test_lower_or_mixed_case_built_in_type.py::LowerOrMixedCaseBuiltInTestCase::test_rule_without_fix,victim,1.876752079,../SAVE/test_rule_without_fix_patch_d8e060d73467b96a086fbdbffd8174bc_.patch,4
krllint,2f9376cdae14c201364d9c31b4c19a8ff2f708d2,tests/test_trailing_white_space_rule.py::TrailingWhiteSpaceTestCase::test_rule_without_fix,victim,1.353905447,../SAVE/test_rule_without_fix_patch_ab93706f41a8ff76dbaf4fa6d7afcbcf_.patch,4
nodal,261eeefd50298765c5722c5f7da72e6f2927bd3e,tests/nodal/nodes/test_noop.py::TestNoOp::test_name,victim,0.466740854,../SAVE/test_name_patch_c7454b7f4e807c265e71b854e59752f5_.patch,2
nodal,261eeefd50298765c5722c5f7da72e6f2927bd3e,tests/nodal/test_graph.py::TestGraph::test__on_node_create,victim,0.518402519,../SAVE/test__on_node_create_patch_a738d0ea86440a42bd0df9811ed8772a_.patch,2
nodal,261eeefd50298765c5722c5f7da72e6f2927bd3e,tests/nodal/test_graph.py::TestGraph::test__on_node_destroy,victim,0.496325809,../SAVE/test__on_node_destroy_patch_a2fbd8d5d5dcec073dbe938871de307c_.patch,2
pook,2071da27701c82ce02b015e01e2aa6fd203e7bb5,tests/unit/api_test.py::test_mock_contructors,victim,0.604575679,../SAVE/test_mock_contructo_patch_b9c54d2c7501e7d963b6970d41e75f79_.patch,4
pydeploy,e3ddf907b293c9da28503b3d72414a303c5dfbed,pydeploy/tests/test_command_chain.py::TestCommandChain::test_all,victim,0.543687901,../SAVE/test_all_patch_d61a9c89177071d0a414328b33832f14_.patch,1
pydeploy,e3ddf907b293c9da28503b3d72414a303c5dfbed,pydeploy/tests/test_command_chain.py::TestCommandChain::test_notifier_loaded,victim,0.46214103,../SAVE/test_notifier_loaded_patch_cce69dd899893bd9f0ee39991fed80fb_.patch,1
pydeploy,e3ddf907b293c9da28503b3d72414a303c5dfbed,pydeploy/tests/test_command_chain.py::TestCommandChain::test_postscript_only,victim,0.472158836,../SAVE/test_postscript_only_patch_026847d63ae3247e831712fbcc19c26b_.patch,1
pydeploy,e3ddf907b293c9da28503b3d72414a303c5dfbed,pydeploy/tests/test_command_chain.py::TestCommandChain::test_prescript_only,victim,0.460748313,../SAVE/test_prescript_only_patch_326825188268a7eaa6b08e916189b92f_.patch,1
pyeventdispatcher,5382e5e8578dea89a76481e15d410d516999055a,test/test_pyeventdispatcher.py::TestRegister::test_it_allows_to_register[<lambda>],victim,1.226689646,../SAVE/test_it_allows_to_register_patch_99b1f0f033641387e194ff38cfdb1301_.patch,1
pyeventdispatcher,5382e5e8578dea89a76481e15d410d516999055a,test/test_pyeventdispatcher.py::TestRegister::test_it_allows_to_register[call_on_event],victim,1.200536401,../SAVE/test_it_allows_to_register_patch_3b53fbf46a44f059822249d819faf6cf_.patch,1
pyeventdispatcher,5382e5e8578dea89a76481e15d410d516999055a,test/test_pyeventdispatcher.py::TestRegister::test_listeners_executed_in_order[to_register0-First\nSecond\n],victim,1.216123272,../SAVE/test_listeners_executed_in__patch_f65c9057a6ea266597c266368bcd5dc9_.patch,1
pyeventdispatcher,5382e5e8578dea89a76481e15d410d516999055a,test/test_pyeventdispatcher.py::TestRegister::test_listeners_executed_in_order[to_register1-Second\nFirst\n],victim,1.194268773,../SAVE/test_listeners_executed_in__patch_8ee48663d62c1154595a703a5160f7d6_.patch,1
python-fs,2567922ced9387e327e65f3244caff3b7af35684,fs/tests/test_mkdir.py::test_mkdir,victim,0.412470751,../SAVE/test_mkdir_patch_a575b73a4d59f8af8ae74d3394cc202d_.patch,1
pygsheets,01b9548dd56b50fa93e4a92ab879b048ae282158,tests/online_test.py::TestCell::test_properties,victim,53.68665801,../SAVE/test_properties_patch_dd8d0144eb73ea3a8e82621b9dd44d54_.patch,1
pygsheets,01b9548dd56b50fa93e4a92ab879b048ae282158,tests/online_test.py::TestGridRange::test_start_b_end_b,victim,31.6986742,../SAVE/test_start_b_end__patch_12682443023838da7bffcd8065d265bf_.patch,1
pygsheets,01b9548dd56b50fa93e4a92ab879b048ae282158,tests/online_test.py::TestGridRange::test_start_b_end_ub,victim,30.93681867,../SAVE/test_start_b_end__patch_2a0ba0169f8c1dd80a89691b0893115c_.patch,1
pygsheets,01b9548dd56b50fa93e4a92ab879b048ae282158,tests/online_test.py::TestGridRange::test_start_end_ub,victim,31.27396934,../SAVE/test_start_end_ub_patch_9477849e01a288cb77c3e3c3d19c65cb_.patch,1
pygsheets,01b9548dd56b50fa93e4a92ab879b048ae282158,tests/online_test.py::TestWorkSheet::test_clear,victim,60.23001753,../SAVE/test_clear_patch_1297613757f850b89f00986e2abfd1da_.patch,1
pygsheets,01b9548dd56b50fa93e4a92ab879b048ae282158,tests/online_test.py::TestWorkSheet::test_delete_dimension,victim,166.8040687,../SAVE/test_delete_dimen_patch_853b858bc6cf663bc415ebbaa924de47_.patch,1
pygsheets,01b9548dd56b50fa93e4a92ab879b048ae282158,tests/online_test.py::TestWorkSheet::test_find,victim,108.906767,../SAVE/test_find_patch_42aad065a1efd4a3bfc9b5d6b9378359_.patch,1
pysllo,8bc4d17f9a668e9aff3c77f688f0c06ed2e7686b,tests/test_propagation_logger.py::test_forcing_level_by_dict,victim,1.642314703,../SAVE/test_forcing_level_by_dict_patch_b3d426d78e5afd1c5ae6dd0620d5a332_.patch,1
pyswarms,08756526f39699eef28e515cac2ead17cef55710,tests/optimizers/test_tolerance.py::TestToleranceOptions::test_ftol_effect[GeneralOptimizerPSO],victim,1.234271095,../SAVE/test_ftol_effect_patch_ab31c7b8cec1c8cda398aefca01e8a52_.patch,1
pyswarms,08756526f39699eef28e515cac2ead17cef55710,tests/optimizers/test_tolerance.py::TestToleranceOptions::test_ftol_effect[GlobalBestPSO],victim,1.195845895,../SAVE/test_ftol_effect_patch_8e35ad1554927fae8d2c71f6e4cfaa11_.patch,1
pyswarms,08756526f39699eef28e515cac2ead17cef55710,tests/optimizers/test_tolerance.py::TestToleranceOptions::test_ftol_effect[LocalBestPSO],victim,1.279987385,../SAVE/test_ftol_effect_patch_ee7c8141e5440122b7ef704ac2f9ec93_.patch,1
pyswarms,08756526f39699eef28e515cac2ead17cef55710,tests/optimizers/test_tolerance.py::TestToleranceOptions::test_no_ftol[GeneralOptimizerPSO],victim,8.662723002,../SAVE/test_no_ftol_patch_23a3f454f19376aaac868886d856412b_.patch,1
pyswarms,08756526f39699eef28e515cac2ead17cef55710,tests/optimizers/test_tolerance.py::TestToleranceOptions::test_no_ftol[GlobalBestPSO],victim,8.816203755,../SAVE/test_no_ftol_patch_8a24b646442d5c0218aefb46aa7073cf_.patch,1
pyswarms,08756526f39699eef28e515cac2ead17cef55710,tests/optimizers/test_tolerance.py::TestToleranceOptions::test_no_ftol[LocalBestPSO],victim,9.436895466,../SAVE/test_no_ftol_patch_1ca85381d0d03dd3edb469ef92c0a7bd_.patch,1
python-jolokia,544f4b1fb18f2e476da95edd9dc02ef75858b6cb,tests/test_api.py::TestAPI::test_missing_agent,victim,0.390537054,../SAVE/test_missing_a_patch_f584dd5ee03dfb620678adf8632196c3_.patch,8
python-jolokia,544f4b1fb18f2e476da95edd9dc02ef75858b6cb,tests/test_api_auth.py::TestAPI::test_missing_agent,victim,0.376547847,../SAVE/test_missing_agent_patch_165392a189bf02cc748056255762841b_.patch,8
pythondi,913e6a60fc5d02c3db385ad322f970ecec36969b,tests/test_configure.py::test_configure,victim,0.326432588,../SAVE/test_configure_patch_9ef7ac9e6e1d980da61b7c0ce50804c9_.patch,1
runium,ba89015859976d3426d25a53af5fa4d8827c7483,tests/test_runium.py::TestLoopDrift::test_processing,victim,1.74396375,../SAVE/test_processing_patch_41499557f4fb41d0d3459c2a578dbc3a_.patch,1
stowage,7c619be755b9b73fd202367bcf9014472f318834,test/test_stowage.py::TestPathGenerators::test_directory_walk,victim,0.936447931,../SAVE/test_directory_wa_patch_58776104e201fe9577811a1c592fa44a_.patch,1
stowage,7c619be755b9b73fd202367bcf9014472f318834,test/test_stowage.py::TestPathGenerators::test_needed_symlink_walk,victim,0.875126021,../SAVE/test_needed_symli_patch_4da7a68dd273edecc7caf71f99543211_.patch,1
yamicache,1109d08b18be94bdee55e113309f7be29f25d840,tests/test_class.py::test_cached,victim,1.410143089,../SAVE/test_cached_patch_331839d72e4fca1c391754d49fad115f_.patch,1
yamicache,1109d08b18be94bdee55e113309f7be29f25d840,tests/test_class.py::test_keyed_cached,victim,0.766038626,../SAVE/test_keyed_cache_patch_f4cc395bb2502ba3e860d7fb0a8ed715_.patch,1
yamicache,1109d08b18be94bdee55e113309f7be29f25d840,tests/test_class.py::test_utility,victim,0.781557064,../SAVE/test_utility_patch_aa8fa5dc1ab8f2a9e54a9a09231c4900_.patch,1
riemann,0fda32e783487572c869aaabc6af7adba01cbd00,riemann/tests/encoding/test_addresses.py::TestAddresses::test_from_output_script,victim,0.108053435,../SAVE/test_from_output_script_patch_86658a6814cc0c30f4f8fe20c3cce867_.patch,1
riemann,0fda32e783487572c869aaabc6af7adba01cbd00,riemann/tests/encoding/test_addresses.py::TestAddresses::test_make_p2pkh_address,victim,0.10578307,../SAVE/test_make_p2pkh_address_patch_5136b27e0d1833db879e2010252cbddc_.patch,1
riemann,0fda32e783487572c869aaabc6af7adba01cbd00,riemann/tests/encoding/test_addresses.py::TestAddresses::test_make_p2sh_address,victim,0.099951184,../SAVE/test_make_p2sh_address_patch_50da0ecaaf9e701f9c274273e97c9053_.patch,1
riemann,0fda32e783487572c869aaabc6af7adba01cbd00,riemann/tests/encoding/test_addresses.py::TestAddresses::test_make_p2sh_address_msig,victim,0.101827702,../SAVE/test_make_p2sh_address_msig_patch_d83ed14329216551c25f87ad73ef3013_.patch,1
riemann,0fda32e783487572c869aaabc6af7adba01cbd00,riemann/tests/encoding/test_addresses.py::TestAddresses::test_make_p2wpkh_address,victim,0.095904273,../SAVE/test_make_p2wpkh_address_patch_1da28b28bdd9d582f8546c91f82001b3_.patch,1
riemann,0fda32e783487572c869aaabc6af7adba01cbd00,riemann/tests/encoding/test_addresses.py::TestAddresses::test_make_p2wsh_address,victim,0.100832766,../SAVE/test_make_p2wsh_address_patch_e2c8742cf90e1ea6cb45b9bada046a08_.patch,1
riemann,0fda32e783487572c869aaabc6af7adba01cbd00,riemann/tests/encoding/test_addresses.py::TestAddresses::test_parse,victim,0.108759641,../SAVE/test_parse_patch_7167b058185215dfc1f320cf095215f1_.patch,1
riemann,0fda32e783487572c869aaabc6af7adba01cbd00,riemann/tests/encoding/test_addresses.py::TestAddresses::test_parse_hash,victim,0.097653981,../SAVE/test_parse_hash_patch_3b498c4a29425da5e763677afdd6d137_.patch,1
riemann,0fda32e783487572c869aaabc6af7adba01cbd00,riemann/tests/encoding/test_addresses.py::TestAddresses::test_to_output_script,victim,0.103874766,../SAVE/test_to_output_script_patch_4391ab896f05d6d3f20c13a5c77a2089_.patch,1
riemann,0fda32e783487572c869aaabc6af7adba01cbd00,riemann/tests/test_simple.py::TestSimple::test_output,victim,0.098306155,../SAVE/test_output_patch_dd364bbb455a905fe1b8c3073593a8bf_.patch,1
riemann,0fda32e783487572c869aaabc6af7adba01cbd00,riemann/tests/test_simple.py::TestSimple::test_unsigned_legacy_tx,victim,0.09538775,../SAVE/test_unsigned_legacy_tx_patch_ade50b82069afb564769f6a2ee10c1e6_.patch,1
riemann,0fda32e783487572c869aaabc6af7adba01cbd00,riemann/tests/test_simple.py::TestSimple::test_unsigned_witness_tx,victim,0.099185421,../SAVE/test_unsigned_witness_tx_patch_be704dbb0dd07bc40c99297627eb3b56_.patch,1
riemann,0fda32e783487572c869aaabc6af7adba01cbd00,riemann/tests/tx/test_tx_builder.py::TestTxBuilder::test_make_p2wpkh_output,victim,0.102451631,../SAVE/test_make_p2wpkh_output_patch_af9cb9f2946bdf93859a182ab32d9b49_.patch,1
riemann,0fda32e783487572c869aaabc6af7adba01cbd00,riemann/tests/tx/test_tx_builder.py::TestTxBuilder::test_make_p2wpkh_output_script,victim,0.097276633,../SAVE/test_make_p2wpkh_output_script_patch_f7f899aa66e0d466ea2ac263c72be517_.patch,1
riemann,0fda32e783487572c869aaabc6af7adba01cbd00,riemann/tests/tx/test_tx_builder.py::TestTxBuilder::test_make_p2wsh_output,victim,0.099930674,../SAVE/test_make_p2wsh_output_patch_8c234f9569fbd99fe55a78b42280759c_.patch,1
riemann,0fda32e783487572c869aaabc6af7adba01cbd00,riemann/tests/tx/test_tx_builder.py::TestTxBuilder::test_make_p2wsh_output_script,victim,0.099701205,../SAVE/test_make_p2wsh_output_script_patch_21ec96072753d1f387c25b7ad44430ee_.patch,1
riemann,0fda32e783487572c869aaabc6af7adba01cbd00,riemann/tests/tx/test_tx_builder.py::TestTxBuilder::test_make_pkh_output_script,victim,0.104370822,../SAVE/test_make_pkh_output_script_patch_aa419abedd6154febb30db6e73f01749_.patch,1
riemann,0fda32e783487572c869aaabc6af7adba01cbd00,riemann/tests/tx/test_tx_builder.py::TestTxBuilder::test_make_sh_output_script,victim,0.106863339,../SAVE/test_make_sh_output_script_patch_33ce17520ec3241eda039b4ae043019d_.patch,1
